2026-05-26 09:48:36 +0000  Initial pipeline context: <IDEDistributionProcessingPipelineContext: 0xb3d997600; archive(resolved)="<IDEArchive: 0xb046785b0>", distributionTask(resolved)="2", distributionDestination(resolved)="1", distributionMethod(resolved)="<IDEDistributionMethodDevelopmentSigned: 0xb2a342c20>", team(resolved)="<IDEProvisioningDisambiguatableBasicTeam: 0xb2434fe40; teamID='5P7MCR7S32', teamName='Anytime Work Pte. Ltd.', teamType='Company', username='jh@anytimeanywork.com', isFreeProvisioningTeam='0'>">
	Chain (16, self inclusive):
	<IDEDistributionProcessingPipelineContext: 0xb3d997600; archive = "<IDEArchive: 0xb046785b0>", distributionMethod="<IDEDistributionMethodDevelopmentSigned: 0xb2a342c20>", team="<IDEProvisioningDisambiguatableBasicTeam: 0xb2434fe40; teamID='5P7MCR7S32', teamName='Anytime Work Pte. Ltd.', teamType='Company', username='jh@anytimeanywork.com', isFreeProvisioningTeam='0'>">
	<IDEDistributionProcessingPipelineContext: 0xb3d995500; archive = "<IDEArchive: 0xb046785b0>", distributionMethod="<IDEDistributionMethodDevelopmentSigned: 0xb2a342c20>", team="<IDEProvisioningDisambiguatableBasicTeam: 0xb2434fe40; teamID='5P7MCR7S32', teamName='Anytime Work Pte. Ltd.', teamType='Company', username='jh@anytimeanywork.com', isFreeProvisioningTeam='0'>">
	<IDEDistributionContext: 0xb2d710780; archive = "<IDEArchive: 0xb046785b0>", distributionMethod="<IDEDistributionMethodDevelopmentSigned: 0xb2a342c20>", team="<IDEProvisioningDisambiguatableBasicTeam: 0xb2434fe40; teamID='5P7MCR7S32', teamName='Anytime Work Pte. Ltd.', teamType='Company', username='jh@anytimeanywork.com', isFreeProvisioningTeam='0'>">
	<IDEDistributionContext: 0xb0554cc80; archive = "<IDEArchive: 0xb046785b0>", distributionMethod="<IDEDistributionMethodDevelopmentSigned: 0xb2a342c20>", team="<IDEProvisioningDisambiguatableBasicTeam: 0xb2434fe40; teamID='5P7MCR7S32', teamName='Anytime Work Pte. Ltd.', teamType='Company', username='jh@anytimeanywork.com', isFreeProvisioningTeam='0'>">
	<IDEDistributionContext: 0xb0554ef80; archive = "<IDEArchive: 0xb046785b0>", distributionMethod="<IDEDistributionMethodDevelopmentSigned: 0xb2a342c20>", team="<IDEProvisioningDisambiguatableBasicTeam: 0xb2434fe40; teamID='5P7MCR7S32', teamName='Anytime Work Pte. Ltd.', teamType='Company', username='jh@anytimeanywork.com', isFreeProvisioningTeam='0'>">
	<IDEDistributionContext: 0xb0554f200; archive = "<IDEArchive: 0xb046785b0>", distributionMethod="<IDEDistributionMethodDevelopmentSigned: 0xb2a342c20>", team="<IDEProvisioningDisambiguatableBasicTeam: 0xb2434fe40; teamID='5P7MCR7S32', teamName='Anytime Work Pte. Ltd.', teamType='Company', username='jh@anytimeanywork.com', isFreeProvisioningTeam='0'>">
	<IDEDistributionContext: 0xb0555de00; archive = "<IDEArchive: 0xb046785b0>", distributionMethod="<IDEDistributionMethodDevelopmentSigned: 0xb2a342c20>", team="<IDEProvisioningDisambiguatableBasicTeam: 0xb2434fe40; teamID='5P7MCR7S32', teamName='Anytime Work Pte. Ltd.', teamType='Company', username='jh@anytimeanywork.com', isFreeProvisioningTeam='0'>">
	<IDEDistributionContext: 0xb0559d680; archive = "<IDEArchive: 0xb046785b0>", distributionMethod="<IDEDistributionMethodDevelopmentSigned: 0xb2a342c20>", team="<IDEProvisioningDisambiguatableBasicTeam: 0xb2434fe40; teamID='5P7MCR7S32', teamName='Anytime Work Pte. Ltd.', teamType='Company', username='jh@anytimeanywork.com', isFreeProvisioningTeam='0'>">
	<IDEDistributionContext: 0xb01764f00; archive = "<IDEArchive: 0xb046785b0>", distributionMethod="<IDEDistributionMethodDevelopmentSigned: 0xb2a342c20>", team="<IDEProvisioningDisambiguatableBasicTeam: 0xb2434fe40; teamID='5P7MCR7S32', teamName='Anytime Work Pte. Ltd.', teamType='Company', username='jh@anytimeanywork.com', isFreeProvisioningTeam='0'>">
	<IDEDistributionContext: 0xb01766300; archive = "<IDEArchive: 0xb046785b0>", distributionMethod="<IDEDistributionMethodDevelopmentSigned: 0xb2a342c20>", team="(null)">
	<IDEDistributionContext: 0xb0554c000; archive = "<IDEArchive: 0xb046785b0>", distributionMethod="<IDEDistributionMethodDevelopmentSigned: 0xb2a342c20>", team="(null)">
	<IDEDistributionContext: 0xb0554c280; archive = "<IDEArchive: 0xb046785b0>", distributionMethod="<IDEDistributionMethodDevelopmentSigned: 0xb2a342c20>", team="(null)">
	<IDEDistributionContext: 0xb0554e300; archive = "<IDEArchive: 0xb046785b0>", distributionMethod="<IDEDistributionMethodDevelopmentSigned: 0xb2a342c20>", team="(null)">
	<IDEDistributionContext: 0xb0554fc00; archive = "<IDEArchive: 0xb046785b0>", distributionMethod="(null)", team="(null)">
	<IDEDistributionContext: 0xb27395b80; archive = "<IDEArchive: 0xb046785b0>", distributionMethod="(null)", team="(null)">
	<IDEDistributionContext: 0xb054cb700; archive = "<IDEArchive: 0xb046785b0>", distributionMethod="(null)", team="(null)">
</IDEDistributionProcessingPipelineContext: 0xb3d997600>
2026-05-26 09:48:36 +0000  Processing step: IDEDistributionCreateDestRootStep
2026-05-26 09:48:36 +0000  Processing step: IDEDistributionCopyItemStep
2026-05-26 09:48:36 +0000  Running /usr/bin/ditto '-V' '/Users/arbaz/Library/Developer/Xcode/Archives/2026-05-26/Any 26-05-26, 3.18 PM.xcarchive/Products/Applications/Any.app' '/var/folders/_m/2_1gbk9x14588s8nzfrq87sc0000gn/T/XcodeDistPipeline.~~~gOKcrU/Root/Payload/Any.app'
2026-05-26 09:48:36 +0000  >>> Copying /Users/arbaz/Library/Developer/Xcode/Archives/2026-05-26/Any 26-05-26, 3.18 PM.xcarchive/Products/Applications/Any.app 
2026-05-26 09:48:36 +0000  copying file ./_CodeSignature/CodeResources ... 
2026-05-26 09:48:36 +0000  382315 bytes for ./_CodeSignature/CodeResources
2026-05-26 09:48:36 +0000  copying file ./DateCollectionCell.nib ... 
2026-05-26 09:48:36 +0000  4813 bytes for ./DateCollectionCell.nib
2026-05-26 09:48:36 +0000  copying file ./WorkerShiftTimeCell.nib ... 
2026-05-26 09:48:36 +0000  6392 bytes for ./WorkerShiftTimeCell.nib
2026-05-26 09:48:36 +0000  copying file ./AllJobTypeCell.nib ... 
2026-05-26 09:48:36 +0000  4075 bytes for ./AllJobTypeCell.nib
2026-05-26 09:48:36 +0000  copying file ./Stripe_StripeConnect.bundle/de.lproj/Localizable.strings ... 
2026-05-26 09:48:36 +0000  199 bytes for ./Stripe_StripeConnect.bundle/de.lproj/Localizable.strings
2026-05-26 09:48:36 +0000  copying file ./Stripe_StripeConnect.bundle/lt-LT.lproj/Localizable.strings ... 
2026-05-26 09:48:36 +0000  159 bytes for ./Stripe_StripeConnect.bundle/lt-LT.lproj/Localizable.strings
2026-05-26 09:48:36 +0000  copying file ./Stripe_StripeConnect.bundle/zh-Hans.lproj/Localizable.strings ... 
2026-05-26 09:48:36 +0000  139 bytes for ./Stripe_StripeConnect.bundle/zh-Hans.lproj/Localizable.strings
2026-05-26 09:48:36 +0000  copying file ./Stripe_StripeConnect.bundle/ja.lproj/Localizable.strings ... 
2026-05-26 09:48:36 +0000  181 bytes for ./Stripe_StripeConnect.bundle/ja.lproj/Localizable.strings
2026-05-26 09:48:36 +0000  copying file ./Stripe_StripeConnect.bundle/el-GR.lproj/Localizable.strings ... 
2026-05-26 09:48:36 +0000  235 bytes for ./Stripe_StripeConnect.bundle/el-GR.lproj/Localizable.strings
2026-05-26 09:48:36 +0000  copying file ./Stripe_StripeConnect.bundle/ms-MY.lproj/Localizable.strings ... 
2026-05-26 09:48:36 +0000  177 bytes for ./Stripe_StripeConnect.bundle/ms-MY.lproj/Localizable.strings
2026-05-26 09:48:36 +0000  copying file ./Stripe_StripeConnect.bundle/en.lproj/Localizable.strings ... 
2026-05-26 09:48:36 +0000  342 bytes for ./Stripe_StripeConnect.bundle/en.lproj/Localizable.strings
2026-05-26 09:48:36 +0000  copying file ./Stripe_StripeConnect.bundle/zh-HK.lproj/Localizable.strings ... 
2026-05-26 09:48:36 +0000  139 bytes for ./Stripe_StripeConnect.bundle/zh-HK.lproj/Localizable.strings
2026-05-26 09:48:36 +0000  copying file ./Stripe_StripeConnect.bundle/mt.lproj/Localizable.strings ... 
2026-05-26 09:48:36 +0000  205 bytes for ./Stripe_StripeConnect.bundle/mt.lproj/Localizable.strings
2026-05-26 09:48:36 +0000  copying file ./Stripe_StripeConnect.bundle/nb.lproj/Localizable.strings ... 
2026-05-26 09:48:36 +0000  144 bytes for ./Stripe_StripeConnect.bundle/nb.lproj/Localizable.strings
2026-05-26 09:48:36 +0000  copying file ./Stripe_StripeConnect.bundle/ca-ES.lproj/Localizable.strings ... 
2026-05-26 09:48:36 +0000  165 bytes for ./Stripe_StripeConnect.bundle/ca-ES.lproj/Localizable.strings
2026-05-26 09:48:36 +0000  copying file ./Stripe_StripeConnect.bundle/en-GB.lproj/Localizable.strings ... 
2026-05-26 09:48:36 +0000  157 bytes for ./Stripe_StripeConnect.bundle/en-GB.lproj/Localizable.strings
2026-05-26 09:48:36 +0000  copying file ./Stripe_StripeConnect.bundle/es.lproj/Localizable.strings ... 
2026-05-26 09:48:36 +0000  176 bytes for ./Stripe_StripeConnect.bundle/es.lproj/Localizable.strings
2026-05-26 09:48:36 +0000  copying file ./Stripe_StripeConnect.bundle/da.lproj/Localizable.strings ... 
2026-05-26 09:48:36 +0000  155 bytes for ./Stripe_StripeConnect.bundle/da.lproj/Localizable.strings
2026-05-26 09:48:36 +0000  copying file ./Stripe_StripeConnect.bundle/es-419.lproj/Localizable.strings ... 
2026-05-26 09:48:36 +0000  171 bytes for ./Stripe_StripeConnect.bundle/es-419.lproj/Localizable.strings
2026-05-26 09:48:36 +0000  copying file ./Stripe_StripeConnect.bundle/it.lproj/Localizable.strings ... 
2026-05-26 09:48:36 +0000  162 bytes for ./Stripe_StripeConnect.bundle/it.lproj/Localizable.strings
2026-05-26 09:48:36 +0000  copying file ./Stripe_StripeConnect.bundle/fr-CA.lproj/Localizable.strings ... 
2026-05-26 09:48:36 +0000  171 bytes for ./Stripe_StripeConnect.bundle/fr-CA.lproj/Localizable.strings
2026-05-26 09:48:36 +0000  copying file ./Stripe_StripeConnect.bundle/bg-BG.lproj/Localizable.strings ... 
2026-05-26 09:48:36 +0000  218 bytes for ./Stripe_StripeConnect.bundle/bg-BG.lproj/Localizable.strings
2026-05-26 09:48:36 +0000  copying file ./Stripe_StripeConnect.bundle/sv.lproj/Localizable.strings ... 
2026-05-26 09:48:36 +0000  166 bytes for ./Stripe_StripeConnect.bundle/sv.lproj/Localizable.strings
2026-05-26 09:48:36 +0000  copying file ./Stripe_StripeConnect.bundle/ko.lproj/Localizable.strings ... 
2026-05-26 09:48:36 +0000  189 bytes for ./Stripe_StripeConnect.bundle/ko.lproj/Localizable.strings
2026-05-26 09:48:36 +0000  copying file ./Stripe_StripeConnect.bundle/fil.lproj/Localizable.strings ... 
2026-05-26 09:48:36 +0000  162 bytes for ./Stripe_StripeConnect.bundle/fil.lproj/Localizable.strings
2026-05-26 09:48:36 +0000  copying file ./Stripe_StripeConnect.bundle/zh-Hant.lproj/Localizable.strings ... 
2026-05-26 09:48:36 +0000  145 bytes for ./Stripe_StripeConnect.bundle/zh-Hant.lproj/Localizable.strings
2026-05-26 09:48:36 +0000  copying file ./Stripe_StripeConnect.bundle/ro-RO.lproj/Localizable.strings ... 
2026-05-26 09:48:36 +0000  186 bytes for ./Stripe_StripeConnect.bundle/ro-RO.lproj/Localizable.strings
2026-05-26 09:48:36 +0000  copying file ./Stripe_StripeConnect.bundle/hu.lproj/Localizable.strings ... 
2026-05-26 09:48:36 +0000  171 bytes for ./Stripe_StripeConnect.bundle/hu.lproj/Localizable.strings
2026-05-26 09:48:36 +0000  copying file ./Stripe_StripeConnect.bundle/tr.lproj/Localizable.strings ... 
2026-05-26 09:48:36 +0000  180 bytes for ./Stripe_StripeConnect.bundle/tr.lproj/Localizable.strings
2026-05-26 09:48:36 +0000  copying file ./Stripe_StripeConnect.bundle/et-EE.lproj/Localizable.strings ... 
2026-05-26 09:48:36 +0000  163 bytes for ./Stripe_StripeConnect.bundle/et-EE.lproj/Localizable.strings
2026-05-26 09:48:36 +0000  copying file ./Stripe_StripeConnect.bundle/pt-BR.lproj/Localizable.strings ... 
2026-05-26 09:48:36 +0000  157 bytes for ./Stripe_StripeConnect.bundle/pt-BR.lproj/Localizable.strings
2026-05-26 09:48:36 +0000  copying file ./Stripe_StripeConnect.bundle/lv-LV.lproj/Localizable.strings ... 
2026-05-26 09:48:36 +0000  174 bytes for ./Stripe_StripeConnect.bundle/lv-LV.lproj/Localizable.strings
2026-05-26 09:48:36 +0000  copying file ./Stripe_StripeConnect.bundle/vi.lproj/Localizable.strings ... 
2026-05-26 09:48:36 +0000  175 bytes for ./Stripe_StripeConnect.bundle/vi.lproj/Localizable.strings
2026-05-26 09:48:36 +0000  copying file ./Stripe_StripeConnect.bundle/ru.lproj/Localizable.strings ... 
2026-05-26 09:48:36 +0000  245 bytes for ./Stripe_StripeConnect.bundle/ru.lproj/Localizable.strings
2026-05-26 09:48:36 +0000  copying file ./Stripe_StripeConnect.bundle/cs-CZ.lproj/Localizable.strings ... 
2026-05-26 09:48:36 +0000  168 bytes for ./Stripe_StripeConnect.bundle/cs-CZ.lproj/Localizable.strings
2026-05-26 09:48:36 +0000  copying file ./Stripe_StripeConnect.bundle/sk-SK.lproj/Localizable.strings ... 
2026-05-26 09:48:36 +0000  156 bytes for ./Stripe_StripeConnect.bundle/sk-SK.lproj/Localizable.strings
2026-05-26 09:48:36 +0000  copying file ./Stripe_StripeConnect.bundle/sl-SI.lproj/Localizable.strings ... 
2026-05-26 09:48:36 +0000  163 bytes for ./Stripe_StripeConnect.bundle/sl-SI.lproj/Localizable.strings
2026-05-26 09:48:36 +0000  copying file ./Stripe_StripeConnect.bundle/fr.lproj/Localizable.strings ... 
2026-05-26 09:48:36 +0000  171 bytes for ./Stripe_StripeConnect.bundle/fr.lproj/Localizable.strings
2026-05-26 09:48:36 +0000  copying file ./Stripe_StripeConnect.bundle/fi.lproj/Localizable.strings ... 
2026-05-26 09:48:36 +0000  154 bytes for ./Stripe_StripeConnect.bundle/fi.lproj/Localizable.strings
2026-05-26 09:48:36 +0000  copying file ./Stripe_StripeConnect.bundle/id.lproj/Localizable.strings ... 
2026-05-26 09:48:36 +0000  148 bytes for ./Stripe_StripeConnect.bundle/id.lproj/Localizable.strings
2026-05-26 09:48:36 +0000  copying file ./Stripe_StripeConnect.bundle/nl.lproj/Localizable.strings ... 
2026-05-26 09:48:36 +0000  163 bytes for ./Stripe_StripeConnect.bundle/nl.lproj/Localizable.strings
2026-05-26 09:48:36 +0000  copying file ./Stripe_StripeConnect.bundle/th.lproj/Localizable.strings ... 
2026-05-26 09:48:36 +0000  295 bytes for ./Stripe_StripeConnect.bundle/th.lproj/Localizable.strings
2026-05-26 09:48:36 +0000  copying file ./Stripe_StripeConnect.bundle/pl-PL.lproj/Localizable.strings ... 
2026-05-26 09:48:36 +0000  169 bytes for ./Stripe_StripeConnect.bundle/pl-PL.lproj/Localizable.strings
2026-05-26 09:48:36 +0000  copying file ./Stripe_StripeConnect.bundle/pt-PT.lproj/Localizable.strings ... 
2026-05-26 09:48:36 +0000  159 bytes for ./Stripe_StripeConnect.bundle/pt-PT.lproj/Localizable.strings
2026-05-26 09:48:36 +0000  copying file ./Stripe_StripeConnect.bundle/Info.plist ... 
2026-05-26 09:48:36 +0000  693 bytes for ./Stripe_StripeConnect.bundle/Info.plist
2026-05-26 09:48:36 +0000  copying file ./Stripe_StripeConnect.bundle/hr.lproj/Localizable.strings ... 
2026-05-26 09:48:36 +0000  164 bytes for ./Stripe_StripeConnect.bundle/hr.lproj/Localizable.strings
2026-05-26 09:48:36 +0000  copying file ./PreviousWorkerCell.nib ... 
2026-05-26 09:48:36 +0000  6699 bytes for ./PreviousWorkerCell.nib
2026-05-26 09:48:36 +0000  copying file ./ClientListCell.nib ... 
2026-05-26 09:48:36 +0000  8131 bytes for ./ClientListCell.nib
2026-05-26 09:48:36 +0000  copying file ./Stripe_StripePaymentsUI.bundle/de.lproj/Localizable.strings ... 
2026-05-26 09:48:36 +0000  2055 bytes for ./Stripe_StripePaymentsUI.bundle/de.lproj/Localizable.strings
2026-05-26 09:48:36 +0000  copying file ./Stripe_StripePaymentsUI.bundle/lt-LT.lproj/Localizable.strings ... 
2026-05-26 09:48:36 +0000  2170 bytes for ./Stripe_StripePaymentsUI.bundle/lt-LT.lproj/Localizable.strings
2026-05-26 09:48:36 +0000  copying file ./Stripe_StripePaymentsUI.bundle/zh-Hans.lproj/Localizable.strings ... 
2026-05-26 09:48:36 +0000  1938 bytes for ./Stripe_StripePaymentsUI.bundle/zh-Hans.lproj/Localizable.strings
2026-05-26 09:48:36 +0000  copying file ./Stripe_StripePaymentsUI.bundle/ja.lproj/Localizable.strings ... 
2026-05-26 09:48:36 +0000  2286 bytes for ./Stripe_StripePaymentsUI.bundle/ja.lproj/Localizable.strings
2026-05-26 09:48:36 +0000  copying file ./Stripe_StripePaymentsUI.bundle/el-GR.lproj/Localizable.strings ... 
2026-05-26 09:48:36 +0000  3051 bytes for ./Stripe_StripePaymentsUI.bundle/el-GR.lproj/Localizable.strings
2026-05-26 09:48:36 +0000  copying file ./Stripe_StripePaymentsUI.bundle/ms-MY.lproj/Localizable.strings ... 
2026-05-26 09:48:36 +0000  1973 bytes for ./Stripe_StripePaymentsUI.bundle/ms-MY.lproj/Localizable.strings
2026-05-26 09:48:36 +0000  copying file ./Stripe_StripePaymentsUI.bundle/en.lproj/Localizable.strings ... 
2026-05-26 09:48:36 +0000  4523 bytes for ./Stripe_StripePaymentsUI.bundle/en.lproj/Localizable.strings
2026-05-26 09:48:36 +0000  copying file ./Stripe_StripePaymentsUI.bundle/zh-HK.lproj/Localizable.strings ... 
2026-05-26 09:48:36 +0000  1947 bytes for ./Stripe_StripePaymentsUI.bundle/zh-HK.lproj/Localizable.strings
2026-05-26 09:48:36 +0000  copying file ./Stripe_StripePaymentsUI.bundle/mt.lproj/Localizable.strings ... 
2026-05-26 09:48:36 +0000  2230 bytes for ./Stripe_StripePaymentsUI.bundle/mt.lproj/Localizable.strings
2026-05-26 09:48:36 +0000  copying file ./Stripe_StripePaymentsUI.bundle/nb.lproj/Localizable.strings ... 
2026-05-26 09:48:36 +0000  1940 bytes for ./Stripe_StripePaymentsUI.bundle/nb.lproj/Localizable.strings
2026-05-26 09:48:36 +0000  copying file ./Stripe_StripePaymentsUI.bundle/ca-ES.lproj/Localizable.strings ... 
2026-05-26 09:48:36 +0000  2201 bytes for ./Stripe_StripePaymentsUI.bundle/ca-ES.lproj/Localizable.strings
2026-05-26 09:48:36 +0000  copying file ./Stripe_StripePaymentsUI.bundle/en-GB.lproj/Localizable.strings ... 
2026-05-26 09:48:36 +0000  1936 bytes for ./Stripe_StripePaymentsUI.bundle/en-GB.lproj/Localizable.strings
2026-05-26 09:48:36 +0000  copying file ./Stripe_StripePaymentsUI.bundle/es.lproj/Localizable.strings ... 
2026-05-26 09:48:36 +0000  2171 bytes for ./Stripe_StripePaymentsUI.bundle/es.lproj/Localizable.strings
2026-05-26 09:48:36 +0000  copying file ./Stripe_StripePaymentsUI.bundle/da.lproj/Localizable.strings ... 
2026-05-26 09:48:36 +0000  1934 bytes for ./Stripe_StripePaymentsUI.bundle/da.lproj/Localizable.strings
2026-05-26 09:48:36 +0000  copying file ./Stripe_StripePaymentsUI.bundle/es-419.lproj/Localizable.strings ... 
2026-05-26 09:48:36 +0000  2175 bytes for ./Stripe_StripePaymentsUI.bundle/es-419.lproj/Localizable.strings
2026-05-26 09:48:36 +0000  copying file ./Stripe_StripePaymentsUI.bundle/au_becs_bsb.json ... 
2026-05-26 09:48:36 +0000  7696 bytes for ./Stripe_StripePaymentsUI.bundle/au_becs_bsb.json
2026-05-26 09:48:36 +0000  copying file ./Stripe_StripePaymentsUI.bundle/it.lproj/Localizable.strings ... 
2026-05-26 09:48:36 +0000  2143 bytes for ./Stripe_StripePaymentsUI.bundle/it.lproj/Localizable.strings
2026-05-26 09:48:36 +0000  copying file ./Stripe_StripePaymentsUI.bundle/fr-CA.lproj/Localizable.strings ... 
2026-05-26 09:48:36 +0000  2220 bytes for ./Stripe_StripePaymentsUI.bundle/fr-CA.lproj/Localizable.strings
2026-05-26 09:48:36 +0000  copying file ./Stripe_StripePaymentsUI.bundle/bg-BG.lproj/Localizable.strings ... 
2026-05-26 09:48:36 +0000  2778 bytes for ./Stripe_StripePaymentsUI.bundle/bg-BG.lproj/Localizable.strings
2026-05-26 09:48:36 +0000  copying file ./Stripe_StripePaymentsUI.bundle/sv.lproj/Localizable.strings ... 
2026-05-26 09:48:36 +0000  1973 bytes for ./Stripe_StripePaymentsUI.bundle/sv.lproj/Localizable.strings
2026-05-26 09:48:36 +0000  copying file ./Stripe_StripePaymentsUI.bundle/ko.lproj/Localizable.strings ... 
2026-05-26 09:48:36 +0000  2143 bytes for ./Stripe_StripePaymentsUI.bundle/ko.lproj/Localizable.strings
2026-05-26 09:48:36 +0000  copying file ./Stripe_StripePaymentsUI.bundle/fil.lproj/Localizable.strings ... 
2026-05-26 09:48:36 +0000  2138 bytes for ./Stripe_StripePaymentsUI.bundle/fil.lproj/Localizable.strings
2026-05-26 09:48:36 +0000  copying file ./Stripe_StripePaymentsUI.bundle/zh-Hant.lproj/Localizable.strings ... 
2026-05-26 09:48:36 +0000  1911 bytes for ./Stripe_StripePaymentsUI.bundle/zh-Hant.lproj/Localizable.strings
2026-05-26 09:48:36 +0000  copying file ./Stripe_StripePaymentsUI.bundle/tk.lproj/Localizable.strings ... 
2026-05-26 09:48:36 +0000  0 bytes for ./Stripe_StripePaymentsUI.bundle/tk.lproj/Localizable.strings
2026-05-26 09:48:36 +0000  copying file ./Stripe_StripePaymentsUI.bundle/ro-RO.lproj/Localizable.strings ... 
2026-05-26 09:48:36 +0000  2111 bytes for ./Stripe_StripePaymentsUI.bundle/ro-RO.lproj/Localizable.strings
2026-05-26 09:48:36 +0000  copying file ./Stripe_StripePaymentsUI.bundle/hu.lproj/Localizable.strings ... 
2026-05-26 09:48:36 +0000  2072 bytes for ./Stripe_StripePaymentsUI.bundle/hu.lproj/Localizable.strings
2026-05-26 09:48:36 +0000  copying file ./Stripe_StripePaymentsUI.bundle/Assets.car ... 
2026-05-26 09:48:36 +0000  340968 bytes for ./Stripe_StripePaymentsUI.bundle/Assets.car
2026-05-26 09:48:36 +0000  copying file ./Stripe_StripePaymentsUI.bundle/tr.lproj/Localizable.strings ... 
2026-05-26 09:48:36 +0000  2001 bytes for ./Stripe_StripePaymentsUI.bundle/tr.lproj/Localizable.strings
2026-05-26 09:48:36 +0000  copying file ./Stripe_StripePaymentsUI.bundle/et-EE.lproj/Localizable.strings ... 
2026-05-26 09:48:36 +0000  1907 bytes for ./Stripe_StripePaymentsUI.bundle/et-EE.lproj/Localizable.strings
2026-05-26 09:48:36 +0000  copying file ./Stripe_StripePaymentsUI.bundle/pt-BR.lproj/Localizable.strings ... 
2026-05-26 09:48:36 +0000  1973 bytes for ./Stripe_StripePaymentsUI.bundle/pt-BR.lproj/Localizable.strings
2026-05-26 09:48:36 +0000  copying file ./Stripe_StripePaymentsUI.bundle/lv-LV.lproj/Localizable.strings ... 
2026-05-26 09:48:36 +0000  2078 bytes for ./Stripe_StripePaymentsUI.bundle/lv-LV.lproj/Localizable.strings
2026-05-26 09:48:36 +0000  copying file ./Stripe_StripePaymentsUI.bundle/vi.lproj/Localizable.strings ... 
2026-05-26 09:48:36 +0000  2234 bytes for ./Stripe_StripePaymentsUI.bundle/vi.lproj/Localizable.strings
2026-05-26 09:48:36 +0000  copying file ./Stripe_StripePaymentsUI.bundle/ru.lproj/Localizable.strings ... 
2026-05-26 09:48:36 +0000  2786 bytes for ./Stripe_StripePaymentsUI.bundle/ru.lproj/Localizable.strings
2026-05-26 09:48:36 +0000  copying file ./Stripe_StripePaymentsUI.bundle/cs-CZ.lproj/Localizable.strings ... 
2026-05-26 09:48:36 +0000  2071 bytes for ./Stripe_StripePaymentsUI.bundle/cs-CZ.lproj/Localizable.strings
2026-05-26 09:48:36 +0000  copying file ./Stripe_StripePaymentsUI.bundle/sk-SK.lproj/Localizable.strings ... 
2026-05-26 09:48:36 +0000  2161 bytes for ./Stripe_StripePaymentsUI.bundle/sk-SK.lproj/Localizable.strings
2026-05-26 09:48:36 +0000  copying file ./Stripe_StripePaymentsUI.bundle/sl-SI.lproj/Localizable.strings ... 
2026-05-26 09:48:36 +0000  2109 bytes for ./Stripe_StripePaymentsUI.bundle/sl-SI.lproj/Localizable.strings
2026-05-26 09:48:36 +0000  copying file ./Stripe_StripePaymentsUI.bundle/fr.lproj/Localizable.strings ... 
2026-05-26 09:48:36 +0000  2318 bytes for ./Stripe_StripePaymentsUI.bundle/fr.lproj/Localizable.strings
2026-05-26 09:48:36 +0000  copying file ./Stripe_StripePaymentsUI.bundle/fi.lproj/Localizable.strings ... 
2026-05-26 09:48:36 +0000  1993 bytes for ./Stripe_StripePaymentsUI.bundle/fi.lproj/Localizable.strings
2026-05-26 09:48:36 +0000  copying file ./Stripe_StripePaymentsUI.bundle/id.lproj/Localizable.strings ... 
2026-05-26 09:48:36 +0000  2021 bytes for ./Stripe_StripePaymentsUI.bundle/id.lproj/Localizable.strings
2026-05-26 09:48:36 +0000  copying file ./Stripe_StripePaymentsUI.bundle/nl.lproj/Localizable.strings ... 
2026-05-26 09:48:36 +0000  2029 bytes for ./Stripe_StripePaymentsUI.bundle/nl.lproj/Localizable.strings
2026-05-26 09:48:36 +0000  copying file ./Stripe_StripePaymentsUI.bundle/th.lproj/Localizable.strings ... 
2026-05-26 09:48:36 +0000  3219 bytes for ./Stripe_StripePaymentsUI.bundle/th.lproj/Localizable.strings
2026-05-26 09:48:36 +0000  copying file ./Stripe_StripePaymentsUI.bundle/pl-PL.lproj/Localizable.strings ... 
2026-05-26 09:48:36 +0000  2089 bytes for ./Stripe_StripePaymentsUI.bundle/pl-PL.lproj/Localizable.strings
2026-05-26 09:48:36 +0000  copying file ./Stripe_StripePaymentsUI.bundle/pt-PT.lproj/Localizable.strings ... 
2026-05-26 09:48:36 +0000  2124 bytes for ./Stripe_StripePaymentsUI.bundle/pt-PT.lproj/Localizable.strings
2026-05-26 09:48:36 +0000  copying file ./Stripe_StripePaymentsUI.bundle/Info.plist ... 
2026-05-26 09:48:36 +0000  699 bytes for ./Stripe_StripePaymentsUI.bundle/Info.plist
2026-05-26 09:48:36 +0000  copying file ./Stripe_StripePaymentsUI.bundle/hr.lproj/Localizable.strings ... 
2026-05-26 09:48:36 +0000  2057 bytes for ./Stripe_StripePaymentsUI.bundle/hr.lproj/Localizable.strings
2026-05-26 09:48:36 +0000  copying file ./WorkerDtCell.nib ... 
2026-05-26 09:48:36 +0000  4610 bytes for ./WorkerDtCell.nib
2026-05-26 09:48:36 +0000  copying file ./AppIcon60x60@2x.png ... 
2026-05-26 09:48:36 +0000  2930 bytes for ./AppIcon60x60@2x.png
2026-05-26 09:48:36 +0000  copying file ./TopBar.nib ... 
2026-05-26 09:48:36 +0000  9163 bytes for ./TopBar.nib
2026-05-26 09:48:36 +0000  copying file ./DateWiseCell.nib ... 
2026-05-26 09:48:36 +0000  4526 bytes for ./DateWiseCell.nib
2026-05-26 09:48:36 +0000  copying file ./Stripe_Stripe3DS2.bundle/de.lproj/Localizable.strings ... 
2026-05-26 09:48:36 +0000  1591 bytes for ./Stripe_Stripe3DS2.bundle/de.lproj/Localizable.strings
2026-05-26 09:48:36 +0000  copying file ./Stripe_Stripe3DS2.bundle/lt-LT.lproj/Localizable.strings ... 
2026-05-26 09:48:36 +0000  1775 bytes for ./Stripe_Stripe3DS2.bundle/lt-LT.lproj/Localizable.strings
2026-05-26 09:48:36 +0000  copying file ./Stripe_Stripe3DS2.bundle/zh-Hans.lproj/Localizable.strings ... 
2026-05-26 09:48:36 +0000  1483 bytes for ./Stripe_Stripe3DS2.bundle/zh-Hans.lproj/Localizable.strings
2026-05-26 09:48:36 +0000  copying file ./Stripe_Stripe3DS2.bundle/ja.lproj/Localizable.strings ... 
2026-05-26 09:48:36 +0000  1673 bytes for ./Stripe_Stripe3DS2.bundle/ja.lproj/Localizable.strings
2026-05-26 09:48:36 +0000  copying file ./Stripe_Stripe3DS2.bundle/el-GR.lproj/Localizable.strings ... 
2026-05-26 09:48:36 +0000  1775 bytes for ./Stripe_Stripe3DS2.bundle/el-GR.lproj/Localizable.strings
2026-05-26 09:48:36 +0000  copying file ./Stripe_Stripe3DS2.bundle/ms-MY.lproj/Localizable.strings ... 
2026-05-26 09:48:36 +0000  1775 bytes for ./Stripe_Stripe3DS2.bundle/ms-MY.lproj/Localizable.strings
2026-05-26 09:48:36 +0000  copying file ./Stripe_Stripe3DS2.bundle/en.lproj/Localizable.strings ... 
2026-05-26 09:48:36 +0000  1775 bytes for ./Stripe_Stripe3DS2.bundle/en.lproj/Localizable.strings
2026-05-26 09:48:36 +0000  copying file ./Stripe_Stripe3DS2.bundle/zh-HK.lproj/Localizable.strings ... 
2026-05-26 09:48:36 +0000  1470 bytes for ./Stripe_Stripe3DS2.bundle/zh-HK.lproj/Localizable.strings
2026-05-26 09:48:36 +0000  copying file ./Stripe_Stripe3DS2.bundle/mt.lproj/Localizable.strings ... 
2026-05-26 09:48:36 +0000  1598 bytes for ./Stripe_Stripe3DS2.bundle/mt.lproj/Localizable.strings
2026-05-26 09:48:36 +0000  copying file ./Stripe_Stripe3DS2.bundle/nb.lproj/Localizable.strings ... 
2026-05-26 09:48:36 +0000  1479 bytes for ./Stripe_Stripe3DS2.bundle/nb.lproj/Localizable.strings
2026-05-26 09:48:36 +0000  copying file ./Stripe_Stripe3DS2.bundle/ca-ES.lproj/Localizable.strings ... 
2026-05-26 09:48:36 +0000  1775 bytes for ./Stripe_Stripe3DS2.bundle/ca-ES.lproj/Localizable.strings
2026-05-26 09:48:36 +0000  copying file ./Stripe_Stripe3DS2.bundle/en-GB.lproj/Localizable.strings ... 
2026-05-26 09:48:36 +0000  1511 bytes for ./Stripe_Stripe3DS2.bundle/en-GB.lproj/Localizable.strings
2026-05-26 09:48:36 +0000  copying file ./Stripe_Stripe3DS2.bundle/es.lproj/Localizable.strings ... 
2026-05-26 09:48:36 +0000  1570 bytes for ./Stripe_Stripe3DS2.bundle/es.lproj/Localizable.strings
2026-05-26 09:48:36 +0000  copying file ./Stripe_Stripe3DS2.bundle/da.lproj/Localizable.strings ... 
2026-05-26 09:48:36 +0000  1530 bytes for ./Stripe_Stripe3DS2.bundle/da.lproj/Localizable.strings
2026-05-26 09:48:36 +0000  copying file ./Stripe_Stripe3DS2.bundle/es-419.lproj/Localizable.strings ... 
2026-05-26 09:48:36 +0000  1570 bytes for ./Stripe_Stripe3DS2.bundle/es-419.lproj/Localizable.strings
2026-05-26 09:48:36 +0000  copying file ./Stripe_Stripe3DS2.bundle/it.lproj/Localizable.strings ... 
2026-05-26 09:48:36 +0000  1584 bytes for ./Stripe_Stripe3DS2.bundle/it.lproj/Localizable.strings
2026-05-26 09:48:36 +0000  copying file ./Stripe_Stripe3DS2.bundle/fr-CA.lproj/Localizable.strings ... 
2026-05-26 09:48:36 +0000  1599 bytes for ./Stripe_Stripe3DS2.bundle/fr-CA.lproj/Localizable.strings
2026-05-26 09:48:36 +0000  copying file ./Stripe_Stripe3DS2.bundle/bg-BG.lproj/Localizable.strings ... 
2026-05-26 09:48:36 +0000  1775 bytes for ./Stripe_Stripe3DS2.bundle/bg-BG.lproj/Localizable.strings
2026-05-26 09:48:36 +0000  copying file ./Stripe_Stripe3DS2.bundle/sv.lproj/Localizable.strings ... 
2026-05-26 09:48:36 +0000  1490 bytes for ./Stripe_Stripe3DS2.bundle/sv.lproj/Localizable.strings
2026-05-26 09:48:36 +0000  copying file ./Stripe_Stripe3DS2.bundle/ko.lproj/Localizable.strings ... 
2026-05-26 09:48:36 +0000  1585 bytes for ./Stripe_Stripe3DS2.bundle/ko.lproj/Localizable.strings
2026-05-26 09:48:36 +0000  copying file ./Stripe_Stripe3DS2.bundle/fil.lproj/Localizable.strings ... 
2026-05-26 09:48:36 +0000  1775 bytes for ./Stripe_Stripe3DS2.bundle/fil.lproj/Localizable.strings
2026-05-26 09:48:36 +0000  copying file ./Stripe_Stripe3DS2.bundle/zh-Hant.lproj/Localizable.strings ... 
2026-05-26 09:48:36 +0000  1473 bytes for ./Stripe_Stripe3DS2.bundle/zh-Hant.lproj/Localizable.strings
2026-05-26 09:48:36 +0000  copying file ./Stripe_Stripe3DS2.bundle/ro-RO.lproj/Localizable.strings ... 
2026-05-26 09:48:36 +0000  1775 bytes for ./Stripe_Stripe3DS2.bundle/ro-RO.lproj/Localizable.strings
2026-05-26 09:48:36 +0000  copying file ./Stripe_Stripe3DS2.bundle/hu.lproj/Localizable.strings ... 
2026-05-26 09:48:36 +0000  1542 bytes for ./Stripe_Stripe3DS2.bundle/hu.lproj/Localizable.strings
2026-05-26 09:48:36 +0000  copying file ./Stripe_Stripe3DS2.bundle/Assets.car ... 
2026-05-26 09:48:36 +0000  107032 bytes for ./Stripe_Stripe3DS2.bundle/Assets.car
2026-05-26 09:48:36 +0000  copying file ./Stripe_Stripe3DS2.bundle/tr.lproj/Localizable.strings ... 
2026-05-26 09:48:36 +0000  1566 bytes for ./Stripe_Stripe3DS2.bundle/tr.lproj/Localizable.strings
2026-05-26 09:48:36 +0000  copying file ./Stripe_Stripe3DS2.bundle/et-EE.lproj/Localizable.strings ... 
2026-05-26 09:48:36 +0000  1775 bytes for ./Stripe_Stripe3DS2.bundle/et-EE.lproj/Localizable.strings
2026-05-26 09:48:36 +0000  copying file ./Stripe_Stripe3DS2.bundle/pt-BR.lproj/Localizable.strings ... 
2026-05-26 09:48:36 +0000  1564 bytes for ./Stripe_Stripe3DS2.bundle/pt-BR.lproj/Localizable.strings
2026-05-26 09:48:36 +0000  copying file ./Stripe_Stripe3DS2.bundle/lv-LV.lproj/Localizable.strings ... 
2026-05-26 09:48:36 +0000  1775 bytes for ./Stripe_Stripe3DS2.bundle/lv-LV.lproj/Localizable.strings
2026-05-26 09:48:36 +0000  copying file ./Stripe_Stripe3DS2.bundle/vi.lproj/Localizable.strings ... 
2026-05-26 09:48:36 +0000  1775 bytes for ./Stripe_Stripe3DS2.bundle/vi.lproj/Localizable.strings
2026-05-26 09:48:36 +0000  copying file ./Stripe_Stripe3DS2.bundle/PrivacyInfo.xcprivacy ... 
2026-05-26 09:48:36 +0000  972 bytes for ./Stripe_Stripe3DS2.bundle/PrivacyInfo.xcprivacy
2026-05-26 09:48:36 +0000  copying file ./Stripe_Stripe3DS2.bundle/ru.lproj/Localizable.strings ... 
2026-05-26 09:48:36 +0000  1956 bytes for ./Stripe_Stripe3DS2.bundle/ru.lproj/Localizable.strings
2026-05-26 09:48:36 +0000  copying file ./Stripe_Stripe3DS2.bundle/cs-CZ.lproj/Localizable.strings ... 
2026-05-26 09:48:36 +0000  1775 bytes for ./Stripe_Stripe3DS2.bundle/cs-CZ.lproj/Localizable.strings
2026-05-26 09:48:36 +0000  copying file ./Stripe_Stripe3DS2.bundle/sk-SK.lproj/Localizable.strings ... 
2026-05-26 09:48:36 +0000  1775 bytes for ./Stripe_Stripe3DS2.bundle/sk-SK.lproj/Localizable.strings
2026-05-26 09:48:36 +0000  copying file ./Stripe_Stripe3DS2.bundle/sl-SI.lproj/Localizable.strings ... 
2026-05-26 09:48:36 +0000  1775 bytes for ./Stripe_Stripe3DS2.bundle/sl-SI.lproj/Localizable.strings
2026-05-26 09:48:36 +0000  copying file ./Stripe_Stripe3DS2.bundle/fr.lproj/Localizable.strings ... 
2026-05-26 09:48:36 +0000  1597 bytes for ./Stripe_Stripe3DS2.bundle/fr.lproj/Localizable.strings
2026-05-26 09:48:36 +0000  copying file ./Stripe_Stripe3DS2.bundle/fi.lproj/Localizable.strings ... 
2026-05-26 09:48:36 +0000  1589 bytes for ./Stripe_Stripe3DS2.bundle/fi.lproj/Localizable.strings
2026-05-26 09:48:36 +0000  copying file ./Stripe_Stripe3DS2.bundle/id.lproj/Localizable.strings ... 
2026-05-26 09:48:36 +0000  1775 bytes for ./Stripe_Stripe3DS2.bundle/id.lproj/Localizable.strings
2026-05-26 09:48:36 +0000  copying file ./Stripe_Stripe3DS2.bundle/nl.lproj/Localizable.strings ... 
2026-05-26 09:48:36 +0000  1603 bytes for ./Stripe_Stripe3DS2.bundle/nl.lproj/Localizable.strings
2026-05-26 09:48:36 +0000  copying file ./Stripe_Stripe3DS2.bundle/pl-PL.lproj/Localizable.strings ... 
2026-05-26 09:48:36 +0000  1775 bytes for ./Stripe_Stripe3DS2.bundle/pl-PL.lproj/Localizable.strings
2026-05-26 09:48:36 +0000  copying file ./Stripe_Stripe3DS2.bundle/pt-PT.lproj/Localizable.strings ... 
2026-05-26 09:48:36 +0000  1592 bytes for ./Stripe_Stripe3DS2.bundle/pt-PT.lproj/Localizable.strings
2026-05-26 09:48:36 +0000  copying file ./Stripe_Stripe3DS2.bundle/Info.plist ... 
2026-05-26 09:48:36 +0000  687 bytes for ./Stripe_Stripe3DS2.bundle/Info.plist
2026-05-26 09:48:36 +0000  copying file ./Stripe_Stripe3DS2.bundle/hr.lproj/Localizable.strings ... 
2026-05-26 09:48:36 +0000  1775 bytes for ./Stripe_Stripe3DS2.bundle/hr.lproj/Localizable.strings
2026-05-26 09:48:36 +0000  copying file ./AddOutletCell.nib ... 
2026-05-26 09:48:36 +0000  6530 bytes for ./AddOutletCell.nib
2026-05-26 09:48:36 +0000  copying file ./Stripe_StripeCardScan.bundle/de.lproj/Localizable.strings ... 
2026-05-26 09:48:36 +0000  356 bytes for ./Stripe_StripeCardScan.bundle/de.lproj/Localizable.strings
2026-05-26 09:48:36 +0000  copying file ./Stripe_StripeCardScan.bundle/lt-LT.lproj/Localizable.strings ... 
2026-05-26 09:48:36 +0000  357 bytes for ./Stripe_StripeCardScan.bundle/lt-LT.lproj/Localizable.strings
2026-05-26 09:48:36 +0000  copying file ./Stripe_StripeCardScan.bundle/zh-Hans.lproj/Localizable.strings ... 
2026-05-26 09:48:36 +0000  301 bytes for ./Stripe_StripeCardScan.bundle/zh-Hans.lproj/Localizable.strings
2026-05-26 09:48:36 +0000  copying file ./Stripe_StripeCardScan.bundle/ja.lproj/Localizable.strings ... 
2026-05-26 09:48:36 +0000  406 bytes for ./Stripe_StripeCardScan.bundle/ja.lproj/Localizable.strings
2026-05-26 09:48:36 +0000  copying file ./Stripe_StripeCardScan.bundle/el-GR.lproj/Localizable.strings ... 
2026-05-26 09:48:36 +0000  555 bytes for ./Stripe_StripeCardScan.bundle/el-GR.lproj/Localizable.strings
2026-05-26 09:48:36 +0000  copying file ./Stripe_StripeCardScan.bundle/ms-MY.lproj/Localizable.strings ... 
2026-05-26 09:48:36 +0000  334 bytes for ./Stripe_StripeCardScan.bundle/ms-MY.lproj/Localizable.strings
2026-05-26 09:48:36 +0000  copying file ./Stripe_StripeCardScan.bundle/SSDOcr.mlmodelc/model.espresso.shape ... 
2026-05-26 09:48:36 +0000  9325 bytes for ./Stripe_StripeCardScan.bundle/SSDOcr.mlmodelc/model.espresso.shape
2026-05-26 09:48:36 +0000  copying file ./Stripe_StripeCardScan.bundle/SSDOcr.mlmodelc/model.espresso.net ... 
2026-05-26 09:48:36 +0000  49321 bytes for ./Stripe_StripeCardScan.bundle/SSDOcr.mlmodelc/model.espresso.net
2026-05-26 09:48:36 +0000  copying file ./Stripe_StripeCardScan.bundle/SSDOcr.mlmodelc/metadata.json ... 
2026-05-26 09:48:36 +0000  2539 bytes for ./Stripe_StripeCardScan.bundle/SSDOcr.mlmodelc/metadata.json
2026-05-26 09:48:36 +0000  copying file ./Stripe_StripeCardScan.bundle/SSDOcr.mlmodelc/model.espresso.weights ... 
2026-05-26 09:48:36 +0000  1653056 bytes for ./Stripe_StripeCardScan.bundle/SSDOcr.mlmodelc/model.espresso.weights
2026-05-26 09:48:36 +0000  copying file ./Stripe_StripeCardScan.bundle/SSDOcr.mlmodelc/model/coremldata.bin ... 
2026-05-26 09:48:36 +0000  168 bytes for ./Stripe_StripeCardScan.bundle/SSDOcr.mlmodelc/model/coremldata.bin
2026-05-26 09:48:36 +0000  copying file ./Stripe_StripeCardScan.bundle/SSDOcr.mlmodelc/neural_network_optionals/coremldata.bin ... 
2026-05-26 09:48:36 +0000  40 bytes for ./Stripe_StripeCardScan.bundle/SSDOcr.mlmodelc/neural_network_optionals/coremldata.bin
2026-05-26 09:48:36 +0000  copying file ./Stripe_StripeCardScan.bundle/SSDOcr.mlmodelc/coremldata.bin ... 
2026-05-26 09:48:36 +0000  589 bytes for ./Stripe_StripeCardScan.bundle/SSDOcr.mlmodelc/coremldata.bin
2026-05-26 09:48:36 +0000  copying file ./Stripe_StripeCardScan.bundle/SSDOcr.mlmodelc/analytics/coremldata.bin ... 
2026-05-26 09:48:36 +0000  438 bytes for ./Stripe_StripeCardScan.bundle/SSDOcr.mlmodelc/analytics/coremldata.bin
2026-05-26 09:48:36 +0000  copying file ./Stripe_StripeCardScan.bundle/en.lproj/Localizable.strings ... 
2026-05-26 09:48:36 +0000  654 bytes for ./Stripe_StripeCardScan.bundle/en.lproj/Localizable.strings
2026-05-26 09:48:36 +0000  copying file ./Stripe_StripeCardScan.bundle/zh-HK.lproj/Localizable.strings ... 
2026-05-26 09:48:36 +0000  298 bytes for ./Stripe_StripeCardScan.bundle/zh-HK.lproj/Localizable.strings
2026-05-26 09:48:36 +0000  copying file ./Stripe_StripeCardScan.bundle/UxModel.mlmodelc/model.espresso.shape ... 
2026-05-26 09:48:36 +0000  18637 bytes for ./Stripe_StripeCardScan.bundle/UxModel.mlmodelc/model.espresso.shape
2026-05-26 09:48:36 +0000  copying file ./Stripe_StripeCardScan.bundle/UxModel.mlmodelc/model.espresso.net ... 
2026-05-26 09:48:36 +0000  73664 bytes for ./Stripe_StripeCardScan.bundle/UxModel.mlmodelc/model.espresso.net
2026-05-26 09:48:36 +0000  copying file ./Stripe_StripeCardScan.bundle/UxModel.mlmodelc/metadata.json ... 
2026-05-26 09:48:36 +0000  1526 bytes for ./Stripe_StripeCardScan.bundle/UxModel.mlmodelc/metadata.json
2026-05-26 09:48:36 +0000  copying file ./Stripe_StripeCardScan.bundle/UxModel.mlmodelc/model.espresso.weights ... 
2026-05-26 09:48:36 +0000  1381120 bytes for ./Stripe_StripeCardScan.bundle/UxModel.mlmodelc/model.espresso.weights
2026-05-26 09:48:36 +0000  copying file ./Stripe_StripeCardScan.bundle/UxModel.mlmodelc/model/coremldata.bin ... 
2026-05-26 09:48:36 +0000  208 bytes for ./Stripe_StripeCardScan.bundle/UxModel.mlmodelc/model/coremldata.bin
2026-05-26 09:48:36 +0000  copying file ./Stripe_StripeCardScan.bundle/UxModel.mlmodelc/neural_network_optionals/coremldata.bin ... 
2026-05-26 09:48:36 +0000  40 bytes for ./Stripe_StripeCardScan.bundle/UxModel.mlmodelc/neural_network_optionals/coremldata.bin
2026-05-26 09:48:36 +0000  copying file ./Stripe_StripeCardScan.bundle/UxModel.mlmodelc/coremldata.bin ... 
2026-05-26 09:48:36 +0000  189 bytes for ./Stripe_StripeCardScan.bundle/UxModel.mlmodelc/coremldata.bin
2026-05-26 09:48:36 +0000  copying file ./Stripe_StripeCardScan.bundle/UxModel.mlmodelc/analytics/coremldata.bin ... 
2026-05-26 09:48:36 +0000  439 bytes for ./Stripe_StripeCardScan.bundle/UxModel.mlmodelc/analytics/coremldata.bin
2026-05-26 09:48:36 +0000  copying file ./Stripe_StripeCardScan.bundle/mt.lproj/Localizable.strings ... 
2026-05-26 09:48:36 +0000  368 bytes for ./Stripe_StripeCardScan.bundle/mt.lproj/Localizable.strings
2026-05-26 09:48:36 +0000  copying file ./Stripe_StripeCardScan.bundle/nb.lproj/Localizable.strings ... 
2026-05-26 09:48:36 +0000  314 bytes for ./Stripe_StripeCardScan.bundle/nb.lproj/Localizable.strings
2026-05-26 09:48:36 +0000  copying file ./Stripe_StripeCardScan.bundle/ca-ES.lproj/Localizable.strings ... 
2026-05-26 09:48:36 +0000  370 bytes for ./Stripe_StripeCardScan.bundle/ca-ES.lproj/Localizable.strings
2026-05-26 09:48:36 +0000  copying file ./Stripe_StripeCardScan.bundle/en-GB.lproj/Localizable.strings ... 
2026-05-26 09:48:36 +0000  308 bytes for ./Stripe_StripeCardScan.bundle/en-GB.lproj/Localizable.strings
2026-05-26 09:48:36 +0000  copying file ./Stripe_StripeCardScan.bundle/es.lproj/Localizable.strings ... 
2026-05-26 09:48:36 +0000  357 bytes for ./Stripe_StripeCardScan.bundle/es.lproj/Localizable.strings
2026-05-26 09:48:36 +0000  copying file ./Stripe_StripeCardScan.bundle/da.lproj/Localizable.strings ... 
2026-05-26 09:48:36 +0000  323 bytes for ./Stripe_StripeCardScan.bundle/da.lproj/Localizable.strings
2026-05-26 09:48:36 +0000  copying file ./Stripe_StripeCardScan.bundle/es-419.lproj/Localizable.strings ... 
2026-05-26 09:48:36 +0000  366 bytes for ./Stripe_StripeCardScan.bundle/es-419.lproj/Localizable.strings
2026-05-26 09:48:36 +0000  copying file ./Stripe_StripeCardScan.bundle/it.lproj/Localizable.strings ... 
2026-05-26 09:48:36 +0000  326 bytes for ./Stripe_StripeCardScan.bundle/it.lproj/Localizable.strings
2026-05-26 09:48:36 +0000  copying file ./Stripe_StripeCardScan.bundle/fr-CA.lproj/Localizable.strings ... 
2026-05-26 09:48:36 +0000  390 bytes for ./Stripe_StripeCardScan.bundle/fr-CA.lproj/Localizable.strings
2026-05-26 09:48:36 +0000  copying file ./Stripe_StripeCardScan.bundle/bg-BG.lproj/Localizable.strings ... 
2026-05-26 09:48:36 +0000  502 bytes for ./Stripe_StripeCardScan.bundle/bg-BG.lproj/Localizable.strings
2026-05-26 09:48:36 +0000  copying file ./Stripe_StripeCardScan.bundle/sv.lproj/Localizable.strings ... 
2026-05-26 09:48:36 +0000  343 bytes for ./Stripe_StripeCardScan.bundle/sv.lproj/Localizable.strings
2026-05-26 09:48:36 +0000  copying file ./Stripe_StripeCardScan.bundle/ko.lproj/Localizable.strings ... 
2026-05-26 09:48:36 +0000  337 bytes for ./Stripe_StripeCardScan.bundle/ko.lproj/Localizable.strings
2026-05-26 09:48:36 +0000  copying file ./Stripe_StripeCardScan.bundle/fil.lproj/Localizable.strings ... 
2026-05-26 09:48:36 +0000  368 bytes for ./Stripe_StripeCardScan.bundle/fil.lproj/Localizable.strings
2026-05-26 09:48:36 +0000  copying file ./Stripe_StripeCardScan.bundle/zh-Hant.lproj/Localizable.strings ... 
2026-05-26 09:48:36 +0000  298 bytes for ./Stripe_StripeCardScan.bundle/zh-Hant.lproj/Localizable.strings
2026-05-26 09:48:36 +0000  copying file ./Stripe_StripeCardScan.bundle/ro-RO.lproj/Localizable.strings ... 
2026-05-26 09:48:36 +0000  354 bytes for ./Stripe_StripeCardScan.bundle/ro-RO.lproj/Localizable.strings
2026-05-26 09:48:36 +0000  copying file ./Stripe_StripeCardScan.bundle/hu.lproj/Localizable.strings ... 
2026-05-26 09:48:36 +0000  342 bytes for ./Stripe_StripeCardScan.bundle/hu.lproj/Localizable.strings
2026-05-26 09:48:36 +0000  copying file ./Stripe_StripeCardScan.bundle/tr.lproj/Localizable.strings ... 
2026-05-26 09:48:36 +0000  341 bytes for ./Stripe_StripeCardScan.bundle/tr.lproj/Localizable.strings
2026-05-26 09:48:36 +0000  copying file ./Stripe_StripeCardScan.bundle/et-EE.lproj/Localizable.strings ... 
2026-05-26 09:48:36 +0000  319 bytes for ./Stripe_StripeCardScan.bundle/et-EE.lproj/Localizable.strings
2026-05-26 09:48:36 +0000  copying file ./Stripe_StripeCardScan.bundle/pt-BR.lproj/Localizable.strings ... 
2026-05-26 09:48:36 +0000  350 bytes for ./Stripe_StripeCardScan.bundle/pt-BR.lproj/Localizable.strings
2026-05-26 09:48:36 +0000  copying file ./Stripe_StripeCardScan.bundle/lv-LV.lproj/Localizable.strings ... 
2026-05-26 09:48:36 +0000  337 bytes for ./Stripe_StripeCardScan.bundle/lv-LV.lproj/Localizable.strings
2026-05-26 09:48:36 +0000  copying file ./Stripe_StripeCardScan.bundle/vi.lproj/Localizable.strings ... 
2026-05-26 09:48:36 +0000  354 bytes for ./Stripe_StripeCardScan.bundle/vi.lproj/Localizable.strings
2026-05-26 09:48:36 +0000  copying file ./Stripe_StripeCardScan.bundle/ru.lproj/Localizable.strings ... 
2026-05-26 09:48:36 +0000  448 bytes for ./Stripe_StripeCardScan.bundle/ru.lproj/Localizable.strings
2026-05-26 09:48:36 +0000  copying file ./Stripe_StripeCardScan.bundle/cs-CZ.lproj/Localizable.strings ... 
2026-05-26 09:48:36 +0000  338 bytes for ./Stripe_StripeCardScan.bundle/cs-CZ.lproj/Localizable.strings
2026-05-26 09:48:36 +0000  copying file ./Stripe_StripeCardScan.bundle/sk-SK.lproj/Localizable.strings ... 
2026-05-26 09:48:36 +0000  343 bytes for ./Stripe_StripeCardScan.bundle/sk-SK.lproj/Localizable.strings
2026-05-26 09:48:36 +0000  copying file ./Stripe_StripeCardScan.bundle/sl-SI.lproj/Localizable.strings ... 
2026-05-26 09:48:36 +0000  339 bytes for ./Stripe_StripeCardScan.bundle/sl-SI.lproj/Localizable.strings
2026-05-26 09:48:36 +0000  copying file ./Stripe_StripeCardScan.bundle/fr.lproj/Localizable.strings ... 
2026-05-26 09:48:36 +0000  413 bytes for ./Stripe_StripeCardScan.bundle/fr.lproj/Localizable.strings
2026-05-26 09:48:36 +0000  copying file ./Stripe_StripeCardScan.bundle/fi.lproj/Localizable.strings ... 
2026-05-26 09:48:36 +0000  345 bytes for ./Stripe_StripeCardScan.bundle/fi.lproj/Localizable.strings
2026-05-26 09:48:36 +0000  copying file ./Stripe_StripeCardScan.bundle/id.lproj/Localizable.strings ... 
2026-05-26 09:48:36 +0000  325 bytes for ./Stripe_StripeCardScan.bundle/id.lproj/Localizable.strings
2026-05-26 09:48:36 +0000  copying file ./Stripe_StripeCardScan.bundle/nl.lproj/Localizable.strings ... 
2026-05-26 09:48:36 +0000  352 bytes for ./Stripe_StripeCardScan.bundle/nl.lproj/Localizable.strings
2026-05-26 09:48:36 +0000  copying file ./Stripe_StripeCardScan.bundle/th.lproj/Localizable.strings ... 
2026-05-26 09:48:36 +0000  557 bytes for ./Stripe_StripeCardScan.bundle/th.lproj/Localizable.strings
2026-05-26 09:48:36 +0000  copying file ./Stripe_StripeCardScan.bundle/pl-PL.lproj/Localizable.strings ... 
2026-05-26 09:48:36 +0000  320 bytes for ./Stripe_StripeCardScan.bundle/pl-PL.lproj/Localizable.strings
2026-05-26 09:48:36 +0000  copying file ./Stripe_StripeCardScan.bundle/pt-PT.lproj/Localizable.strings ... 
2026-05-26 09:48:36 +0000  357 bytes for ./Stripe_StripeCardScan.bundle/pt-PT.lproj/Localizable.strings
2026-05-26 09:48:36 +0000  copying file ./Stripe_StripeCardScan.bundle/Info.plist ... 
2026-05-26 09:48:36 +0000  695 bytes for ./Stripe_StripeCardScan.bundle/Info.plist
2026-05-26 09:48:36 +0000  copying file ./Stripe_StripeCardScan.bundle/hr.lproj/Localizable.strings ... 
2026-05-26 09:48:36 +0000  306 bytes for ./Stripe_StripeCardScan.bundle/hr.lproj/Localizable.strings
2026-05-26 09:48:36 +0000  copying file ./GoogleService-Info.plist ... 
2026-05-26 09:48:36 +0000  657 bytes for ./GoogleService-Info.plist
2026-05-26 09:48:36 +0000  copying file ./Stripe_StripeIssuing.bundle/de.lproj/Localizable.strings ... 
2026-05-26 09:48:36 +0000  0 bytes for ./Stripe_StripeIssuing.bundle/de.lproj/Localizable.strings
2026-05-26 09:48:36 +0000  copying file ./Stripe_StripeIssuing.bundle/lt-LT.lproj/Localizable.strings ... 
2026-05-26 09:48:36 +0000  0 bytes for ./Stripe_StripeIssuing.bundle/lt-LT.lproj/Localizable.strings
2026-05-26 09:48:36 +0000  copying file ./Stripe_StripeIssuing.bundle/zh-Hans.lproj/Localizable.strings ... 
2026-05-26 09:48:36 +0000  0 bytes for ./Stripe_StripeIssuing.bundle/zh-Hans.lproj/Localizable.strings
2026-05-26 09:48:36 +0000  copying file ./Stripe_StripeIssuing.bundle/ja.lproj/Localizable.strings ... 
2026-05-26 09:48:36 +0000  0 bytes for ./Stripe_StripeIssuing.bundle/ja.lproj/Localizable.strings
2026-05-26 09:48:36 +0000  copying file ./Stripe_StripeIssuing.bundle/el-GR.lproj/Localizable.strings ... 
2026-05-26 09:48:36 +0000  0 bytes for ./Stripe_StripeIssuing.bundle/el-GR.lproj/Localizable.strings
2026-05-26 09:48:36 +0000  copying file ./Stripe_StripeIssuing.bundle/ms-MY.lproj/Localizable.strings ... 
2026-05-26 09:48:36 +0000  0 bytes for ./Stripe_StripeIssuing.bundle/ms-MY.lproj/Localizable.strings
2026-05-26 09:48:36 +0000  copying file ./Stripe_StripeIssuing.bundle/en.lproj/Localizable.strings ... 
2026-05-26 09:48:36 +0000  0 bytes for ./Stripe_StripeIssuing.bundle/en.lproj/Localizable.strings
2026-05-26 09:48:36 +0000  copying file ./Stripe_StripeIssuing.bundle/zh-HK.lproj/Localizable.strings ... 
2026-05-26 09:48:36 +0000  0 bytes for ./Stripe_StripeIssuing.bundle/zh-HK.lproj/Localizable.strings
2026-05-26 09:48:36 +0000  copying file ./Stripe_StripeIssuing.bundle/mt.lproj/Localizable.strings ... 
2026-05-26 09:48:36 +0000  0 bytes for ./Stripe_StripeIssuing.bundle/mt.lproj/Localizable.strings
2026-05-26 09:48:36 +0000  copying file ./Stripe_StripeIssuing.bundle/nb.lproj/Localizable.strings ... 
2026-05-26 09:48:36 +0000  0 bytes for ./Stripe_StripeIssuing.bundle/nb.lproj/Localizable.strings
2026-05-26 09:48:36 +0000  copying file ./Stripe_StripeIssuing.bundle/ca-ES.lproj/Localizable.strings ... 
2026-05-26 09:48:36 +0000  0 bytes for ./Stripe_StripeIssuing.bundle/ca-ES.lproj/Localizable.strings
2026-05-26 09:48:36 +0000  copying file ./Stripe_StripeIssuing.bundle/en-GB.lproj/Localizable.strings ... 
2026-05-26 09:48:36 +0000  0 bytes for ./Stripe_StripeIssuing.bundle/en-GB.lproj/Localizable.strings
2026-05-26 09:48:36 +0000  copying file ./Stripe_StripeIssuing.bundle/es.lproj/Localizable.strings ... 
2026-05-26 09:48:36 +0000  0 bytes for ./Stripe_StripeIssuing.bundle/es.lproj/Localizable.strings
2026-05-26 09:48:36 +0000  copying file ./Stripe_StripeIssuing.bundle/da.lproj/Localizable.strings ... 
2026-05-26 09:48:36 +0000  0 bytes for ./Stripe_StripeIssuing.bundle/da.lproj/Localizable.strings
2026-05-26 09:48:36 +0000  copying file ./Stripe_StripeIssuing.bundle/es-419.lproj/Localizable.strings ... 
2026-05-26 09:48:36 +0000  0 bytes for ./Stripe_StripeIssuing.bundle/es-419.lproj/Localizable.strings
2026-05-26 09:48:36 +0000  copying file ./Stripe_StripeIssuing.bundle/it.lproj/Localizable.strings ... 
2026-05-26 09:48:36 +0000  0 bytes for ./Stripe_StripeIssuing.bundle/it.lproj/Localizable.strings
2026-05-26 09:48:36 +0000  copying file ./Stripe_StripeIssuing.bundle/fr-CA.lproj/Localizable.strings ... 
2026-05-26 09:48:36 +0000  0 bytes for ./Stripe_StripeIssuing.bundle/fr-CA.lproj/Localizable.strings
2026-05-26 09:48:36 +0000  copying file ./Stripe_StripeIssuing.bundle/bg-BG.lproj/Localizable.strings ... 
2026-05-26 09:48:36 +0000  0 bytes for ./Stripe_StripeIssuing.bundle/bg-BG.lproj/Localizable.strings
2026-05-26 09:48:36 +0000  copying file ./Stripe_StripeIssuing.bundle/sv.lproj/Localizable.strings ... 
2026-05-26 09:48:36 +0000  0 bytes for ./Stripe_StripeIssuing.bundle/sv.lproj/Localizable.strings
2026-05-26 09:48:36 +0000  copying file ./Stripe_StripeIssuing.bundle/ko.lproj/Localizable.strings ... 
2026-05-26 09:48:36 +0000  0 bytes for ./Stripe_StripeIssuing.bundle/ko.lproj/Localizable.strings
2026-05-26 09:48:36 +0000  copying file ./Stripe_StripeIssuing.bundle/fil.lproj/Localizable.strings ... 
2026-05-26 09:48:36 +0000  0 bytes for ./Stripe_StripeIssuing.bundle/fil.lproj/Localizable.strings
2026-05-26 09:48:36 +0000  copying file ./Stripe_StripeIssuing.bundle/zh-Hant.lproj/Localizable.strings ... 
2026-05-26 09:48:36 +0000  0 bytes for ./Stripe_StripeIssuing.bundle/zh-Hant.lproj/Localizable.strings
2026-05-26 09:48:36 +0000  copying file ./Stripe_StripeIssuing.bundle/ro-RO.lproj/Localizable.strings ... 
2026-05-26 09:48:36 +0000  0 bytes for ./Stripe_StripeIssuing.bundle/ro-RO.lproj/Localizable.strings
2026-05-26 09:48:36 +0000  copying file ./Stripe_StripeIssuing.bundle/hu.lproj/Localizable.strings ... 
2026-05-26 09:48:36 +0000  0 bytes for ./Stripe_StripeIssuing.bundle/hu.lproj/Localizable.strings
2026-05-26 09:48:36 +0000  copying file ./Stripe_StripeIssuing.bundle/tr.lproj/Localizable.strings ... 
2026-05-26 09:48:36 +0000  0 bytes for ./Stripe_StripeIssuing.bundle/tr.lproj/Localizable.strings
2026-05-26 09:48:36 +0000  copying file ./Stripe_StripeIssuing.bundle/et-EE.lproj/Localizable.strings ... 
2026-05-26 09:48:36 +0000  0 bytes for ./Stripe_StripeIssuing.bundle/et-EE.lproj/Localizable.strings
2026-05-26 09:48:36 +0000  copying file ./Stripe_StripeIssuing.bundle/pt-BR.lproj/Localizable.strings ... 
2026-05-26 09:48:36 +0000  0 bytes for ./Stripe_StripeIssuing.bundle/pt-BR.lproj/Localizable.strings
2026-05-26 09:48:36 +0000  copying file ./Stripe_StripeIssuing.bundle/lv-LV.lproj/Localizable.strings ... 
2026-05-26 09:48:36 +0000  0 bytes for ./Stripe_StripeIssuing.bundle/lv-LV.lproj/Localizable.strings
2026-05-26 09:48:36 +0000  copying file ./Stripe_StripeIssuing.bundle/vi.lproj/Localizable.strings ... 
2026-05-26 09:48:36 +0000  0 bytes for ./Stripe_StripeIssuing.bundle/vi.lproj/Localizable.strings
2026-05-26 09:48:36 +0000  copying file ./Stripe_StripeIssuing.bundle/ru.lproj/Localizable.strings ... 
2026-05-26 09:48:36 +0000  0 bytes for ./Stripe_StripeIssuing.bundle/ru.lproj/Localizable.strings
2026-05-26 09:48:36 +0000  copying file ./Stripe_StripeIssuing.bundle/cs-CZ.lproj/Localizable.strings ... 
2026-05-26 09:48:36 +0000  0 bytes for ./Stripe_StripeIssuing.bundle/cs-CZ.lproj/Localizable.strings
2026-05-26 09:48:36 +0000  copying file ./Stripe_StripeIssuing.bundle/sk-SK.lproj/Localizable.strings ... 
2026-05-26 09:48:36 +0000  0 bytes for ./Stripe_StripeIssuing.bundle/sk-SK.lproj/Localizable.strings
2026-05-26 09:48:36 +0000  copying file ./Stripe_StripeIssuing.bundle/sl-SI.lproj/Localizable.strings ... 
2026-05-26 09:48:36 +0000  0 bytes for ./Stripe_StripeIssuing.bundle/sl-SI.lproj/Localizable.strings
2026-05-26 09:48:36 +0000  copying file ./Stripe_StripeIssuing.bundle/fr.lproj/Localizable.strings ... 
2026-05-26 09:48:36 +0000  0 bytes for ./Stripe_StripeIssuing.bundle/fr.lproj/Localizable.strings
2026-05-26 09:48:36 +0000  copying file ./Stripe_StripeIssuing.bundle/fi.lproj/Localizable.strings ... 
2026-05-26 09:48:36 +0000  0 bytes for ./Stripe_StripeIssuing.bundle/fi.lproj/Localizable.strings
2026-05-26 09:48:36 +0000  copying file ./Stripe_StripeIssuing.bundle/id.lproj/Localizable.strings ... 
2026-05-26 09:48:36 +0000  0 bytes for ./Stripe_StripeIssuing.bundle/id.lproj/Localizable.strings
2026-05-26 09:48:36 +0000  copying file ./Stripe_StripeIssuing.bundle/nl.lproj/Localizable.strings ... 
2026-05-26 09:48:36 +0000  0 bytes for ./Stripe_StripeIssuing.bundle/nl.lproj/Localizable.strings
2026-05-26 09:48:36 +0000  copying file ./Stripe_StripeIssuing.bundle/th.lproj/Localizable.strings ... 
2026-05-26 09:48:36 +0000  0 bytes for ./Stripe_StripeIssuing.bundle/th.lproj/Localizable.strings
2026-05-26 09:48:36 +0000  copying file ./Stripe_StripeIssuing.bundle/pl-PL.lproj/Localizable.strings ... 
2026-05-26 09:48:36 +0000  0 bytes for ./Stripe_StripeIssuing.bundle/pl-PL.lproj/Localizable.strings
2026-05-26 09:48:36 +0000  copying file ./Stripe_StripeIssuing.bundle/pt-PT.lproj/Localizable.strings ... 
2026-05-26 09:48:36 +0000  0 bytes for ./Stripe_StripeIssuing.bundle/pt-PT.lproj/Localizable.strings
2026-05-26 09:48:36 +0000  copying file ./Stripe_StripeIssuing.bundle/Info.plist ... 
2026-05-26 09:48:36 +0000  693 bytes for ./Stripe_StripeIssuing.bundle/Info.plist
2026-05-26 09:48:36 +0000  copying file ./Stripe_StripeIssuing.bundle/hr.lproj/Localizable.strings ... 
2026-05-26 09:48:36 +0000  0 bytes for ./Stripe_StripeIssuing.bundle/hr.lproj/Localizable.strings
2026-05-26 09:48:36 +0000  copying file ./WeeklyRateCell.nib ... 
2026-05-26 09:48:36 +0000  7568 bytes for ./WeeklyRateCell.nib
2026-05-26 09:48:36 +0000  copying file ./BookingCell.nib ... 
2026-05-26 09:48:36 +0000  9801 bytes for ./BookingCell.nib
2026-05-26 09:48:36 +0000  copying file ./CurrentShiftCell.nib ... 
2026-05-26 09:48:36 +0000  10859 bytes for ./CurrentShiftCell.nib
2026-05-26 09:48:36 +0000  copying file ./Base.lproj/LaunchScreen.storyboardc/01J-lp-oVM-view-Ze5-6b-2t3.nib ... 
2026-05-26 09:48:36 +0000  3041 bytes for ./Base.lproj/LaunchScreen.storyboardc/01J-lp-oVM-view-Ze5-6b-2t3.nib
2026-05-26 09:48:36 +0000  copying file ./Base.lproj/LaunchScreen.storyboardc/UIViewController-01J-lp-oVM.nib ... 
2026-05-26 09:48:36 +0000  924 bytes for ./Base.lproj/LaunchScreen.storyboardc/UIViewController-01J-lp-oVM.nib
2026-05-26 09:48:36 +0000  copying file ./Base.lproj/LaunchScreen.storyboardc/Info.plist ... 
2026-05-26 09:48:36 +0000  258 bytes for ./Base.lproj/LaunchScreen.storyboardc/Info.plist
2026-05-26 09:48:36 +0000  copying file ./Any ... 
2026-05-26 09:48:36 +0000  14143024 bytes for ./Any
2026-05-26 09:48:36 +0000  copying file ./Main.storyboardc/Plf-Ue-ekQ-view-gta-nv-41u.nib ... 
2026-05-26 09:48:36 +0000  9025 bytes for ./Main.storyboardc/Plf-Ue-ekQ-view-gta-nv-41u.nib
2026-05-26 09:48:36 +0000  copying file ./Main.storyboardc/7JL-Mn-b8w-view-Wra-51-aGe.nib ... 
2026-05-26 09:48:36 +0000  8537 bytes for ./Main.storyboardc/7JL-Mn-b8w-view-Wra-51-aGe.nib
2026-05-26 09:48:36 +0000  copying file ./Main.storyboardc/LandingVC.nib ... 
2026-05-26 09:48:36 +0000  1136 bytes for ./Main.storyboardc/LandingVC.nib
2026-05-26 09:48:36 +0000  copying file ./Main.storyboardc/BookingRequestVC.nib ... 
2026-05-26 09:48:36 +0000  1151 bytes for ./Main.storyboardc/BookingRequestVC.nib
2026-05-26 09:48:36 +0000  copying file ./Main.storyboardc/HistoryVC.nib ... 
2026-05-26 09:48:36 +0000  1136 bytes for ./Main.storyboardc/HistoryVC.nib
2026-05-26 09:48:36 +0000  copying file ./Main.storyboardc/wfW-c2-1Ia-view-VzY-0a-gfd.nib ... 
2026-05-26 09:48:36 +0000  21049 bytes for ./Main.storyboardc/wfW-c2-1Ia-view-VzY-0a-gfd.nib
2026-05-26 09:48:36 +0000  copying file ./Main.storyboardc/fr6-9I-3ZM-view-Fp6-oU-seN.nib ... 
2026-05-26 09:48:36 +0000  7064 bytes for ./Main.storyboardc/fr6-9I-3ZM-view-Fp6-oU-seN.nib
2026-05-26 09:48:36 +0000  copying file ./Main.storyboardc/Bog-pV-ESI-view-Plh-Dd-ckR.nib ... 
2026-05-26 09:48:36 +0000  9390 bytes for ./Main.storyboardc/Bog-pV-ESI-view-Plh-Dd-ckR.nib
2026-05-26 09:48:36 +0000  copying file ./Main.storyboardc/PopUpSameVC.nib ... 
2026-05-26 09:48:36 +0000  1141 bytes for ./Main.storyboardc/PopUpSameVC.nib
2026-05-26 09:48:36 +0000  copying file ./Main.storyboardc/ov2-CP-FgV-view-TJI-Tx-OPd.nib ... 
2026-05-26 09:48:36 +0000  4088 bytes for ./Main.storyboardc/ov2-CP-FgV-view-TJI-Tx-OPd.nib
2026-05-26 09:48:36 +0000  copying file ./Main.storyboardc/thF-Bx-8Lf-view-8y7-8P-aGU.nib ... 
2026-05-26 09:48:36 +0000  10802 bytes for ./Main.storyboardc/thF-Bx-8Lf-view-8y7-8P-aGU.nib
2026-05-26 09:48:36 +0000  copying file ./Main.storyboardc/P9H-BS-fAW-view-2fl-d7-Wal.nib ... 
2026-05-26 09:48:36 +0000  19988 bytes for ./Main.storyboardc/P9H-BS-fAW-view-2fl-d7-Wal.nib
2026-05-26 09:48:36 +0000  copying file ./Main.storyboardc/2bj-AV-3R1-view-V43-Z5-i60.nib ... 
2026-05-26 09:48:36 +0000  19945 bytes for ./Main.storyboardc/2bj-AV-3R1-view-V43-Z5-i60.nib
2026-05-26 09:48:36 +0000  copying file ./Main.storyboardc/JobConfirmedVC.nib ... 
2026-05-26 09:48:36 +0000  1044 bytes for ./Main.storyboardc/JobConfirmedVC.nib
2026-05-26 09:48:36 +0000  copying file ./Main.storyboardc/PopUpVC.nib ... 
2026-05-26 09:48:36 +0000  1132 bytes for ./Main.storyboardc/PopUpVC.nib
2026-05-26 09:48:36 +0000  copying file ./Main.storyboardc/UserChat.nib ... 
2026-05-26 09:48:36 +0000  1105 bytes for ./Main.storyboardc/UserChat.nib
2026-05-26 09:48:36 +0000  copying file ./Main.storyboardc/4uO-iS-PmA-view-FRc-rG-lvI.nib ... 
2026-05-26 09:48:36 +0000  11000 bytes for ./Main.storyboardc/4uO-iS-PmA-view-FRc-rG-lvI.nib
2026-05-26 09:48:36 +0000  copying file ./Main.storyboardc/PopPasswordChangedVC.nib ... 
2026-05-26 09:48:36 +0000  1159 bytes for ./Main.storyboardc/PopPasswordChangedVC.nib
2026-05-26 09:48:36 +0000  copying file ./Main.storyboardc/njH-2m-SPi-view-9No-me-uI6.nib ... 
2026-05-26 09:48:36 +0000  12677 bytes for ./Main.storyboardc/njH-2m-SPi-view-9No-me-uI6.nib
2026-05-26 09:48:36 +0000  copying file ./Main.storyboardc/UserRatingVC.nib ... 
2026-05-26 09:48:36 +0000  1172 bytes for ./Main.storyboardc/UserRatingVC.nib
2026-05-26 09:48:36 +0000  copying file ./Main.storyboardc/ZlI-9r-Xqj-view-gCM-BX-I6u.nib ... 
2026-05-26 09:48:36 +0000  6197 bytes for ./Main.storyboardc/ZlI-9r-Xqj-view-gCM-BX-I6u.nib
2026-05-26 09:48:36 +0000  copying file ./Main.storyboardc/S7n-jm-9ZZ-view-TQX-bB-UNn.nib ... 
2026-05-26 09:48:36 +0000  8463 bytes for ./Main.storyboardc/S7n-jm-9ZZ-view-TQX-bB-UNn.nib
2026-05-26 09:48:36 +0000  copying file ./Main.storyboardc/PopUpRejectVC.nib ... 
2026-05-26 09:48:36 +0000  1145 bytes for ./Main.storyboardc/PopUpRejectVC.nib
2026-05-26 09:48:36 +0000  copying file ./Main.storyboardc/sZ0-v3-bf5-view-1cJ-ii-Am8.nib ... 
2026-05-26 09:48:36 +0000  16068 bytes for ./Main.storyboardc/sZ0-v3-bf5-view-1cJ-ii-Am8.nib
2026-05-26 09:48:36 +0000  copying file ./Main.storyboardc/kyP-Nh-tF9-view-wev-eM-GMO.nib ... 
2026-05-26 09:48:36 +0000  12599 bytes for ./Main.storyboardc/kyP-Nh-tF9-view-wev-eM-GMO.nib
2026-05-26 09:48:36 +0000  copying file ./Main.storyboardc/WalletVC.nib ... 
2026-05-26 09:48:36 +0000  1134 bytes for ./Main.storyboardc/WalletVC.nib
2026-05-26 09:48:36 +0000  copying file ./Main.storyboardc/D7P-WF-gO7-view-JYf-xs-dzF.nib ... 
2026-05-26 09:48:36 +0000  26377 bytes for ./Main.storyboardc/D7P-WF-gO7-view-JYf-xs-dzF.nib
2026-05-26 09:48:36 +0000  copying file ./Main.storyboardc/C7b-11-7u3-view-kKr-6A-7i2.nib ... 
2026-05-26 09:48:36 +0000  10989 bytes for ./Main.storyboardc/C7b-11-7u3-view-kKr-6A-7i2.nib
2026-05-26 09:48:36 +0000  copying file ./Main.storyboardc/55g-Vc-aLC-view-y7m-Ai-SND.nib ... 
2026-05-26 09:48:36 +0000  9488 bytes for ./Main.storyboardc/55g-Vc-aLC-view-y7m-Ai-SND.nib
2026-05-26 09:48:36 +0000  copying file ./Main.storyboardc/RegistrationSuccessVC.nib ... 
2026-05-26 09:48:36 +0000  1058 bytes for ./Main.storyboardc/RegistrationSuccessVC.nib
2026-05-26 09:48:36 +0000  copying file ./Main.storyboardc/PopupjobTypeVC.nib ... 
2026-05-26 09:48:36 +0000  1147 bytes for ./Main.storyboardc/PopupjobTypeVC.nib
2026-05-26 09:48:36 +0000  copying file ./Main.storyboardc/jvK-Yd-oQV-view-Kfg-Tt-WOQ.nib ... 
2026-05-26 09:48:36 +0000  8844 bytes for ./Main.storyboardc/jvK-Yd-oQV-view-Kfg-Tt-WOQ.nib
2026-05-26 09:48:36 +0000  copying file ./Main.storyboardc/UINavigationController-smJ-8W-EOe.nib ... 
2026-05-26 09:48:36 +0000  1938 bytes for ./Main.storyboardc/UINavigationController-smJ-8W-EOe.nib
2026-05-26 09:48:36 +0000  copying file ./Main.storyboardc/vy0-m2-K8K-view-a8S-I3-mI3.nib ... 
2026-05-26 09:48:36 +0000  9583 bytes for ./Main.storyboardc/vy0-m2-K8K-view-a8S-I3-mI3.nib
2026-05-26 09:48:36 +0000  copying file ./Main.storyboardc/PopUpBookingConfirmVC.nib ... 
2026-05-26 09:48:36 +0000  1161 bytes for ./Main.storyboardc/PopUpBookingConfirmVC.nib
2026-05-26 09:48:36 +0000  copying file ./Main.storyboardc/VYG-u7-0oy-view-sFO-ia-C8P.nib ... 
2026-05-26 09:48:36 +0000  16088 bytes for ./Main.storyboardc/VYG-u7-0oy-view-sFO-ia-C8P.nib
2026-05-26 09:48:36 +0000  copying file ./Main.storyboardc/n1k-nG-tQw-view-bHr-Ca-E7O.nib ... 
2026-05-26 09:48:36 +0000  17376 bytes for ./Main.storyboardc/n1k-nG-tQw-view-bHr-Ca-E7O.nib
2026-05-26 09:48:36 +0000  copying file ./Main.storyboardc/75b-5h-Vqh-view-1LY-gs-SEz.nib ... 
2026-05-26 09:48:36 +0000  7463 bytes for ./Main.storyboardc/75b-5h-Vqh-view-1LY-gs-SEz.nib
2026-05-26 09:48:36 +0000  copying file ./Main.storyboardc/TabBarClientVC.nib ... 
2026-05-26 09:48:36 +0000  4930 bytes for ./Main.storyboardc/TabBarClientVC.nib
2026-05-26 09:48:36 +0000  copying file ./Main.storyboardc/ProfileSettingVC.nib ... 
2026-05-26 09:48:36 +0000  1048 bytes for ./Main.storyboardc/ProfileSettingVC.nib
2026-05-26 09:48:36 +0000  copying file ./Main.storyboardc/kIx-4k-wG5-view-NP1-Es-qsV.nib ... 
2026-05-26 09:48:36 +0000  8025 bytes for ./Main.storyboardc/kIx-4k-wG5-view-NP1-Es-qsV.nib
2026-05-26 09:48:36 +0000  copying file ./Main.storyboardc/nxo-6j-l9J-view-QFn-uR-opM.nib ... 
2026-05-26 09:48:36 +0000  8036 bytes for ./Main.storyboardc/nxo-6j-l9J-view-QFn-uR-opM.nib
2026-05-26 09:48:36 +0000  copying file ./Main.storyboardc/WalletTypeVC.nib ... 
2026-05-26 09:48:36 +0000  1040 bytes for ./Main.storyboardc/WalletTypeVC.nib
2026-05-26 09:48:36 +0000  copying file ./Main.storyboardc/hhK-za-mfK-view-rhd-ps-jsB.nib ... 
2026-05-26 09:48:36 +0000  5406 bytes for ./Main.storyboardc/hhK-za-mfK-view-rhd-ps-jsB.nib
2026-05-26 09:48:36 +0000  copying file ./Main.storyboardc/PublishJobVC.nib ... 
2026-05-26 09:48:36 +0000  1143 bytes for ./Main.storyboardc/PublishJobVC.nib
2026-05-26 09:48:36 +0000  copying file ./Main.storyboardc/AddAdminVC.nib ... 
2026-05-26 09:48:36 +0000  1139 bytes for ./Main.storyboardc/AddAdminVC.nib
2026-05-26 09:48:36 +0000  copying file ./Main.storyboardc/WishlistVC.nib ... 
2026-05-26 09:48:36 +0000  1139 bytes for ./Main.storyboardc/WishlistVC.nib
2026-05-26 09:48:36 +0000  copying file ./Main.storyboardc/SetCustomDateRateVC.nib ... 
2026-05-26 09:48:36 +0000  1054 bytes for ./Main.storyboardc/SetCustomDateRateVC.nib
2026-05-26 09:48:36 +0000  copying file ./Main.storyboardc/CurrentShiftVC.nib ... 
2026-05-26 09:48:36 +0000  1147 bytes for ./Main.storyboardc/CurrentShiftVC.nib
2026-05-26 09:48:36 +0000  copying file ./Main.storyboardc/fs2-KH-ziU-view-3EK-l9-FWR.nib ... 
2026-05-26 09:48:36 +0000  7796 bytes for ./Main.storyboardc/fs2-KH-ziU-view-3EK-l9-FWR.nib
2026-05-26 09:48:36 +0000  copying file ./Main.storyboardc/ClientSigningDetailVC.nib ... 
2026-05-26 09:48:36 +0000  1058 bytes for ./Main.storyboardc/ClientSigningDetailVC.nib
2026-05-26 09:48:36 +0000  copying file ./Main.storyboardc/NotificationVC.nib ... 
2026-05-26 09:48:36 +0000  1176 bytes for ./Main.storyboardc/NotificationVC.nib
2026-05-26 09:48:36 +0000  copying file ./Main.storyboardc/ConfirmJobPostVC.nib ... 
2026-05-26 09:48:36 +0000  1048 bytes for ./Main.storyboardc/ConfirmJobPostVC.nib
2026-05-26 09:48:36 +0000  copying file ./Main.storyboardc/EditProfileVC.nib ... 
2026-05-26 09:48:36 +0000  1145 bytes for ./Main.storyboardc/EditProfileVC.nib
2026-05-26 09:48:36 +0000  copying file ./Main.storyboardc/h7V-Qt-s3b-view-9Xu-Su-QAv.nib ... 
2026-05-26 09:48:36 +0000  10831 bytes for ./Main.storyboardc/h7V-Qt-s3b-view-9Xu-Su-QAv.nib
2026-05-26 09:48:36 +0000  copying file ./Main.storyboardc/481-JP-NfH-view-tVC-I6-Ifh.nib ... 
2026-05-26 09:48:36 +0000  8256 bytes for ./Main.storyboardc/481-JP-NfH-view-tVC-I6-Ifh.nib
2026-05-26 09:48:36 +0000  copying file ./Main.storyboardc/PopUpBeforeBooking.nib ... 
2026-05-26 09:48:36 +0000  1155 bytes for ./Main.storyboardc/PopUpBeforeBooking.nib
2026-05-26 09:48:36 +0000  copying file ./Main.storyboardc/PaymentVC.nib ... 
2026-05-26 09:48:36 +0000  1392 bytes for ./Main.storyboardc/PaymentVC.nib
2026-05-26 09:48:36 +0000  copying file ./Main.storyboardc/RequestVC.nib ... 
2026-05-26 09:48:36 +0000  1136 bytes for ./Main.storyboardc/RequestVC.nib
2026-05-26 09:48:36 +0000  copying file ./Main.storyboardc/1KE-1n-vtz-view-UsM-Fh-jzG.nib ... 
2026-05-26 09:48:36 +0000  23205 bytes for ./Main.storyboardc/1KE-1n-vtz-view-UsM-Fh-jzG.nib
2026-05-26 09:48:36 +0000  copying file ./Main.storyboardc/PCG-pm-zLa-view-SeB-Ep-XDG.nib ... 
2026-05-26 09:48:36 +0000  23925 bytes for ./Main.storyboardc/PCG-pm-zLa-view-SeB-Ep-XDG.nib
2026-05-26 09:48:36 +0000  copying file ./Main.storyboardc/SelectAllJobTypesVC.nib ... 
2026-05-26 09:48:36 +0000  1054 bytes for ./Main.storyboardc/SelectAllJobTypesVC.nib
2026-05-26 09:48:36 +0000  copying file ./Main.storyboardc/PasswordOtpVC.nib ... 
2026-05-26 09:48:36 +0000  1145 bytes for ./Main.storyboardc/PasswordOtpVC.nib
2026-05-26 09:48:36 +0000  copying file ./Main.storyboardc/h13-wX-z2v-view-Txc-DV-kSB.nib ... 
2026-05-26 09:48:36 +0000  12344 bytes for ./Main.storyboardc/h13-wX-z2v-view-Txc-DV-kSB.nib
2026-05-26 09:48:36 +0000  copying file ./Main.storyboardc/ResetPasswordVC.nib ... 
2026-05-26 09:48:36 +0000  1149 bytes for ./Main.storyboardc/ResetPasswordVC.nib
2026-05-26 09:48:36 +0000  copying file ./Main.storyboardc/NgX-GY-9K4-view-XYe-Wp-Ite.nib ... 
2026-05-26 09:48:36 +0000  9353 bytes for ./Main.storyboardc/NgX-GY-9K4-view-XYe-Wp-Ite.nib
2026-05-26 09:48:36 +0000  copying file ./Main.storyboardc/listAdminVC.nib ... 
2026-05-26 09:48:36 +0000  1141 bytes for ./Main.storyboardc/listAdminVC.nib
2026-05-26 09:48:36 +0000  copying file ./Main.storyboardc/bhy-Hn-Who-view-Jhe-M3-b45.nib ... 
2026-05-26 09:48:36 +0000  4907 bytes for ./Main.storyboardc/bhy-Hn-Who-view-Jhe-M3-b45.nib
2026-05-26 09:48:36 +0000  copying file ./Main.storyboardc/WorkerSigningDetailVC.nib ... 
2026-05-26 09:48:36 +0000  1058 bytes for ./Main.storyboardc/WorkerSigningDetailVC.nib
2026-05-26 09:48:36 +0000  copying file ./Main.storyboardc/BookingCompleteDetailVC.nib ... 
2026-05-26 09:48:36 +0000  1165 bytes for ./Main.storyboardc/BookingCompleteDetailVC.nib
2026-05-26 09:48:36 +0000  copying file ./Main.storyboardc/jqd-QQ-6OQ-view-HBo-7w-Fgq.nib ... 
2026-05-26 09:48:36 +0000  9044 bytes for ./Main.storyboardc/jqd-QQ-6OQ-view-HBo-7w-Fgq.nib
2026-05-26 09:48:36 +0000  copying file ./Main.storyboardc/hsN-dF-e9q-view-Cwu-cr-blA.nib ... 
2026-05-26 09:48:36 +0000  3352 bytes for ./Main.storyboardc/hsN-dF-e9q-view-Cwu-cr-blA.nib
2026-05-26 09:48:36 +0000  copying file ./Main.storyboardc/SetRateVC.nib ... 
2026-05-26 09:48:36 +0000  1136 bytes for ./Main.storyboardc/SetRateVC.nib
2026-05-26 09:48:36 +0000  copying file ./Main.storyboardc/AddRatingReviewVC.nib ... 
2026-05-26 09:48:36 +0000  1182 bytes for ./Main.storyboardc/AddRatingReviewVC.nib
2026-05-26 09:48:36 +0000  copying file ./Main.storyboardc/TermsAndCondVC.nib ... 
2026-05-26 09:48:36 +0000  1147 bytes for ./Main.storyboardc/TermsAndCondVC.nib
2026-05-26 09:48:36 +0000  copying file ./Main.storyboardc/xpx-zh-sGK-view-ilq-DH-dKP.nib ... 
2026-05-26 09:48:36 +0000  5586 bytes for ./Main.storyboardc/xpx-zh-sGK-view-ilq-DH-dKP.nib
2026-05-26 09:48:36 +0000  copying file ./Main.storyboardc/ReferFriendVC.nib ... 
2026-05-26 09:48:36 +0000  1145 bytes for ./Main.storyboardc/ReferFriendVC.nib
2026-05-26 09:48:36 +0000  copying file ./Main.storyboardc/AddressPickerVC.nib ... 
2026-05-26 09:48:36 +0000  1046 bytes for ./Main.storyboardc/AddressPickerVC.nib
2026-05-26 09:48:36 +0000  copying file ./Main.storyboardc/ChangePAssVC.nib ... 
2026-05-26 09:48:36 +0000  1143 bytes for ./Main.storyboardc/ChangePAssVC.nib
2026-05-26 09:48:36 +0000  copying file ./Main.storyboardc/Ew4-DP-Wcb-view-wrL-PC-lfu.nib ... 
2026-05-26 09:48:36 +0000  15171 bytes for ./Main.storyboardc/Ew4-DP-Wcb-view-wrL-PC-lfu.nib
2026-05-26 09:48:36 +0000  copying file ./Main.storyboardc/ubh-ue-hed-view-pgQ-ne-fOw.nib ... 
2026-05-26 09:48:36 +0000  5624 bytes for ./Main.storyboardc/ubh-ue-hed-view-pgQ-ne-fOw.nib
2026-05-26 09:48:36 +0000  copying file ./Main.storyboardc/UrgentBookingVC.nib ... 
2026-05-26 09:48:36 +0000  1149 bytes for ./Main.storyboardc/UrgentBookingVC.nib
2026-05-26 09:48:36 +0000  copying file ./Main.storyboardc/kdR-4b-fdk-view-jx8-M9-5bx.nib ... 
2026-05-26 09:48:36 +0000  30118 bytes for ./Main.storyboardc/kdR-4b-fdk-view-jx8-M9-5bx.nib
2026-05-26 09:48:36 +0000  copying file ./Main.storyboardc/CalenderPickervC.nib ... 
2026-05-26 09:48:36 +0000  1048 bytes for ./Main.storyboardc/CalenderPickervC.nib
2026-05-26 09:48:36 +0000  copying file ./Main.storyboardc/bd7-dG-qxJ-view-W7R-t6-bNb.nib ... 
2026-05-26 09:48:36 +0000  31332 bytes for ./Main.storyboardc/bd7-dG-qxJ-view-W7R-t6-bNb.nib
2026-05-26 09:48:36 +0000  copying file ./Main.storyboardc/1Da-WC-kUw-view-oVR-67-oHu.nib ... 
2026-05-26 09:48:36 +0000  6069 bytes for ./Main.storyboardc/1Da-WC-kUw-view-oVR-67-oHu.nib
2026-05-26 09:48:36 +0000  copying file ./Main.storyboardc/HomeVC.nib ... 
2026-05-26 09:48:36 +0000  1130 bytes for ./Main.storyboardc/HomeVC.nib
2026-05-26 09:48:36 +0000  copying file ./Main.storyboardc/RequestByDateVC.nib ... 
2026-05-26 09:48:36 +0000  1149 bytes for ./Main.storyboardc/RequestByDateVC.nib
2026-05-26 09:48:36 +0000  copying file ./Main.storyboardc/mPn-aA-7o9-view-h4S-yR-K4O.nib ... 
2026-05-26 09:48:36 +0000  13497 bytes for ./Main.storyboardc/mPn-aA-7o9-view-h4S-yR-K4O.nib
2026-05-26 09:48:36 +0000  copying file ./Main.storyboardc/BookingDetailVC.nib ... 
2026-05-26 09:48:36 +0000  1149 bytes for ./Main.storyboardc/BookingDetailVC.nib
2026-05-26 09:48:36 +0000  copying file ./Main.storyboardc/ClientJobVC.nib ... 
2026-05-26 09:48:36 +0000  1141 bytes for ./Main.storyboardc/ClientJobVC.nib
2026-05-26 09:48:36 +0000  copying file ./Main.storyboardc/RXR-FJ-c9R-view-UEi-62-cfe.nib ... 
2026-05-26 09:48:36 +0000  11010 bytes for ./Main.storyboardc/RXR-FJ-c9R-view-UEi-62-cfe.nib
2026-05-26 09:48:36 +0000  copying file ./Main.storyboardc/V54-Xg-W6d-view-gnB-Pz-beR.nib ... 
2026-05-26 09:48:36 +0000  9708 bytes for ./Main.storyboardc/V54-Xg-W6d-view-gnB-Pz-beR.nib
2026-05-26 09:48:36 +0000  copying file ./Main.storyboardc/2t0-8L-ehq-view-6e1-d4-6VS.nib ... 
2026-05-26 09:48:36 +0000  20708 bytes for ./Main.storyboardc/2t0-8L-ehq-view-6e1-d4-6VS.nib
2026-05-26 09:48:36 +0000  copying file ./Main.storyboardc/PopUpApprovalVC.nib ... 
2026-05-26 09:48:36 +0000  1149 bytes for ./Main.storyboardc/PopUpApprovalVC.nib
2026-05-26 09:48:36 +0000  copying file ./Main.storyboardc/UserTabBar.nib ... 
2026-05-26 09:48:36 +0000  5402 bytes for ./Main.storyboardc/UserTabBar.nib
2026-05-26 09:48:36 +0000  copying file ./Main.storyboardc/ChatConversationVC.nib ... 
2026-05-26 09:48:36 +0000  1155 bytes for ./Main.storyboardc/ChatConversationVC.nib
2026-05-26 09:48:36 +0000  copying file ./Main.storyboardc/LoginTypeVC.nib ... 
2026-05-26 09:48:36 +0000  1141 bytes for ./Main.storyboardc/LoginTypeVC.nib
2026-05-26 09:48:36 +0000  copying file ./Main.storyboardc/SaveCardVC.nib ... 
2026-05-26 09:48:36 +0000  1036 bytes for ./Main.storyboardc/SaveCardVC.nib
2026-05-26 09:48:36 +0000  copying file ./Main.storyboardc/PopUpSimpleVC.nib ... 
2026-05-26 09:48:36 +0000  1145 bytes for ./Main.storyboardc/PopUpSimpleVC.nib
2026-05-26 09:48:36 +0000  copying file ./Main.storyboardc/NewBookingVC.nib ... 
2026-05-26 09:48:36 +0000  1143 bytes for ./Main.storyboardc/NewBookingVC.nib
2026-05-26 09:48:36 +0000  copying file ./Main.storyboardc/tsl-Ih-0p2-view-J2x-Ww-qrg.nib ... 
2026-05-26 09:48:36 +0000  8554 bytes for ./Main.storyboardc/tsl-Ih-0p2-view-J2x-Ww-qrg.nib
2026-05-26 09:48:36 +0000  copying file ./Main.storyboardc/mxo-eI-yDJ-view-lxt-yj-3W0.nib ... 
2026-05-26 09:48:36 +0000  25652 bytes for ./Main.storyboardc/mxo-eI-yDJ-view-lxt-yj-3W0.nib
2026-05-26 09:48:36 +0000  copying file ./Main.storyboardc/EX7-pb-j86-view-n9h-Mk-wBx.nib ... 
2026-05-26 09:48:36 +0000  10030 bytes for ./Main.storyboardc/EX7-pb-j86-view-n9h-Mk-wBx.nib
2026-05-26 09:48:36 +0000  copying file ./Main.storyboardc/vp9-7z-bU8-view-E6K-ti-a7E.nib ... 
2026-05-26 09:48:36 +0000  18938 bytes for ./Main.storyboardc/vp9-7z-bU8-view-E6K-ti-a7E.nib
2026-05-26 09:48:36 +0000  copying file ./Main.storyboardc/GfH-rU-Gpv-view-XV5-iz-qFR.nib ... 
2026-05-26 09:48:36 +0000  4003 bytes for ./Main.storyboardc/GfH-rU-Gpv-view-XV5-iz-qFR.nib
2026-05-26 09:48:36 +0000  copying file ./Main.storyboardc/d3x-N9-buF-view-g9R-e8-AXb.nib ... 
2026-05-26 09:48:36 +0000  23188 bytes for ./Main.storyboardc/d3x-N9-buF-view-g9R-e8-AXb.nib
2026-05-26 09:48:36 +0000  copying file ./Main.storyboardc/ForgotPasswordVC.nib ... 
2026-05-26 09:48:36 +0000  1151 bytes for ./Main.storyboardc/ForgotPasswordVC.nib
2026-05-26 09:48:36 +0000  copying file ./Main.storyboardc/PopUPNoBreakVC.nib ... 
2026-05-26 09:48:36 +0000  1147 bytes for ./Main.storyboardc/PopUPNoBreakVC.nib
2026-05-26 09:48:36 +0000  copying file ./Main.storyboardc/OtpVC.nib ... 
2026-05-26 09:48:36 +0000  1025 bytes for ./Main.storyboardc/OtpVC.nib
2026-05-26 09:48:36 +0000  copying file ./Main.storyboardc/bIj-cu-K9o-view-85U-Rk-6Wo.nib ... 
2026-05-26 09:48:36 +0000  4920 bytes for ./Main.storyboardc/bIj-cu-K9o-view-85U-Rk-6Wo.nib
2026-05-26 09:48:36 +0000  copying file ./Main.storyboardc/PopClockInVC.nib ... 
2026-05-26 09:48:36 +0000  1143 bytes for ./Main.storyboardc/PopClockInVC.nib
2026-05-26 09:48:36 +0000  copying file ./Main.storyboardc/y3i-eb-Val-view-YF6-lt-4Wv.nib ... 
2026-05-26 09:48:36 +0000  16128 bytes for ./Main.storyboardc/y3i-eb-Val-view-YF6-lt-4Wv.nib
2026-05-26 09:48:36 +0000  copying file ./Main.storyboardc/ZHI-fc-KGg-view-xgv-OZ-Nxr.nib ... 
2026-05-26 09:48:36 +0000  4983 bytes for ./Main.storyboardc/ZHI-fc-KGg-view-xgv-OZ-Nxr.nib
2026-05-26 09:48:36 +0000  copying file ./Main.storyboardc/fZL-Gc-LQh-view-4dd-q5-C5Y.nib ... 
2026-05-26 09:48:36 +0000  10355 bytes for ./Main.storyboardc/fZL-Gc-LQh-view-4dd-q5-C5Y.nib
2026-05-26 09:48:36 +0000  copying file ./Main.storyboardc/Info.plist ... 
2026-05-26 09:48:36 +0000  2579 bytes for ./Main.storyboardc/Info.plist
2026-05-26 09:48:36 +0000  copying file ./Main.storyboardc/OutletVC.nib ... 
2026-05-26 09:48:36 +0000  1163 bytes for ./Main.storyboardc/OutletVC.nib
2026-05-26 09:48:36 +0000  copying file ./Main.storyboardc/p7o-Mn-Elk-view-b4W-54-uQy.nib ... 
2026-05-26 09:48:36 +0000  7257 bytes for ./Main.storyboardc/p7o-Mn-Elk-view-b4W-54-uQy.nib
2026-05-26 09:48:36 +0000  copying file ./Main.storyboardc/SameDayRequestVC.nib ... 
2026-05-26 09:48:36 +0000  1151 bytes for ./Main.storyboardc/SameDayRequestVC.nib
2026-05-26 09:48:36 +0000  copying file ./Main.storyboardc/LoginVC.nib ... 
2026-05-26 09:48:36 +0000  1132 bytes for ./Main.storyboardc/LoginVC.nib
2026-05-26 09:48:36 +0000  copying file ./Main.storyboardc/UpdateJobPublishVC.nib ... 
2026-05-26 09:48:36 +0000  1155 bytes for ./Main.storyboardc/UpdateJobPublishVC.nib
2026-05-26 09:48:36 +0000  copying file ./Main.storyboardc/XQy-T6-vwI-view-eyZ-hW-jDp.nib ... 
2026-05-26 09:48:36 +0000  26053 bytes for ./Main.storyboardc/XQy-T6-vwI-view-eyZ-hW-jDp.nib
2026-05-26 09:48:36 +0000  copying file ./Main.storyboardc/9f0-e3-hQS-view-CIL-Ev-gZr.nib ... 
2026-05-26 09:48:36 +0000  6553 bytes for ./Main.storyboardc/9f0-e3-hQS-view-CIL-Ev-gZr.nib
2026-05-26 09:48:36 +0000  copying file ./Main.storyboardc/mFj-YO-qNK-view-4Yg-kd-yHH.nib ... 
2026-05-26 09:48:36 +0000  7398 bytes for ./Main.storyboardc/mFj-YO-qNK-view-4Yg-kd-yHH.nib
2026-05-26 09:48:36 +0000  copying file ./Main.storyboardc/AddOutletVC.nib ... 
2026-05-26 09:48:36 +0000  1038 bytes for ./Main.storyboardc/AddOutletVC.nib
2026-05-26 09:48:36 +0000  copying file ./Main.storyboardc/2lr-JW-vGM-view-DGU-MY-IhS.nib ... 
2026-05-26 09:48:36 +0000  10343 bytes for ./Main.storyboardc/2lr-JW-vGM-view-DGU-MY-IhS.nib
2026-05-26 09:48:36 +0000  copying file ./MultiDateCell.nib ... 
2026-05-26 09:48:36 +0000  5529 bytes for ./MultiDateCell.nib
2026-05-26 09:48:36 +0000  copying file ./Assets.car ... 
2026-05-26 09:48:36 +0000  5895976 bytes for ./Assets.car
2026-05-26 09:48:36 +0000  copying file ./UserRatingCell.nib ... 
2026-05-26 09:48:36 +0000  7523 bytes for ./UserRatingCell.nib
2026-05-26 09:48:36 +0000  copying file ./AppIcon76x76@2x~ipad.png ... 
2026-05-26 09:48:36 +0000  3474 bytes for ./AppIcon76x76@2x~ipad.png
2026-05-26 09:48:36 +0000  copying file ./DateCalCell.nib ... 
2026-05-26 09:48:36 +0000  5719 bytes for ./DateCalCell.nib
2026-05-26 09:48:36 +0000  copying file ./UpcomingShiftCell.nib ... 
2026-05-26 09:48:36 +0000  5542 bytes for ./UpcomingShiftCell.nib
2026-05-26 09:48:36 +0000  copying file ./SaveCardCell.nib ... 
2026-05-26 09:48:36 +0000  6079 bytes for ./SaveCardCell.nib
2026-05-26 09:48:36 +0000  copying file ./Stripe_StripePaymentSheet.bundle/de.lproj/Localizable.strings ... 
2026-05-26 09:48:36 +0000  18756 bytes for ./Stripe_StripePaymentSheet.bundle/de.lproj/Localizable.strings
2026-05-26 09:48:36 +0000  copying file ./Stripe_StripePaymentSheet.bundle/lt-LT.lproj/Localizable.strings ... 
2026-05-26 09:48:36 +0000  17966 bytes for ./Stripe_StripePaymentSheet.bundle/lt-LT.lproj/Localizable.strings
2026-05-26 09:48:36 +0000  copying file ./Stripe_StripePaymentSheet.bundle/zh-Hans.lproj/Localizable.strings ... 
2026-05-26 09:48:36 +0000  15910 bytes for ./Stripe_StripePaymentSheet.bundle/zh-Hans.lproj/Localizable.strings
2026-05-26 09:48:36 +0000  copying file ./Stripe_StripePaymentSheet.bundle/ja.lproj/Localizable.strings ... 
2026-05-26 09:48:36 +0000  19870 bytes for ./Stripe_StripePaymentSheet.bundle/ja.lproj/Localizable.strings
2026-05-26 09:48:36 +0000  copying file ./Stripe_StripePaymentSheet.bundle/el-GR.lproj/Localizable.strings ... 
2026-05-26 09:48:36 +0000  25686 bytes for ./Stripe_StripePaymentSheet.bundle/el-GR.lproj/Localizable.strings
2026-05-26 09:48:36 +0000  copying file ./Stripe_StripePaymentSheet.bundle/ms-MY.lproj/Localizable.strings ... 
2026-05-26 09:48:36 +0000  17889 bytes for ./Stripe_StripePaymentSheet.bundle/ms-MY.lproj/Localizable.strings
2026-05-26 09:48:36 +0000  copying file ./Stripe_StripePaymentSheet.bundle/en.lproj/Localizable.strings ... 
2026-05-26 09:48:36 +0000  29074 bytes for ./Stripe_StripePaymentSheet.bundle/en.lproj/Localizable.strings
2026-05-26 09:48:36 +0000  copying file ./Stripe_StripePaymentSheet.bundle/zh-HK.lproj/Localizable.strings ... 
2026-05-26 09:48:36 +0000  15990 bytes for ./Stripe_StripePaymentSheet.bundle/zh-HK.lproj/Localizable.strings
2026-05-26 09:48:36 +0000  copying file ./Stripe_StripePaymentSheet.bundle/mt.lproj/Localizable.strings ... 
2026-05-26 09:48:36 +0000  18429 bytes for ./Stripe_StripePaymentSheet.bundle/mt.lproj/Localizable.strings
2026-05-26 09:48:36 +0000  copying file ./Stripe_StripePaymentSheet.bundle/nb.lproj/Localizable.strings ... 
2026-05-26 09:48:36 +0000  17109 bytes for ./Stripe_StripePaymentSheet.bundle/nb.lproj/Localizable.strings
2026-05-26 09:48:36 +0000  copying file ./Stripe_StripePaymentSheet.bundle/ca-ES.lproj/Localizable.strings ... 
2026-05-26 09:48:36 +0000  18003 bytes for ./Stripe_StripePaymentSheet.bundle/ca-ES.lproj/Localizable.strings
2026-05-26 09:48:36 +0000  copying file ./Stripe_StripePaymentSheet.bundle/en-GB.lproj/Localizable.strings ... 
2026-05-26 09:48:36 +0000  16553 bytes for ./Stripe_StripePaymentSheet.bundle/en-GB.lproj/Localizable.strings
2026-05-26 09:48:36 +0000  copying file ./Stripe_StripePaymentSheet.bundle/es.lproj/Localizable.strings ... 
2026-05-26 09:48:36 +0000  17879 bytes for ./Stripe_StripePaymentSheet.bundle/es.lproj/Localizable.strings
2026-05-26 09:48:36 +0000  copying file ./Stripe_StripePaymentSheet.bundle/form_specs.json ... 
2026-05-26 09:48:36 +0000  36174 bytes for ./Stripe_StripePaymentSheet.bundle/form_specs.json
2026-05-26 09:48:36 +0000  copying file ./Stripe_StripePaymentSheet.bundle/da.lproj/Localizable.strings ... 
2026-05-26 09:48:36 +0000  17271 bytes for ./Stripe_StripePaymentSheet.bundle/da.lproj/Localizable.strings
2026-05-26 09:48:36 +0000  copying file ./Stripe_StripePaymentSheet.bundle/es-419.lproj/Localizable.strings ... 
2026-05-26 09:48:36 +0000  17939 bytes for ./Stripe_StripePaymentSheet.bundle/es-419.lproj/Localizable.strings
2026-05-26 09:48:36 +0000  copying file ./Stripe_StripePaymentSheet.bundle/it.lproj/Localizable.strings ... 
2026-05-26 09:48:36 +0000  17677 bytes for ./Stripe_StripePaymentSheet.bundle/it.lproj/Localizable.strings
2026-05-26 09:48:36 +0000  copying file ./Stripe_StripePaymentSheet.bundle/fr-CA.lproj/Localizable.strings ... 
2026-05-26 09:48:36 +0000  18903 bytes for ./Stripe_StripePaymentSheet.bundle/fr-CA.lproj/Localizable.strings
2026-05-26 09:48:36 +0000  copying file ./Stripe_StripePaymentSheet.bundle/bg-BG.lproj/Localizable.strings ... 
2026-05-26 09:48:36 +0000  24697 bytes for ./Stripe_StripePaymentSheet.bundle/bg-BG.lproj/Localizable.strings
2026-05-26 09:48:36 +0000  copying file ./Stripe_StripePaymentSheet.bundle/sv.lproj/Localizable.strings ... 
2026-05-26 09:48:36 +0000  17535 bytes for ./Stripe_StripePaymentSheet.bundle/sv.lproj/Localizable.strings
2026-05-26 09:48:36 +0000  copying file ./Stripe_StripePaymentSheet.bundle/ko.lproj/Localizable.strings ... 
2026-05-26 09:48:36 +0000  17181 bytes for ./Stripe_StripePaymentSheet.bundle/ko.lproj/Localizable.strings
2026-05-26 09:48:36 +0000  copying file ./Stripe_StripePaymentSheet.bundle/fil.lproj/Localizable.strings ... 
2026-05-26 09:48:36 +0000  19003 bytes for ./Stripe_StripePaymentSheet.bundle/fil.lproj/Localizable.strings
2026-05-26 09:48:36 +0000  copying file ./Stripe_StripePaymentSheet.bundle/zh-Hant.lproj/Localizable.strings ... 
2026-05-26 09:48:36 +0000  12735 bytes for ./Stripe_StripePaymentSheet.bundle/zh-Hant.lproj/Localizable.strings
2026-05-26 09:48:36 +0000  copying file ./Stripe_StripePaymentSheet.bundle/tk.lproj/Localizable.strings ... 
2026-05-26 09:48:36 +0000  0 bytes for ./Stripe_StripePaymentSheet.bundle/tk.lproj/Localizable.strings
2026-05-26 09:48:36 +0000  copying file ./Stripe_StripePaymentSheet.bundle/ro-RO.lproj/Localizable.strings ... 
2026-05-26 09:48:36 +0000  18671 bytes for ./Stripe_StripePaymentSheet.bundle/ro-RO.lproj/Localizable.strings
2026-05-26 09:48:36 +0000  copying file ./Stripe_StripePaymentSheet.bundle/hu.lproj/Localizable.strings ... 
2026-05-26 09:48:36 +0000  17368 bytes for ./Stripe_StripePaymentSheet.bundle/hu.lproj/Localizable.strings
2026-05-26 09:48:36 +0000  copying file ./Stripe_StripePaymentSheet.bundle/Assets.car ... 
2026-05-26 09:48:36 +0000  772984 bytes for ./Stripe_StripePaymentSheet.bundle/Assets.car
2026-05-26 09:48:36 +0000  copying file ./Stripe_StripePaymentSheet.bundle/tr.lproj/Localizable.strings ... 
2026-05-26 09:48:36 +0000  18357 bytes for ./Stripe_StripePaymentSheet.bundle/tr.lproj/Localizable.strings
2026-05-26 09:48:36 +0000  copying file ./Stripe_StripePaymentSheet.bundle/et-EE.lproj/Localizable.strings ... 
2026-05-26 09:48:36 +0000  16784 bytes for ./Stripe_StripePaymentSheet.bundle/et-EE.lproj/Localizable.strings
2026-05-26 09:48:36 +0000  copying file ./Stripe_StripePaymentSheet.bundle/pt-BR.lproj/Localizable.strings ... 
2026-05-26 09:48:36 +0000  17470 bytes for ./Stripe_StripePaymentSheet.bundle/pt-BR.lproj/Localizable.strings
2026-05-26 09:48:36 +0000  copying file ./Stripe_StripePaymentSheet.bundle/lv-LV.lproj/Localizable.strings ... 
2026-05-26 09:48:36 +0000  17819 bytes for ./Stripe_StripePaymentSheet.bundle/lv-LV.lproj/Localizable.strings
2026-05-26 09:48:36 +0000  copying file ./Stripe_StripePaymentSheet.bundle/vi.lproj/Localizable.strings ... 
2026-05-26 09:48:36 +0000  20471 bytes for ./Stripe_StripePaymentSheet.bundle/vi.lproj/Localizable.strings
2026-05-26 09:48:36 +0000  copying file ./Stripe_StripePaymentSheet.bundle/PrivacyInfo.xcprivacy ... 
2026-05-26 09:48:36 +0000  1351 bytes for ./Stripe_StripePaymentSheet.bundle/PrivacyInfo.xcprivacy
2026-05-26 09:48:36 +0000  copying file ./Stripe_StripePaymentSheet.bundle/ru.lproj/Localizable.strings ... 
2026-05-26 09:48:36 +0000  25156 bytes for ./Stripe_StripePaymentSheet.bundle/ru.lproj/Localizable.strings
2026-05-26 09:48:36 +0000  copying file ./Stripe_StripePaymentSheet.bundle/cs-CZ.lproj/Localizable.strings ... 
2026-05-26 09:48:36 +0000  17802 bytes for ./Stripe_StripePaymentSheet.bundle/cs-CZ.lproj/Localizable.strings
2026-05-26 09:48:36 +0000  copying file ./Stripe_StripePaymentSheet.bundle/sk-SK.lproj/Localizable.strings ... 
2026-05-26 09:48:36 +0000  18444 bytes for ./Stripe_StripePaymentSheet.bundle/sk-SK.lproj/Localizable.strings
2026-05-26 09:48:36 +0000  copying file ./Stripe_StripePaymentSheet.bundle/sl-SI.lproj/Localizable.strings ... 
2026-05-26 09:48:36 +0000  17827 bytes for ./Stripe_StripePaymentSheet.bundle/sl-SI.lproj/Localizable.strings
2026-05-26 09:48:36 +0000  copying file ./Stripe_StripePaymentSheet.bundle/fr.lproj/Localizable.strings ... 
2026-05-26 09:48:36 +0000  18952 bytes for ./Stripe_StripePaymentSheet.bundle/fr.lproj/Localizable.strings
2026-05-26 09:48:36 +0000  copying file ./Stripe_StripePaymentSheet.bundle/fi.lproj/Localizable.strings ... 
2026-05-26 09:48:36 +0000  16883 bytes for ./Stripe_StripePaymentSheet.bundle/fi.lproj/Localizable.strings
2026-05-26 09:48:36 +0000  copying file ./Stripe_StripePaymentSheet.bundle/id.lproj/Localizable.strings ... 
2026-05-26 09:48:36 +0000  17900 bytes for ./Stripe_StripePaymentSheet.bundle/id.lproj/Localizable.strings
2026-05-26 09:48:36 +0000  copying file ./Stripe_StripePaymentSheet.bundle/nl.lproj/Localizable.strings ... 
2026-05-26 09:48:36 +0000  18004 bytes for ./Stripe_StripePaymentSheet.bundle/nl.lproj/Localizable.strings
2026-05-26 09:48:36 +0000  copying file ./Stripe_StripePaymentSheet.bundle/th.lproj/Localizable.strings ... 
2026-05-26 09:48:36 +0000  28993 bytes for ./Stripe_StripePaymentSheet.bundle/th.lproj/Localizable.strings
2026-05-26 09:48:36 +0000  copying file ./Stripe_StripePaymentSheet.bundle/pl-PL.lproj/Localizable.strings ... 
2026-05-26 09:48:36 +0000  17905 bytes for ./Stripe_StripePaymentSheet.bundle/pl-PL.lproj/Localizable.strings
2026-05-26 09:48:36 +0000  copying file ./Stripe_StripePaymentSheet.bundle/pt-PT.lproj/Localizable.strings ... 
2026-05-26 09:48:36 +0000  17996 bytes for ./Stripe_StripePaymentSheet.bundle/pt-PT.lproj/Localizable.strings
2026-05-26 09:48:36 +0000  copying file ./Stripe_StripePaymentSheet.bundle/Info.plist ... 
2026-05-26 09:48:36 +0000  703 bytes for ./Stripe_StripePaymentSheet.bundle/Info.plist
2026-05-26 09:48:36 +0000  copying file ./Stripe_StripePaymentSheet.bundle/hr.lproj/Localizable.strings ... 
2026-05-26 09:48:36 +0000  17369 bytes for ./Stripe_StripePaymentSheet.bundle/hr.lproj/Localizable.strings
2026-05-26 09:48:36 +0000  copying file ./Stripe_StripePayments.bundle/de.lproj/Localizable.strings ... 
2026-05-26 09:48:36 +0000  1143 bytes for ./Stripe_StripePayments.bundle/de.lproj/Localizable.strings
2026-05-26 09:48:36 +0000  copying file ./Stripe_StripePayments.bundle/lt-LT.lproj/Localizable.strings ... 
2026-05-26 09:48:36 +0000  1114 bytes for ./Stripe_StripePayments.bundle/lt-LT.lproj/Localizable.strings
2026-05-26 09:48:36 +0000  copying file ./Stripe_StripePayments.bundle/zh-Hans.lproj/Localizable.strings ... 
2026-05-26 09:48:36 +0000  1032 bytes for ./Stripe_StripePayments.bundle/zh-Hans.lproj/Localizable.strings
2026-05-26 09:48:36 +0000  copying file ./Stripe_StripePayments.bundle/ja.lproj/Localizable.strings ... 
2026-05-26 09:48:36 +0000  1211 bytes for ./Stripe_StripePayments.bundle/ja.lproj/Localizable.strings
2026-05-26 09:48:36 +0000  copying file ./Stripe_StripePayments.bundle/el-GR.lproj/Localizable.strings ... 
2026-05-26 09:48:36 +0000  1346 bytes for ./Stripe_StripePayments.bundle/el-GR.lproj/Localizable.strings
2026-05-26 09:48:36 +0000  copying file ./Stripe_StripePayments.bundle/ms-MY.lproj/Localizable.strings ... 
2026-05-26 09:48:36 +0000  1061 bytes for ./Stripe_StripePayments.bundle/ms-MY.lproj/Localizable.strings
2026-05-26 09:48:36 +0000  copying file ./Stripe_StripePayments.bundle/en.lproj/Localizable.strings ... 
2026-05-26 09:48:36 +0000  2238 bytes for ./Stripe_StripePayments.bundle/en.lproj/Localizable.strings
2026-05-26 09:48:36 +0000  copying file ./Stripe_StripePayments.bundle/zh-HK.lproj/Localizable.strings ... 
2026-05-26 09:48:36 +0000  1016 bytes for ./Stripe_StripePayments.bundle/zh-HK.lproj/Localizable.strings
2026-05-26 09:48:36 +0000  copying file ./Stripe_StripePayments.bundle/mt.lproj/Localizable.strings ... 
2026-05-26 09:48:36 +0000  1122 bytes for ./Stripe_StripePayments.bundle/mt.lproj/Localizable.strings
2026-05-26 09:48:36 +0000  copying file ./Stripe_StripePayments.bundle/nb.lproj/Localizable.strings ... 
2026-05-26 09:48:36 +0000  1059 bytes for ./Stripe_StripePayments.bundle/nb.lproj/Localizable.strings
2026-05-26 09:48:36 +0000  copying file ./Stripe_StripePayments.bundle/ca-ES.lproj/Localizable.strings ... 
2026-05-26 09:48:36 +0000  1109 bytes for ./Stripe_StripePayments.bundle/ca-ES.lproj/Localizable.strings
2026-05-26 09:48:36 +0000  copying file ./Stripe_StripePayments.bundle/en-GB.lproj/Localizable.strings ... 
2026-05-26 09:48:36 +0000  1053 bytes for ./Stripe_StripePayments.bundle/en-GB.lproj/Localizable.strings
2026-05-26 09:48:36 +0000  copying file ./Stripe_StripePayments.bundle/es.lproj/Localizable.strings ... 
2026-05-26 09:48:36 +0000  1085 bytes for ./Stripe_StripePayments.bundle/es.lproj/Localizable.strings
2026-05-26 09:48:36 +0000  copying file ./Stripe_StripePayments.bundle/da.lproj/Localizable.strings ... 
2026-05-26 09:48:36 +0000  1044 bytes for ./Stripe_StripePayments.bundle/da.lproj/Localizable.strings
2026-05-26 09:48:36 +0000  copying file ./Stripe_StripePayments.bundle/es-419.lproj/Localizable.strings ... 
2026-05-26 09:48:36 +0000  1079 bytes for ./Stripe_StripePayments.bundle/es-419.lproj/Localizable.strings
2026-05-26 09:48:36 +0000  copying file ./Stripe_StripePayments.bundle/it.lproj/Localizable.strings ... 
2026-05-26 09:48:36 +0000  1055 bytes for ./Stripe_StripePayments.bundle/it.lproj/Localizable.strings
2026-05-26 09:48:36 +0000  copying file ./Stripe_StripePayments.bundle/fr-CA.lproj/Localizable.strings ... 
2026-05-26 09:48:36 +0000  1152 bytes for ./Stripe_StripePayments.bundle/fr-CA.lproj/Localizable.strings
2026-05-26 09:48:36 +0000  copying file ./Stripe_StripePayments.bundle/bg-BG.lproj/Localizable.strings ... 
2026-05-26 09:48:36 +0000  1320 bytes for ./Stripe_StripePayments.bundle/bg-BG.lproj/Localizable.strings
2026-05-26 09:48:36 +0000  copying file ./Stripe_StripePayments.bundle/sv.lproj/Localizable.strings ... 
2026-05-26 09:48:36 +0000  1062 bytes for ./Stripe_StripePayments.bundle/sv.lproj/Localizable.strings
2026-05-26 09:48:36 +0000  copying file ./Stripe_StripePayments.bundle/ko.lproj/Localizable.strings ... 
2026-05-26 09:48:36 +0000  1088 bytes for ./Stripe_StripePayments.bundle/ko.lproj/Localizable.strings
2026-05-26 09:48:36 +0000  copying file ./Stripe_StripePayments.bundle/fil.lproj/Localizable.strings ... 
2026-05-26 09:48:36 +0000  1090 bytes for ./Stripe_StripePayments.bundle/fil.lproj/Localizable.strings
2026-05-26 09:48:36 +0000  copying file ./Stripe_StripePayments.bundle/zh-Hant.lproj/Localizable.strings ... 
2026-05-26 09:48:36 +0000  1019 bytes for ./Stripe_StripePayments.bundle/zh-Hant.lproj/Localizable.strings
2026-05-26 09:48:36 +0000  copying file ./Stripe_StripePayments.bundle/tk.lproj/Localizable.strings ... 
2026-05-26 09:48:36 +0000  0 bytes for ./Stripe_StripePayments.bundle/tk.lproj/Localizable.strings
2026-05-26 09:48:36 +0000  copying file ./Stripe_StripePayments.bundle/ro-RO.lproj/Localizable.strings ... 
2026-05-26 09:48:36 +0000  1077 bytes for ./Stripe_StripePayments.bundle/ro-RO.lproj/Localizable.strings
2026-05-26 09:48:36 +0000  copying file ./Stripe_StripePayments.bundle/hu.lproj/Localizable.strings ... 
2026-05-26 09:48:36 +0000  1121 bytes for ./Stripe_StripePayments.bundle/hu.lproj/Localizable.strings
2026-05-26 09:48:36 +0000  copying file ./Stripe_StripePayments.bundle/tr.lproj/Localizable.strings ... 
2026-05-26 09:48:36 +0000  1089 bytes for ./Stripe_StripePayments.bundle/tr.lproj/Localizable.strings
2026-05-26 09:48:36 +0000  copying file ./Stripe_StripePayments.bundle/et-EE.lproj/Localizable.strings ... 
2026-05-26 09:48:36 +0000  1046 bytes for ./Stripe_StripePayments.bundle/et-EE.lproj/Localizable.strings
2026-05-26 09:48:36 +0000  copying file ./Stripe_StripePayments.bundle/pt-BR.lproj/Localizable.strings ... 
2026-05-26 09:48:36 +0000  1091 bytes for ./Stripe_StripePayments.bundle/pt-BR.lproj/Localizable.strings
2026-05-26 09:48:36 +0000  copying file ./Stripe_StripePayments.bundle/lv-LV.lproj/Localizable.strings ... 
2026-05-26 09:48:36 +0000  1111 bytes for ./Stripe_StripePayments.bundle/lv-LV.lproj/Localizable.strings
2026-05-26 09:48:36 +0000  copying file ./Stripe_StripePayments.bundle/vi.lproj/Localizable.strings ... 
2026-05-26 09:48:36 +0000  1179 bytes for ./Stripe_StripePayments.bundle/vi.lproj/Localizable.strings
2026-05-26 09:48:36 +0000  copying file ./Stripe_StripePayments.bundle/ru.lproj/Localizable.strings ... 
2026-05-26 09:48:36 +0000  1307 bytes for ./Stripe_StripePayments.bundle/ru.lproj/Localizable.strings
2026-05-26 09:48:36 +0000  copying file ./Stripe_StripePayments.bundle/cs-CZ.lproj/Localizable.strings ... 
2026-05-26 09:48:36 +0000  1066 bytes for ./Stripe_StripePayments.bundle/cs-CZ.lproj/Localizable.strings
2026-05-26 09:48:36 +0000  copying file ./Stripe_StripePayments.bundle/sk-SK.lproj/Localizable.strings ... 
2026-05-26 09:48:36 +0000  1043 bytes for ./Stripe_StripePayments.bundle/sk-SK.lproj/Localizable.strings
2026-05-26 09:48:36 +0000  copying file ./Stripe_StripePayments.bundle/sl-SI.lproj/Localizable.strings ... 
2026-05-26 09:48:36 +0000  1143 bytes for ./Stripe_StripePayments.bundle/sl-SI.lproj/Localizable.strings
2026-05-26 09:48:36 +0000  copying file ./Stripe_StripePayments.bundle/fr.lproj/Localizable.strings ... 
2026-05-26 09:48:36 +0000  1159 bytes for ./Stripe_StripePayments.bundle/fr.lproj/Localizable.strings
2026-05-26 09:48:36 +0000  copying file ./Stripe_StripePayments.bundle/fi.lproj/Localizable.strings ... 
2026-05-26 09:48:36 +0000  1049 bytes for ./Stripe_StripePayments.bundle/fi.lproj/Localizable.strings
2026-05-26 09:48:36 +0000  copying file ./Stripe_StripePayments.bundle/id.lproj/Localizable.strings ... 
2026-05-26 09:48:36 +0000  1067 bytes for ./Stripe_StripePayments.bundle/id.lproj/Localizable.strings
2026-05-26 09:48:36 +0000  copying file ./Stripe_StripePayments.bundle/nl.lproj/Localizable.strings ... 
2026-05-26 09:48:36 +0000  1075 bytes for ./Stripe_StripePayments.bundle/nl.lproj/Localizable.strings
2026-05-26 09:48:36 +0000  copying file ./Stripe_StripePayments.bundle/th.lproj/Localizable.strings ... 
2026-05-26 09:48:36 +0000  1625 bytes for ./Stripe_StripePayments.bundle/th.lproj/Localizable.strings
2026-05-26 09:48:36 +0000  copying file ./Stripe_StripePayments.bundle/pl-PL.lproj/Localizable.strings ... 
2026-05-26 09:48:36 +0000  1105 bytes for ./Stripe_StripePayments.bundle/pl-PL.lproj/Localizable.strings
2026-05-26 09:48:36 +0000  copying file ./Stripe_StripePayments.bundle/pt-PT.lproj/Localizable.strings ... 
2026-05-26 09:48:36 +0000  1103 bytes for ./Stripe_StripePayments.bundle/pt-PT.lproj/Localizable.strings
2026-05-26 09:48:36 +0000  copying file ./Stripe_StripePayments.bundle/Info.plist ... 
2026-05-26 09:48:36 +0000  695 bytes for ./Stripe_StripePayments.bundle/Info.plist
2026-05-26 09:48:36 +0000  copying file ./Stripe_StripePayments.bundle/hr.lproj/Localizable.strings ... 
2026-05-26 09:48:36 +0000  1070 bytes for ./Stripe_StripePayments.bundle/hr.lproj/Localizable.strings
2026-05-26 09:48:36 +0000  copying file ./Stripe_Stripe.bundle/Assets.car ... 
2026-05-26 09:48:36 +0000  20392 bytes for ./Stripe_Stripe.bundle/Assets.car
2026-05-26 09:48:36 +0000  copying file ./Stripe_Stripe.bundle/PrivacyInfo.xcprivacy ... 
2026-05-26 09:48:36 +0000  1351 bytes for ./Stripe_Stripe.bundle/PrivacyInfo.xcprivacy
2026-05-26 09:48:36 +0000  copying file ./Stripe_Stripe.bundle/Info.plist ... 
2026-05-26 09:48:36 +0000  677 bytes for ./Stripe_Stripe.bundle/Info.plist
2026-05-26 09:48:36 +0000  copying file ./Stripe_StripeCore.bundle/de.lproj/Localizable.strings ... 
2026-05-26 09:48:36 +0000  2200 bytes for ./Stripe_StripeCore.bundle/de.lproj/Localizable.strings
2026-05-26 09:48:36 +0000  copying file ./Stripe_StripeCore.bundle/lt-LT.lproj/Localizable.strings ... 
2026-05-26 09:48:36 +0000  2097 bytes for ./Stripe_StripeCore.bundle/lt-LT.lproj/Localizable.strings
2026-05-26 09:48:36 +0000  copying file ./Stripe_StripeCore.bundle/zh-Hans.lproj/Localizable.strings ... 
2026-05-26 09:48:36 +0000  1873 bytes for ./Stripe_StripeCore.bundle/zh-Hans.lproj/Localizable.strings
2026-05-26 09:48:36 +0000  copying file ./Stripe_StripeCore.bundle/ja.lproj/Localizable.strings ... 
2026-05-26 09:48:36 +0000  2581 bytes for ./Stripe_StripeCore.bundle/ja.lproj/Localizable.strings
2026-05-26 09:48:36 +0000  copying file ./Stripe_StripeCore.bundle/el-GR.lproj/Localizable.strings ... 
2026-05-26 09:48:36 +0000  3034 bytes for ./Stripe_StripeCore.bundle/el-GR.lproj/Localizable.strings
2026-05-26 09:48:36 +0000  copying file ./Stripe_StripeCore.bundle/ms-MY.lproj/Localizable.strings ... 
2026-05-26 09:48:36 +0000  2008 bytes for ./Stripe_StripeCore.bundle/ms-MY.lproj/Localizable.strings
2026-05-26 09:48:36 +0000  copying file ./Stripe_StripeCore.bundle/en.lproj/Localizable.strings ... 
2026-05-26 09:48:36 +0000  3447 bytes for ./Stripe_StripeCore.bundle/en.lproj/Localizable.strings
2026-05-26 09:48:36 +0000  copying file ./Stripe_StripeCore.bundle/zh-HK.lproj/Localizable.strings ... 
2026-05-26 09:48:36 +0000  1862 bytes for ./Stripe_StripeCore.bundle/zh-HK.lproj/Localizable.strings
2026-05-26 09:48:36 +0000  copying file ./Stripe_StripeCore.bundle/mt.lproj/Localizable.strings ... 
2026-05-26 09:48:36 +0000  2215 bytes for ./Stripe_StripeCore.bundle/mt.lproj/Localizable.strings
2026-05-26 09:48:36 +0000  copying file ./Stripe_StripeCore.bundle/nb.lproj/Localizable.strings ... 
2026-05-26 09:48:36 +0000  1971 bytes for ./Stripe_StripeCore.bundle/nb.lproj/Localizable.strings
2026-05-26 09:48:36 +0000  copying file ./Stripe_StripeCore.bundle/ca-ES.lproj/Localizable.strings ... 
2026-05-26 09:48:36 +0000  2178 bytes for ./Stripe_StripeCore.bundle/ca-ES.lproj/Localizable.strings
2026-05-26 09:48:36 +0000  copying file ./Stripe_StripeCore.bundle/en-GB.lproj/Localizable.strings ... 
2026-05-26 09:48:36 +0000  1932 bytes for ./Stripe_StripeCore.bundle/en-GB.lproj/Localizable.strings
2026-05-26 09:48:36 +0000  copying file ./Stripe_StripeCore.bundle/es.lproj/Localizable.strings ... 
2026-05-26 09:48:36 +0000  2119 bytes for ./Stripe_StripeCore.bundle/es.lproj/Localizable.strings
2026-05-26 09:48:36 +0000  copying file ./Stripe_StripeCore.bundle/da.lproj/Localizable.strings ... 
2026-05-26 09:48:36 +0000  1978 bytes for ./Stripe_StripeCore.bundle/da.lproj/Localizable.strings
2026-05-26 09:48:36 +0000  copying file ./Stripe_StripeCore.bundle/es-419.lproj/Localizable.strings ... 
2026-05-26 09:48:36 +0000  2124 bytes for ./Stripe_StripeCore.bundle/es-419.lproj/Localizable.strings
2026-05-26 09:48:36 +0000  copying file ./Stripe_StripeCore.bundle/it.lproj/Localizable.strings ... 
2026-05-26 09:48:36 +0000  2123 bytes for ./Stripe_StripeCore.bundle/it.lproj/Localizable.strings
2026-05-26 09:48:36 +0000  copying file ./Stripe_StripeCore.bundle/fr-CA.lproj/Localizable.strings ... 
2026-05-26 09:48:37 +0000  2209 bytes for ./Stripe_StripeCore.bundle/fr-CA.lproj/Localizable.strings
2026-05-26 09:48:37 +0000  copying file ./Stripe_StripeCore.bundle/bg-BG.lproj/Localizable.strings ... 
2026-05-26 09:48:37 +0000  2962 bytes for ./Stripe_StripeCore.bundle/bg-BG.lproj/Localizable.strings
2026-05-26 09:48:37 +0000  copying file ./Stripe_StripeCore.bundle/sv.lproj/Localizable.strings ... 
2026-05-26 09:48:37 +0000  1986 bytes for ./Stripe_StripeCore.bundle/sv.lproj/Localizable.strings
2026-05-26 09:48:37 +0000  copying file ./Stripe_StripeCore.bundle/ko.lproj/Localizable.strings ... 
2026-05-26 09:48:37 +0000  2276 bytes for ./Stripe_StripeCore.bundle/ko.lproj/Localizable.strings
2026-05-26 09:48:37 +0000  copying file ./Stripe_StripeCore.bundle/fil.lproj/Localizable.strings ... 
2026-05-26 09:48:37 +0000  2136 bytes for ./Stripe_StripeCore.bundle/fil.lproj/Localizable.strings
2026-05-26 09:48:37 +0000  copying file ./Stripe_StripeCore.bundle/zh-Hant.lproj/Localizable.strings ... 
2026-05-26 09:48:37 +0000  1732 bytes for ./Stripe_StripeCore.bundle/zh-Hant.lproj/Localizable.strings
2026-05-26 09:48:37 +0000  copying file ./Stripe_StripeCore.bundle/ro-RO.lproj/Localizable.strings ... 
2026-05-26 09:48:37 +0000  2163 bytes for ./Stripe_StripeCore.bundle/ro-RO.lproj/Localizable.strings
2026-05-26 09:48:37 +0000  copying file ./Stripe_StripeCore.bundle/hu.lproj/Localizable.strings ... 
2026-05-26 09:48:37 +0000  2154 bytes for ./Stripe_StripeCore.bundle/hu.lproj/Localizable.strings
2026-05-26 09:48:37 +0000  copying file ./Stripe_StripeCore.bundle/tr.lproj/Localizable.strings ... 
2026-05-26 09:48:37 +0000  2054 bytes for ./Stripe_StripeCore.bundle/tr.lproj/Localizable.strings
2026-05-26 09:48:37 +0000  copying file ./Stripe_StripeCore.bundle/et-EE.lproj/Localizable.strings ... 
2026-05-26 09:48:37 +0000  1988 bytes for ./Stripe_StripeCore.bundle/et-EE.lproj/Localizable.strings
2026-05-26 09:48:37 +0000  copying file ./Stripe_StripeCore.bundle/pt-BR.lproj/Localizable.strings ... 
2026-05-26 09:48:37 +0000  2033 bytes for ./Stripe_StripeCore.bundle/pt-BR.lproj/Localizable.strings
2026-05-26 09:48:37 +0000  copying file ./Stripe_StripeCore.bundle/lv-LV.lproj/Localizable.strings ... 
2026-05-26 09:48:37 +0000  2147 bytes for ./Stripe_StripeCore.bundle/lv-LV.lproj/Localizable.strings
2026-05-26 09:48:37 +0000  copying file ./Stripe_StripeCore.bundle/vi.lproj/Localizable.strings ... 
2026-05-26 09:48:37 +0000  2205 bytes for ./Stripe_StripeCore.bundle/vi.lproj/Localizable.strings
2026-05-26 09:48:37 +0000  copying file ./Stripe_StripeCore.bundle/PrivacyInfo.xcprivacy ... 
2026-05-26 09:48:37 +0000  971 bytes for ./Stripe_StripeCore.bundle/PrivacyInfo.xcprivacy
2026-05-26 09:48:37 +0000  copying file ./Stripe_StripeCore.bundle/ru.lproj/Localizable.strings ... 
2026-05-26 09:48:37 +0000  2843 bytes for ./Stripe_StripeCore.bundle/ru.lproj/Localizable.strings
2026-05-26 09:48:37 +0000  copying file ./Stripe_StripeCore.bundle/cs-CZ.lproj/Localizable.strings ... 
2026-05-26 09:48:37 +0000  2178 bytes for ./Stripe_StripeCore.bundle/cs-CZ.lproj/Localizable.strings
2026-05-26 09:48:37 +0000  copying file ./Stripe_StripeCore.bundle/sk-SK.lproj/Localizable.strings ... 
2026-05-26 09:48:37 +0000  2181 bytes for ./Stripe_StripeCore.bundle/sk-SK.lproj/Localizable.strings
2026-05-26 09:48:37 +0000  copying file ./Stripe_StripeCore.bundle/sl-SI.lproj/Localizable.strings ... 
2026-05-26 09:48:37 +0000  2118 bytes for ./Stripe_StripeCore.bundle/sl-SI.lproj/Localizable.strings
2026-05-26 09:48:37 +0000  copying file ./Stripe_StripeCore.bundle/fr.lproj/Localizable.strings ... 
2026-05-26 09:48:37 +0000  2229 bytes for ./Stripe_StripeCore.bundle/fr.lproj/Localizable.strings
2026-05-26 09:48:37 +0000  copying file ./Stripe_StripeCore.bundle/fi.lproj/Localizable.strings ... 
2026-05-26 09:48:37 +0000  2019 bytes for ./Stripe_StripeCore.bundle/fi.lproj/Localizable.strings
2026-05-26 09:48:37 +0000  copying file ./Stripe_StripeCore.bundle/id.lproj/Localizable.strings ... 
2026-05-26 09:48:37 +0000  2019 bytes for ./Stripe_StripeCore.bundle/id.lproj/Localizable.strings
2026-05-26 09:48:37 +0000  copying file ./Stripe_StripeCore.bundle/nl.lproj/Localizable.strings ... 
2026-05-26 09:48:37 +0000  2096 bytes for ./Stripe_StripeCore.bundle/nl.lproj/Localizable.strings
2026-05-26 09:48:37 +0000  copying file ./Stripe_StripeCore.bundle/th.lproj/Localizable.strings ... 
2026-05-26 09:48:37 +0000  3249 bytes for ./Stripe_StripeCore.bundle/th.lproj/Localizable.strings
2026-05-26 09:48:37 +0000  copying file ./Stripe_StripeCore.bundle/pl-PL.lproj/Localizable.strings ... 
2026-05-26 09:48:37 +0000  2181 bytes for ./Stripe_StripeCore.bundle/pl-PL.lproj/Localizable.strings
2026-05-26 09:48:37 +0000  copying file ./Stripe_StripeCore.bundle/pt-PT.lproj/Localizable.strings ... 
2026-05-26 09:48:37 +0000  2123 bytes for ./Stripe_StripeCore.bundle/pt-PT.lproj/Localizable.strings
2026-05-26 09:48:37 +0000  copying file ./Stripe_StripeCore.bundle/Info.plist ... 
2026-05-26 09:48:37 +0000  687 bytes for ./Stripe_StripeCore.bundle/Info.plist
2026-05-26 09:48:37 +0000  copying file ./Stripe_StripeCore.bundle/hr.lproj/Localizable.strings ... 
2026-05-26 09:48:37 +0000  2071 bytes for ./Stripe_StripeCore.bundle/hr.lproj/Localizable.strings
2026-05-26 09:48:37 +0000  copying file ./Stripe_StripeFinancialConnections.bundle/de.lproj/Localizable.strings ... 
2026-05-26 09:48:37 +0000  8932 bytes for ./Stripe_StripeFinancialConnections.bundle/de.lproj/Localizable.strings
2026-05-26 09:48:37 +0000  copying file ./Stripe_StripeFinancialConnections.bundle/lt-LT.lproj/Localizable.strings ... 
2026-05-26 09:48:37 +0000  8629 bytes for ./Stripe_StripeFinancialConnections.bundle/lt-LT.lproj/Localizable.strings
2026-05-26 09:48:37 +0000  copying file ./Stripe_StripeFinancialConnections.bundle/chevron_down@3x.png ... 
2026-05-26 09:48:37 +0000  475 bytes for ./Stripe_StripeFinancialConnections.bundle/chevron_down@3x.png
2026-05-26 09:48:37 +0000  copying file ./Stripe_StripeFinancialConnections.bundle/zh-Hans.lproj/Localizable.strings ... 
2026-05-26 09:48:37 +0000  7554 bytes for ./Stripe_StripeFinancialConnections.bundle/zh-Hans.lproj/Localizable.strings
2026-05-26 09:48:37 +0000  copying file ./Stripe_StripeFinancialConnections.bundle/ja.lproj/Localizable.strings ... 
2026-05-26 09:48:37 +0000  9596 bytes for ./Stripe_StripeFinancialConnections.bundle/ja.lproj/Localizable.strings
2026-05-26 09:48:37 +0000  copying file ./Stripe_StripeFinancialConnections.bundle/el-GR.lproj/Localizable.strings ... 
2026-05-26 09:48:37 +0000  12777 bytes for ./Stripe_StripeFinancialConnections.bundle/el-GR.lproj/Localizable.strings
2026-05-26 09:48:37 +0000  copying file ./Stripe_StripeFinancialConnections.bundle/ms-MY.lproj/Localizable.strings ... 
2026-05-26 09:48:37 +0000  8250 bytes for ./Stripe_StripeFinancialConnections.bundle/ms-MY.lproj/Localizable.strings
2026-05-26 09:48:37 +0000  copying file ./Stripe_StripeFinancialConnections.bundle/en.lproj/Localizable.strings ... 
2026-05-26 09:48:37 +0000  27070 bytes for ./Stripe_StripeFinancialConnections.bundle/en.lproj/Localizable.strings
2026-05-26 09:48:37 +0000  copying file ./Stripe_StripeFinancialConnections.bundle/zh-HK.lproj/Localizable.strings ... 
2026-05-26 09:48:37 +0000  7544 bytes for ./Stripe_StripeFinancialConnections.bundle/zh-HK.lproj/Localizable.strings
2026-05-26 09:48:37 +0000  copying file ./Stripe_StripeFinancialConnections.bundle/mt.lproj/Localizable.strings ... 
2026-05-26 09:48:37 +0000  8866 bytes for ./Stripe_StripeFinancialConnections.bundle/mt.lproj/Localizable.strings
2026-05-26 09:48:37 +0000  copying file ./Stripe_StripeFinancialConnections.bundle/add@3x.png ... 
2026-05-26 09:48:37 +0000  490 bytes for ./Stripe_StripeFinancialConnections.bundle/add@3x.png
2026-05-26 09:48:37 +0000  copying file ./Stripe_StripeFinancialConnections.bundle/search@3x.png ... 
2026-05-26 09:48:37 +0000  1425 bytes for ./Stripe_StripeFinancialConnections.bundle/search@3x.png
2026-05-26 09:48:37 +0000  copying file ./Stripe_StripeFinancialConnections.bundle/nb.lproj/Localizable.strings ... 
2026-05-26 09:48:37 +0000  8011 bytes for ./Stripe_StripeFinancialConnections.bundle/nb.lproj/Localizable.strings
2026-05-26 09:48:37 +0000  copying file ./Stripe_StripeFinancialConnections.bundle/link_logo@3x.png ... 
2026-05-26 09:48:37 +0000  3548 bytes for ./Stripe_StripeFinancialConnections.bundle/link_logo@3x.png
2026-05-26 09:48:37 +0000  copying file ./Stripe_StripeFinancialConnections.bundle/ca-ES.lproj/Localizable.strings ... 
2026-05-26 09:48:37 +0000  8593 bytes for ./Stripe_StripeFinancialConnections.bundle/ca-ES.lproj/Localizable.strings
2026-05-26 09:48:37 +0000  copying file ./Stripe_StripeFinancialConnections.bundle/en-GB.lproj/Localizable.strings ... 
2026-05-26 09:48:37 +0000  7925 bytes for ./Stripe_StripeFinancialConnections.bundle/en-GB.lproj/Localizable.strings
2026-05-26 09:48:37 +0000  copying file ./Stripe_StripeFinancialConnections.bundle/es.lproj/Localizable.strings ... 
2026-05-26 09:48:37 +0000  8569 bytes for ./Stripe_StripeFinancialConnections.bundle/es.lproj/Localizable.strings
2026-05-26 09:48:37 +0000  copying file ./Stripe_StripeFinancialConnections.bundle/da.lproj/Localizable.strings ... 
2026-05-26 09:48:37 +0000  8106 bytes for ./Stripe_StripeFinancialConnections.bundle/da.lproj/Localizable.strings
2026-05-26 09:48:37 +0000  copying file ./Stripe_StripeFinancialConnections.bundle/es-419.lproj/Localizable.strings ... 
2026-05-26 09:48:37 +0000  8530 bytes for ./Stripe_StripeFinancialConnections.bundle/es-419.lproj/Localizable.strings
2026-05-26 09:48:37 +0000  copying file ./Stripe_StripeFinancialConnections.bundle/info@3x.png ... 
2026-05-26 09:48:37 +0000  820 bytes for ./Stripe_StripeFinancialConnections.bundle/info@3x.png
2026-05-26 09:48:37 +0000  copying file ./Stripe_StripeFinancialConnections.bundle/it.lproj/Localizable.strings ... 
2026-05-26 09:48:37 +0000  8431 bytes for ./Stripe_StripeFinancialConnections.bundle/it.lproj/Localizable.strings
2026-05-26 09:48:37 +0000  copying file ./Stripe_StripeFinancialConnections.bundle/nn-NO.lproj/Localizable.strings ... 
2026-05-26 09:48:37 +0000  0 bytes for ./Stripe_StripeFinancialConnections.bundle/nn-NO.lproj/Localizable.strings
2026-05-26 09:48:37 +0000  copying file ./Stripe_StripeFinancialConnections.bundle/fr-CA.lproj/Localizable.strings ... 
2026-05-26 09:48:37 +0000  9347 bytes for ./Stripe_StripeFinancialConnections.bundle/fr-CA.lproj/Localizable.strings
2026-05-26 09:48:37 +0000  copying file ./Stripe_StripeFinancialConnections.bundle/cancel_circle@3x.png ... 
2026-05-26 09:48:37 +0000  1208 bytes for ./Stripe_StripeFinancialConnections.bundle/cancel_circle@3x.png
2026-05-26 09:48:37 +0000  copying file ./Stripe_StripeFinancialConnections.bundle/bg-BG.lproj/Localizable.strings ... 
2026-05-26 09:48:37 +0000  11655 bytes for ./Stripe_StripeFinancialConnections.bundle/bg-BG.lproj/Localizable.strings
2026-05-26 09:48:37 +0000  copying file ./Stripe_StripeFinancialConnections.bundle/sv.lproj/Localizable.strings ... 
2026-05-26 09:48:37 +0000  8058 bytes for ./Stripe_StripeFinancialConnections.bundle/sv.lproj/Localizable.strings
2026-05-26 09:48:37 +0000  copying file ./Stripe_StripeFinancialConnections.bundle/stripe_logo@3x.png ... 
2026-05-26 09:48:37 +0000  2889 bytes for ./Stripe_StripeFinancialConnections.bundle/stripe_logo@3x.png
2026-05-26 09:48:37 +0000  copying file ./Stripe_StripeFinancialConnections.bundle/ko.lproj/Localizable.strings ... 
2026-05-26 09:48:37 +0000  8949 bytes for ./Stripe_StripeFinancialConnections.bundle/ko.lproj/Localizable.strings
2026-05-26 09:48:37 +0000  copying file ./Stripe_StripeFinancialConnections.bundle/fil.lproj/Localizable.strings ... 
2026-05-26 09:48:37 +0000  8815 bytes for ./Stripe_StripeFinancialConnections.bundle/fil.lproj/Localizable.strings
2026-05-26 09:48:37 +0000  copying file ./Stripe_StripeFinancialConnections.bundle/zh-Hant.lproj/Localizable.strings ... 
2026-05-26 09:48:37 +0000  6242 bytes for ./Stripe_StripeFinancialConnections.bundle/zh-Hant.lproj/Localizable.strings
2026-05-26 09:48:37 +0000  copying file ./Stripe_StripeFinancialConnections.bundle/panel_arrow_right@3x.png ... 
2026-05-26 09:48:37 +0000  737 bytes for ./Stripe_StripeFinancialConnections.bundle/panel_arrow_right@3x.png
2026-05-26 09:48:37 +0000  copying file ./Stripe_StripeFinancialConnections.bundle/ro-RO.lproj/Localizable.strings ... 
2026-05-26 09:48:37 +0000  8747 bytes for ./Stripe_StripeFinancialConnections.bundle/ro-RO.lproj/Localizable.strings
2026-05-26 09:48:37 +0000  copying file ./Stripe_StripeFinancialConnections.bundle/hu.lproj/Localizable.strings ... 
2026-05-26 09:48:37 +0000  8730 bytes for ./Stripe_StripeFinancialConnections.bundle/hu.lproj/Localizable.strings
2026-05-26 09:48:37 +0000  copying file ./Stripe_StripeFinancialConnections.bundle/tr.lproj/Localizable.strings ... 
2026-05-26 09:48:37 +0000  8437 bytes for ./Stripe_StripeFinancialConnections.bundle/tr.lproj/Localizable.strings
2026-05-26 09:48:37 +0000  copying file ./Stripe_StripeFinancialConnections.bundle/et-EE.lproj/Localizable.strings ... 
2026-05-26 09:48:37 +0000  8142 bytes for ./Stripe_StripeFinancialConnections.bundle/et-EE.lproj/Localizable.strings
2026-05-26 09:48:37 +0000  copying file ./Stripe_StripeFinancialConnections.bundle/check@3x.png ... 
2026-05-26 09:48:37 +0000  460 bytes for ./Stripe_StripeFinancialConnections.bundle/check@3x.png
2026-05-26 09:48:37 +0000  copying file ./Stripe_StripeFinancialConnections.bundle/pt-BR.lproj/Localizable.strings ... 
2026-05-26 09:48:37 +0000  8250 bytes for ./Stripe_StripeFinancialConnections.bundle/pt-BR.lproj/Localizable.strings
2026-05-26 09:48:37 +0000  copying file ./Stripe_StripeFinancialConnections.bundle/lv-LV.lproj/Localizable.strings ... 
2026-05-26 09:48:37 +0000  8177 bytes for ./Stripe_StripeFinancialConnections.bundle/lv-LV.lproj/Localizable.strings
2026-05-26 09:48:37 +0000  copying file ./Stripe_StripeFinancialConnections.bundle/vi.lproj/Localizable.strings ... 
2026-05-26 09:48:37 +0000  9811 bytes for ./Stripe_StripeFinancialConnections.bundle/vi.lproj/Localizable.strings
2026-05-26 09:48:37 +0000  copying file ./Stripe_StripeFinancialConnections.bundle/PrivacyInfo.xcprivacy ... 
2026-05-26 09:48:37 +0000  1352 bytes for ./Stripe_StripeFinancialConnections.bundle/PrivacyInfo.xcprivacy
2026-05-26 09:48:37 +0000  copying file ./Stripe_StripeFinancialConnections.bundle/ru.lproj/Localizable.strings ... 
2026-05-26 09:48:37 +0000  11550 bytes for ./Stripe_StripeFinancialConnections.bundle/ru.lproj/Localizable.strings
2026-05-26 09:48:37 +0000  copying file ./Stripe_StripeFinancialConnections.bundle/cs-CZ.lproj/Localizable.strings ... 
2026-05-26 09:48:37 +0000  8361 bytes for ./Stripe_StripeFinancialConnections.bundle/cs-CZ.lproj/Localizable.strings
2026-05-26 09:48:37 +0000  copying file ./Stripe_StripeFinancialConnections.bundle/sk-SK.lproj/Localizable.strings ... 
2026-05-26 09:48:37 +0000  8340 bytes for ./Stripe_StripeFinancialConnections.bundle/sk-SK.lproj/Localizable.strings
2026-05-26 09:48:37 +0000  copying file ./Stripe_StripeFinancialConnections.bundle/sl-SI.lproj/Localizable.strings ... 
2026-05-26 09:48:37 +0000  8316 bytes for ./Stripe_StripeFinancialConnections.bundle/sl-SI.lproj/Localizable.strings
2026-05-26 09:48:37 +0000  copying file ./Stripe_StripeFinancialConnections.bundle/warning_triangle@3x.png ... 
2026-05-26 09:48:37 +0000  914 bytes for ./Stripe_StripeFinancialConnections.bundle/warning_triangle@3x.png
2026-05-26 09:48:37 +0000  copying file ./Stripe_StripeFinancialConnections.bundle/person@3x.png ... 
2026-05-26 09:48:37 +0000  1039 bytes for ./Stripe_StripeFinancialConnections.bundle/person@3x.png
2026-05-26 09:48:37 +0000  copying file ./Stripe_StripeFinancialConnections.bundle/fr.lproj/Localizable.strings ... 
2026-05-26 09:48:37 +0000  9178 bytes for ./Stripe_StripeFinancialConnections.bundle/fr.lproj/Localizable.strings
2026-05-26 09:48:37 +0000  copying file ./Stripe_StripeFinancialConnections.bundle/back_arrow@3x.png ... 
2026-05-26 09:48:37 +0000  642 bytes for ./Stripe_StripeFinancialConnections.bundle/back_arrow@3x.png
2026-05-26 09:48:37 +0000  copying file ./Stripe_StripeFinancialConnections.bundle/fi.lproj/Localizable.strings ... 
2026-05-26 09:48:37 +0000  8117 bytes for ./Stripe_StripeFinancialConnections.bundle/fi.lproj/Localizable.strings
2026-05-26 09:48:37 +0000  copying file ./Stripe_StripeFinancialConnections.bundle/id.lproj/Localizable.strings ... 
2026-05-26 09:48:37 +0000  8160 bytes for ./Stripe_StripeFinancialConnections.bundle/id.lproj/Localizable.strings
2026-05-26 09:48:37 +0000  copying file ./Stripe_StripeFinancialConnections.bundle/nl.lproj/Localizable.strings ... 
2026-05-26 09:48:37 +0000  8451 bytes for ./Stripe_StripeFinancialConnections.bundle/nl.lproj/Localizable.strings
2026-05-26 09:48:37 +0000  copying file ./Stripe_StripeFinancialConnections.bundle/th.lproj/Localizable.strings ... 
2026-05-26 09:48:37 +0000  13848 bytes for ./Stripe_StripeFinancialConnections.bundle/th.lproj/Localizable.strings
2026-05-26 09:48:37 +0000  copying file ./Stripe_StripeFinancialConnections.bundle/pl-PL.lproj/Localizable.strings ... 
2026-05-26 09:48:37 +0000  8428 bytes for ./Stripe_StripeFinancialConnections.bundle/pl-PL.lproj/Localizable.strings
2026-05-26 09:48:37 +0000  copying file ./Stripe_StripeFinancialConnections.bundle/bullet@3x.png ... 
2026-05-26 09:48:37 +0000  327 bytes for ./Stripe_StripeFinancialConnections.bundle/bullet@3x.png
2026-05-26 09:48:37 +0000  copying file ./Stripe_StripeFinancialConnections.bundle/close@3x.png ... 
2026-05-26 09:48:37 +0000  788 bytes for ./Stripe_StripeFinancialConnections.bundle/close@3x.png
2026-05-26 09:48:37 +0000  copying file ./Stripe_StripeFinancialConnections.bundle/generic_error@3x.png ... 
2026-05-26 09:48:37 +0000  3439 bytes for ./Stripe_StripeFinancialConnections.bundle/generic_error@3x.png
2026-05-26 09:48:37 +0000  copying file ./Stripe_StripeFinancialConnections.bundle/pt-PT.lproj/Localizable.strings ... 
2026-05-26 09:48:37 +0000  8457 bytes for ./Stripe_StripeFinancialConnections.bundle/pt-PT.lproj/Localizable.strings
2026-05-26 09:48:37 +0000  copying file ./Stripe_StripeFinancialConnections.bundle/testmode@3x.png ... 
2026-05-26 09:48:37 +0000  1571 bytes for ./Stripe_StripeFinancialConnections.bundle/testmode@3x.png
2026-05-26 09:48:37 +0000  copying file ./Stripe_StripeFinancialConnections.bundle/Info.plist ... 
2026-05-26 09:48:37 +0000  719 bytes for ./Stripe_StripeFinancialConnections.bundle/Info.plist
2026-05-26 09:48:37 +0000  copying file ./Stripe_StripeFinancialConnections.bundle/bank@3x.png ... 
2026-05-26 09:48:37 +0000  2116 bytes for ./Stripe_StripeFinancialConnections.bundle/bank@3x.png
2026-05-26 09:48:37 +0000  copying file ./Stripe_StripeFinancialConnections.bundle/spinner@3x.png ... 
2026-05-26 09:48:37 +0000  8428 bytes for ./Stripe_StripeFinancialConnections.bundle/spinner@3x.png
2026-05-26 09:48:37 +0000  copying file ./Stripe_StripeFinancialConnections.bundle/hr.lproj/Localizable.strings ... 
2026-05-26 09:48:37 +0000  8266 bytes for ./Stripe_StripeFinancialConnections.bundle/hr.lproj/Localizable.strings
2026-05-26 09:48:37 +0000  copying file ./Frameworks/SwiftyJSON.framework/_CodeSignature/CodeResources ... 
2026-05-26 09:48:37 +0000  2312 bytes for ./Frameworks/SwiftyJSON.framework/_CodeSignature/CodeResources
2026-05-26 09:48:37 +0000  copying file ./Frameworks/SwiftyJSON.framework/SwiftyJSON ... 
2026-05-26 09:48:37 +0000  314928 bytes for ./Frameworks/SwiftyJSON.framework/SwiftyJSON
2026-05-26 09:48:37 +0000  copying file ./Frameworks/SwiftyJSON.framework/SwiftyJSON.bundle/PrivacyInfo.xcprivacy ... 
2026-05-26 09:48:37 +0000  373 bytes for ./Frameworks/SwiftyJSON.framework/SwiftyJSON.bundle/PrivacyInfo.xcprivacy
2026-05-26 09:48:37 +0000  copying file ./Frameworks/SwiftyJSON.framework/SwiftyJSON.bundle/Info.plist ... 
2026-05-26 09:48:37 +0000  765 bytes for ./Frameworks/SwiftyJSON.framework/SwiftyJSON.bundle/Info.plist
2026-05-26 09:48:37 +0000  copying file ./Frameworks/SwiftyJSON.framework/Info.plist ... 
2026-05-26 09:48:37 +0000  790 bytes for ./Frameworks/SwiftyJSON.framework/Info.plist
2026-05-26 09:48:37 +0000  copying file ./Frameworks/RswiftResources.framework/_CodeSignature/CodeResources ... 
2026-05-26 09:48:37 +0000  1798 bytes for ./Frameworks/RswiftResources.framework/_CodeSignature/CodeResources
2026-05-26 09:48:37 +0000  copying file ./Frameworks/RswiftResources.framework/RswiftResources ... 
2026-05-26 09:48:37 +0000  624816 bytes for ./Frameworks/RswiftResources.framework/RswiftResources
2026-05-26 09:48:37 +0000  copying file ./Frameworks/RswiftResources.framework/Info.plist ... 
2026-05-26 09:48:37 +0000  802 bytes for ./Frameworks/RswiftResources.framework/Info.plist
2026-05-26 09:48:37 +0000  copying file ./Frameworks/GoogleDataTransport.framework/_CodeSignature/CodeResources ... 
2026-05-26 09:48:37 +0000  2380 bytes for ./Frameworks/GoogleDataTransport.framework/_CodeSignature/CodeResources
2026-05-26 09:48:37 +0000  copying file ./Frameworks/GoogleDataTransport.framework/GoogleDataTransport ... 
2026-05-26 09:48:37 +0000  395952 bytes for ./Frameworks/GoogleDataTransport.framework/GoogleDataTransport
2026-05-26 09:48:37 +0000  copying file ./Frameworks/GoogleDataTransport.framework/GoogleDataTransport_Privacy.bundle/PrivacyInfo.xcprivacy ... 
2026-05-26 09:48:37 +0000  1105 bytes for ./Frameworks/GoogleDataTransport.framework/GoogleDataTransport_Privacy.bundle/PrivacyInfo.xcprivacy
2026-05-26 09:48:37 +0000  copying file ./Frameworks/GoogleDataTransport.framework/GoogleDataTransport_Privacy.bundle/Info.plist ... 
2026-05-26 09:48:37 +0000  802 bytes for ./Frameworks/GoogleDataTransport.framework/GoogleDataTransport_Privacy.bundle/Info.plist
2026-05-26 09:48:37 +0000  copying file ./Frameworks/GoogleDataTransport.framework/Info.plist ... 
2026-05-26 09:48:37 +0000  811 bytes for ./Frameworks/GoogleDataTransport.framework/Info.plist
2026-05-26 09:48:37 +0000  copying file ./Frameworks/InputMask.framework/_CodeSignature/CodeResources ... 
2026-05-26 09:48:37 +0000  1798 bytes for ./Frameworks/InputMask.framework/_CodeSignature/CodeResources
2026-05-26 09:48:37 +0000  copying file ./Frameworks/InputMask.framework/InputMask ... 
2026-05-26 09:48:37 +0000  698928 bytes for ./Frameworks/InputMask.framework/InputMask
2026-05-26 09:48:37 +0000  copying file ./Frameworks/InputMask.framework/Info.plist ... 
2026-05-26 09:48:37 +0000  788 bytes for ./Frameworks/InputMask.framework/Info.plist
2026-05-26 09:48:37 +0000  copying file ./Frameworks/FBLPromises.framework/_CodeSignature/CodeResources ... 
2026-05-26 09:48:37 +0000  2348 bytes for ./Frameworks/FBLPromises.framework/_CodeSignature/CodeResources
2026-05-26 09:48:37 +0000  copying file ./Frameworks/FBLPromises.framework/FBLPromises_Privacy.bundle/PrivacyInfo.xcprivacy ... 
2026-05-26 09:48:37 +0000  373 bytes for ./Frameworks/FBLPromises.framework/FBLPromises_Privacy.bundle/PrivacyInfo.xcprivacy
2026-05-26 09:48:37 +0000  copying file ./Frameworks/FBLPromises.framework/FBLPromises_Privacy.bundle/Info.plist ... 
2026-05-26 09:48:37 +0000  785 bytes for ./Frameworks/FBLPromises.framework/FBLPromises_Privacy.bundle/Info.plist
2026-05-26 09:48:37 +0000  copying file ./Frameworks/FBLPromises.framework/FBLPromises ... 
2026-05-26 09:48:37 +0000  172000 bytes for ./Frameworks/FBLPromises.framework/FBLPromises
2026-05-26 09:48:37 +0000  copying file ./Frameworks/FBLPromises.framework/Info.plist ... 
2026-05-26 09:48:37 +0000  792 bytes for ./Frameworks/FBLPromises.framework/Info.plist
2026-05-26 09:48:37 +0000  copying file ./Frameworks/SVProgressHUD.framework/_CodeSignature/CodeResources ... 
2026-05-26 09:48:37 +0000  5070 bytes for ./Frameworks/SVProgressHUD.framework/_CodeSignature/CodeResources
2026-05-26 09:48:37 +0000  copying file ./Frameworks/SVProgressHUD.framework/SVProgressHUD ... 
2026-05-26 09:48:37 +0000  179088 bytes for ./Frameworks/SVProgressHUD.framework/SVProgressHUD
2026-05-26 09:48:37 +0000  copying file ./Frameworks/SVProgressHUD.framework/PrivacyInfo.xcprivacy ... 
2026-05-26 09:48:37 +0000  373 bytes for ./Frameworks/SVProgressHUD.framework/PrivacyInfo.xcprivacy
2026-05-26 09:48:37 +0000  copying file ./Frameworks/SVProgressHUD.framework/SVProgressHUD.bundle/info.png ... 
2026-05-26 09:48:37 +0000  365 bytes for ./Frameworks/SVProgressHUD.framework/SVProgressHUD.bundle/info.png
2026-05-26 09:48:37 +0000  copying file ./Frameworks/SVProgressHUD.framework/SVProgressHUD.bundle/error@3x.png ... 
2026-05-26 09:48:37 +0000  398 bytes for ./Frameworks/SVProgressHUD.framework/SVProgressHUD.bundle/error@3x.png
2026-05-26 09:48:37 +0000  copying file ./Frameworks/SVProgressHUD.framework/SVProgressHUD.bundle/angle-mask@3x.png ... 
2026-05-26 09:48:37 +0000  8319 bytes for ./Frameworks/SVProgressHUD.framework/SVProgressHUD.bundle/angle-mask@3x.png
2026-05-26 09:48:37 +0000  copying file ./Frameworks/SVProgressHUD.framework/SVProgressHUD.bundle/angle-mask@2x.png ... 
2026-05-26 09:48:37 +0000  4893 bytes for ./Frameworks/SVProgressHUD.framework/SVProgressHUD.bundle/angle-mask@2x.png
2026-05-26 09:48:37 +0000  copying file ./Frameworks/SVProgressHUD.framework/SVProgressHUD.bundle/error@2x.png ... 
2026-05-26 09:48:37 +0000  306 bytes for ./Frameworks/SVProgressHUD.framework/SVProgressHUD.bundle/error@2x.png
2026-05-26 09:48:37 +0000  copying file ./Frameworks/SVProgressHUD.framework/SVProgressHUD.bundle/info@3x.png ... 
2026-05-26 09:48:37 +0000  1200 bytes for ./Frameworks/SVProgressHUD.framework/SVProgressHUD.bundle/info@3x.png
2026-05-26 09:48:37 +0000  copying file ./Frameworks/SVProgressHUD.framework/SVProgressHUD.bundle/success@2x.png ... 
2026-05-26 09:48:37 +0000  462 bytes for ./Frameworks/SVProgressHUD.framework/SVProgressHUD.bundle/success@2x.png
2026-05-26 09:48:37 +0000  copying file ./Frameworks/SVProgressHUD.framework/SVProgressHUD.bundle/success@3x.png ... 
2026-05-26 09:48:37 +0000  714 bytes for ./Frameworks/SVProgressHUD.framework/SVProgressHUD.bundle/success@3x.png
2026-05-26 09:48:37 +0000  copying file ./Frameworks/SVProgressHUD.framework/SVProgressHUD.bundle/info@2x.png ... 
2026-05-26 09:48:37 +0000  816 bytes for ./Frameworks/SVProgressHUD.framework/SVProgressHUD.bundle/info@2x.png
2026-05-26 09:48:37 +0000  copying file ./Frameworks/SVProgressHUD.framework/SVProgressHUD.bundle/error.png ... 
2026-05-26 09:48:37 +0000  184 bytes for ./Frameworks/SVProgressHUD.framework/SVProgressHUD.bundle/error.png
2026-05-26 09:48:37 +0000  copying file ./Frameworks/SVProgressHUD.framework/SVProgressHUD.bundle/success.png ... 
2026-05-26 09:48:37 +0000  262 bytes for ./Frameworks/SVProgressHUD.framework/SVProgressHUD.bundle/success.png
2026-05-26 09:48:37 +0000  copying file ./Frameworks/SVProgressHUD.framework/SVProgressHUD.bundle/angle-mask.png ... 
2026-05-26 09:48:37 +0000  1845 bytes for ./Frameworks/SVProgressHUD.framework/SVProgressHUD.bundle/angle-mask.png
2026-05-26 09:48:37 +0000  copying file ./Frameworks/SVProgressHUD.framework/Info.plist ... 
2026-05-26 09:48:37 +0000  796 bytes for ./Frameworks/SVProgressHUD.framework/Info.plist
2026-05-26 09:48:37 +0000  copying file ./Frameworks/FirebaseCoreInternal.framework/_CodeSignature/CodeResources ... 
2026-05-26 09:48:37 +0000  2384 bytes for ./Frameworks/FirebaseCoreInternal.framework/_CodeSignature/CodeResources
2026-05-26 09:48:37 +0000  copying file ./Frameworks/FirebaseCoreInternal.framework/FirebaseCoreInternal_Privacy.bundle/PrivacyInfo.xcprivacy ... 
2026-05-26 09:48:37 +0000  855 bytes for ./Frameworks/FirebaseCoreInternal.framework/FirebaseCoreInternal_Privacy.bundle/PrivacyInfo.xcprivacy
2026-05-26 09:48:37 +0000  copying file ./Frameworks/FirebaseCoreInternal.framework/FirebaseCoreInternal_Privacy.bundle/Info.plist ... 
2026-05-26 09:48:37 +0000  804 bytes for ./Frameworks/FirebaseCoreInternal.framework/FirebaseCoreInternal_Privacy.bundle/Info.plist
2026-05-26 09:48:37 +0000  copying file ./Frameworks/FirebaseCoreInternal.framework/FirebaseCoreInternal ... 
2026-05-26 09:48:37 +0000  350528 bytes for ./Frameworks/FirebaseCoreInternal.framework/FirebaseCoreInternal
2026-05-26 09:48:37 +0000  copying file ./Frameworks/FirebaseCoreInternal.framework/Info.plist ... 
2026-05-26 09:48:37 +0000  813 bytes for ./Frameworks/FirebaseCoreInternal.framework/Info.plist
2026-05-26 09:48:37 +0000  copying file ./Frameworks/FirebaseCore.framework/_CodeSignature/CodeResources ... 
2026-05-26 09:48:37 +0000  2352 bytes for ./Frameworks/FirebaseCore.framework/_CodeSignature/CodeResources
2026-05-26 09:48:37 +0000  copying file ./Frameworks/FirebaseCore.framework/FirebaseCore_Privacy.bundle/PrivacyInfo.xcprivacy ... 
2026-05-26 09:48:37 +0000  855 bytes for ./Frameworks/FirebaseCore.framework/FirebaseCore_Privacy.bundle/PrivacyInfo.xcprivacy
2026-05-26 09:48:37 +0000  copying file ./Frameworks/FirebaseCore.framework/FirebaseCore_Privacy.bundle/Info.plist ... 
2026-05-26 09:48:37 +0000  788 bytes for ./Frameworks/FirebaseCore.framework/FirebaseCore_Privacy.bundle/Info.plist
2026-05-26 09:48:37 +0000  copying file ./Frameworks/FirebaseCore.framework/FirebaseCore ... 
2026-05-26 09:48:37 +0000  183904 bytes for ./Frameworks/FirebaseCore.framework/FirebaseCore
2026-05-26 09:48:37 +0000  copying file ./Frameworks/FirebaseCore.framework/Info.plist ... 
2026-05-26 09:48:37 +0000  795 bytes for ./Frameworks/FirebaseCore.framework/Info.plist
2026-05-26 09:48:37 +0000  copying file ./Frameworks/GoogleUtilities.framework/_CodeSignature/CodeResources ... 
2026-05-26 09:48:37 +0000  2364 bytes for ./Frameworks/GoogleUtilities.framework/_CodeSignature/CodeResources
2026-05-26 09:48:37 +0000  copying file ./Frameworks/GoogleUtilities.framework/GoogleUtilities_Privacy.bundle/PrivacyInfo.xcprivacy ... 
2026-05-26 09:48:37 +0000  1233 bytes for ./Frameworks/GoogleUtilities.framework/GoogleUtilities_Privacy.bundle/PrivacyInfo.xcprivacy
2026-05-26 09:48:37 +0000  copying file ./Frameworks/GoogleUtilities.framework/GoogleUtilities_Privacy.bundle/Info.plist ... 
2026-05-26 09:48:37 +0000  793 bytes for ./Frameworks/GoogleUtilities.framework/GoogleUtilities_Privacy.bundle/Info.plist
2026-05-26 09:48:37 +0000  copying file ./Frameworks/GoogleUtilities.framework/GoogleUtilities ... 
2026-05-26 09:48:37 +0000  283360 bytes for ./Frameworks/GoogleUtilities.framework/GoogleUtilities
2026-05-26 09:48:37 +0000  copying file ./Frameworks/GoogleUtilities.framework/Info.plist ... 
2026-05-26 09:48:37 +0000  802 bytes for ./Frameworks/GoogleUtilities.framework/Info.plist
2026-05-26 09:48:37 +0000  copying file ./Frameworks/FirebaseMessaging.framework/_CodeSignature/CodeResources ... 
2026-05-26 09:48:37 +0000  2372 bytes for ./Frameworks/FirebaseMessaging.framework/_CodeSignature/CodeResources
2026-05-26 09:48:37 +0000  copying file ./Frameworks/FirebaseMessaging.framework/FirebaseMessaging_Privacy.bundle/PrivacyInfo.xcprivacy ... 
2026-05-26 09:48:37 +0000  2357 bytes for ./Frameworks/FirebaseMessaging.framework/FirebaseMessaging_Privacy.bundle/PrivacyInfo.xcprivacy
2026-05-26 09:48:37 +0000  copying file ./Frameworks/FirebaseMessaging.framework/FirebaseMessaging_Privacy.bundle/Info.plist ... 
2026-05-26 09:48:37 +0000  798 bytes for ./Frameworks/FirebaseMessaging.framework/FirebaseMessaging_Privacy.bundle/Info.plist
2026-05-26 09:48:37 +0000  copying file ./Frameworks/FirebaseMessaging.framework/FirebaseMessaging ... 
2026-05-26 09:48:37 +0000  504400 bytes for ./Frameworks/FirebaseMessaging.framework/FirebaseMessaging
2026-05-26 09:48:37 +0000  copying file ./Frameworks/FirebaseMessaging.framework/Info.plist ... 
2026-05-26 09:48:37 +0000  807 bytes for ./Frameworks/FirebaseMessaging.framework/Info.plist
2026-05-26 09:48:37 +0000  copying file ./Frameworks/DropDown.framework/_CodeSignature/CodeResources ... 
2026-05-26 09:48:37 +0000  2024 bytes for ./Frameworks/DropDown.framework/_CodeSignature/CodeResources
2026-05-26 09:48:37 +0000  copying file ./Frameworks/DropDown.framework/DropDown ... 
2026-05-26 09:48:37 +0000  320672 bytes for ./Frameworks/DropDown.framework/DropDown
2026-05-26 09:48:37 +0000  copying file ./Frameworks/DropDown.framework/DropDownCell.nib ... 
2026-05-26 09:48:37 +0000  2547 bytes for ./Frameworks/DropDown.framework/DropDownCell.nib
2026-05-26 09:48:37 +0000  copying file ./Frameworks/DropDown.framework/Info.plist ... 
2026-05-26 09:48:37 +0000  787 bytes for ./Frameworks/DropDown.framework/Info.plist
2026-05-26 09:48:37 +0000  copying file ./Frameworks/OTPFieldView.framework/_CodeSignature/CodeResources ... 
2026-05-26 09:48:37 +0000  1798 bytes for ./Frameworks/OTPFieldView.framework/_CodeSignature/CodeResources
2026-05-26 09:48:37 +0000  copying file ./Frameworks/OTPFieldView.framework/OTPFieldView ... 
2026-05-26 09:48:37 +0000  170656 bytes for ./Frameworks/OTPFieldView.framework/OTPFieldView
2026-05-26 09:48:37 +0000  copying file ./Frameworks/OTPFieldView.framework/Info.plist ... 
2026-05-26 09:48:37 +0000  794 bytes for ./Frameworks/OTPFieldView.framework/Info.plist
2026-05-26 09:48:37 +0000  copying file ./Frameworks/nanopb.framework/_CodeSignature/CodeResources ... 
2026-05-26 09:48:37 +0000  2328 bytes for ./Frameworks/nanopb.framework/_CodeSignature/CodeResources
2026-05-26 09:48:37 +0000  copying file ./Frameworks/nanopb.framework/nanopb_Privacy.bundle/PrivacyInfo.xcprivacy ... 
2026-05-26 09:48:37 +0000  374 bytes for ./Frameworks/nanopb.framework/nanopb_Privacy.bundle/PrivacyInfo.xcprivacy
2026-05-26 09:48:37 +0000  copying file ./Frameworks/nanopb.framework/nanopb_Privacy.bundle/Info.plist ... 
2026-05-26 09:48:37 +0000  777 bytes for ./Frameworks/nanopb.framework/nanopb_Privacy.bundle/Info.plist
2026-05-26 09:48:37 +0000  copying file ./Frameworks/nanopb.framework/nanopb ... 
2026-05-26 09:48:37 +0000  78640 bytes for ./Frameworks/nanopb.framework/nanopb
2026-05-26 09:48:37 +0000  copying file ./Frameworks/nanopb.framework/Info.plist ... 
2026-05-26 09:48:37 +0000  786 bytes for ./Frameworks/nanopb.framework/Info.plist
2026-05-26 09:48:37 +0000  copying file ./Frameworks/IQKeyboardManagerSwift.framework/_CodeSignature/CodeResources ... 
2026-05-26 09:48:37 +0000  4122 bytes for ./Frameworks/IQKeyboardManagerSwift.framework/_CodeSignature/CodeResources
2026-05-26 09:48:37 +0000  copying file ./Frameworks/IQKeyboardManagerSwift.framework/IQKeyboardManager.bundle/IQButtonBarArrowRight@2x.png ... 
2026-05-26 09:48:37 +0000  1786 bytes for ./Frameworks/IQKeyboardManagerSwift.framework/IQKeyboardManager.bundle/IQButtonBarArrowRight@2x.png
2026-05-26 09:48:37 +0000  copying file ./Frameworks/IQKeyboardManagerSwift.framework/IQKeyboardManager.bundle/IQButtonBarArrowUp@3x.png ... 
2026-05-26 09:48:37 +0000  2164 bytes for ./Frameworks/IQKeyboardManagerSwift.framework/IQKeyboardManager.bundle/IQButtonBarArrowUp@3x.png
2026-05-26 09:48:37 +0000  copying file ./Frameworks/IQKeyboardManagerSwift.framework/IQKeyboardManager.bundle/IQButtonBarArrowUp@2x.png ... 
2026-05-26 09:48:37 +0000  1769 bytes for ./Frameworks/IQKeyboardManagerSwift.framework/IQKeyboardManager.bundle/IQButtonBarArrowUp@2x.png
2026-05-26 09:48:37 +0000  copying file ./Frameworks/IQKeyboardManagerSwift.framework/IQKeyboardManager.bundle/IQButtonBarArrowRight@3x.png ... 
2026-05-26 09:48:37 +0000  1844 bytes for ./Frameworks/IQKeyboardManagerSwift.framework/IQKeyboardManager.bundle/IQButtonBarArrowRight@3x.png
2026-05-26 09:48:37 +0000  copying file ./Frameworks/IQKeyboardManagerSwift.framework/IQKeyboardManager.bundle/IQButtonBarArrowLeft@3x.png ... 
2026-05-26 09:48:37 +0000  1815 bytes for ./Frameworks/IQKeyboardManagerSwift.framework/IQKeyboardManager.bundle/IQButtonBarArrowLeft@3x.png
2026-05-26 09:48:37 +0000  copying file ./Frameworks/IQKeyboardManagerSwift.framework/IQKeyboardManager.bundle/IQButtonBarArrowDown@3x.png ... 
2026-05-26 09:48:37 +0000  2177 bytes for ./Frameworks/IQKeyboardManagerSwift.framework/IQKeyboardManager.bundle/IQButtonBarArrowDown@3x.png
2026-05-26 09:48:37 +0000  copying file ./Frameworks/IQKeyboardManagerSwift.framework/IQKeyboardManager.bundle/IQButtonBarArrowDown@2x.png ... 
2026-05-26 09:48:37 +0000  1764 bytes for ./Frameworks/IQKeyboardManagerSwift.framework/IQKeyboardManager.bundle/IQButtonBarArrowDown@2x.png
2026-05-26 09:48:37 +0000  copying file ./Frameworks/IQKeyboardManagerSwift.framework/IQKeyboardManager.bundle/IQButtonBarArrowLeft@2x.png ... 
2026-05-26 09:48:37 +0000  1793 bytes for ./Frameworks/IQKeyboardManagerSwift.framework/IQKeyboardManager.bundle/IQButtonBarArrowLeft@2x.png
2026-05-26 09:48:37 +0000  copying file ./Frameworks/IQKeyboardManagerSwift.framework/IQKeyboardManagerSwift ... 
2026-05-26 09:48:37 +0000  639488 bytes for ./Frameworks/IQKeyboardManagerSwift.framework/IQKeyboardManagerSwift
2026-05-26 09:48:37 +0000  copying file ./Frameworks/IQKeyboardManagerSwift.framework/Info.plist ... 
2026-05-26 09:48:37 +0000  816 bytes for ./Frameworks/IQKeyboardManagerSwift.framework/Info.plist
2026-05-26 09:48:37 +0000  copying file ./Frameworks/CountryPickerView.framework/_CodeSignature/CodeResources ... 
2026-05-26 09:48:37 +0000  78122 bytes for ./Frameworks/CountryPickerView.framework/_CodeSignature/CodeResources
2026-05-26 09:48:37 +0000  copying file ./Frameworks/CountryPickerView.framework/CountryPickerView ... 
2026-05-26 09:48:37 +0000  255088 bytes for ./Frameworks/CountryPickerView.framework/CountryPickerView
2026-05-26 09:48:37 +0000  copying file ./Frameworks/CountryPickerView.framework/CountryPickerView_CountryPickerView.bundle/CountryPickerView.nib ... 
2026-05-26 09:48:37 +0000  3702 bytes for ./Frameworks/CountryPickerView.framework/CountryPickerView_CountryPickerView.bundle/CountryPickerView.nib
2026-05-26 09:48:37 +0000  copying file ./Frameworks/CountryPickerView.framework/CountryPickerView_CountryPickerView.bundle/Images/TG.png ... 
2026-05-26 09:48:37 +0000  1012 bytes for ./Frameworks/CountryPickerView.framework/CountryPickerView_CountryPickerView.bundle/Images/TG.png
2026-05-26 09:48:37 +0000  copying file ./Frameworks/CountryPickerView.framework/CountryPickerView_CountryPickerView.bundle/Images/ME.png ... 
2026-05-26 09:48:37 +0000  1777 bytes for ./Frameworks/CountryPickerView.framework/CountryPickerView_CountryPickerView.bundle/Images/ME.png
2026-05-26 09:48:37 +0000  copying file ./Frameworks/CountryPickerView.framework/CountryPickerView_CountryPickerView.bundle/Images/LA.png ... 
2026-05-26 09:48:37 +0000  655 bytes for ./Frameworks/CountryPickerView.framework/CountryPickerView_CountryPickerView.bundle/Images/LA.png
2026-05-26 09:48:37 +0000  copying file ./Frameworks/CountryPickerView.framework/CountryPickerView_CountryPickerView.bundle/Images/MR.png ... 
2026-05-26 09:48:37 +0000  1070 bytes for ./Frameworks/CountryPickerView.framework/CountryPickerView_CountryPickerView.bundle/Images/MR.png
2026-05-26 09:48:37 +0000  copying file ./Frameworks/CountryPickerView.framework/CountryPickerView_CountryPickerView.bundle/Images/NI.png ... 
2026-05-26 09:48:37 +0000  1378 bytes for ./Frameworks/CountryPickerView.framework/CountryPickerView_CountryPickerView.bundle/Images/NI.png
2026-05-26 09:48:37 +0000  copying file ./Frameworks/CountryPickerView.framework/CountryPickerView_CountryPickerView.bundle/Images/LV.png ... 
2026-05-26 09:48:37 +0000  345 bytes for ./Frameworks/CountryPickerView.framework/CountryPickerView_CountryPickerView.bundle/Images/LV.png
2026-05-26 09:48:37 +0000  copying file ./Frameworks/CountryPickerView.framework/CountryPickerView_CountryPickerView.bundle/Images/OM.png ... 
2026-05-26 09:48:37 +0000  773 bytes for ./Frameworks/CountryPickerView.framework/CountryPickerView_CountryPickerView.bundle/Images/OM.png
2026-05-26 09:48:37 +0000  copying file ./Frameworks/CountryPickerView.framework/CountryPickerView_CountryPickerView.bundle/Images/AF.png ... 
2026-05-26 09:48:37 +0000  1448 bytes for ./Frameworks/CountryPickerView.framework/CountryPickerView_CountryPickerView.bundle/Images/AF.png
2026-05-26 09:48:37 +0000  copying file ./Frameworks/CountryPickerView.framework/CountryPickerView_CountryPickerView.bundle/Images/CY.png ... 
2026-05-26 09:48:37 +0000  1348 bytes for ./Frameworks/CountryPickerView.framework/CountryPickerView_CountryPickerView.bundle/Images/CY.png
2026-05-26 09:48:37 +0000  copying file ./Frameworks/CountryPickerView.framework/CountryPickerView_CountryPickerView.bundle/Images/BJ.png ... 
2026-05-26 09:48:37 +0000  425 bytes for ./Frameworks/CountryPickerView.framework/CountryPickerView_CountryPickerView.bundle/Images/BJ.png
2026-05-26 09:48:37 +0000  copying file ./Frameworks/CountryPickerView.framework/CountryPickerView_CountryPickerView.bundle/Images/AQ.png ... 
2026-05-26 09:48:37 +0000  979 bytes for ./Frameworks/CountryPickerView.framework/CountryPickerView_CountryPickerView.bundle/Images/AQ.png
2026-05-26 09:48:37 +0000  copying file ./Frameworks/CountryPickerView.framework/CountryPickerView_CountryPickerView.bundle/Images/CN.png ... 
2026-05-26 09:48:37 +0000  1045 bytes for ./Frameworks/CountryPickerView.framework/CountryPickerView_CountryPickerView.bundle/Images/CN.png
2026-05-26 09:48:37 +0000  copying file ./Frameworks/CountryPickerView.framework/CountryPickerView_CountryPickerView.bundle/Images/CO.png ... 
2026-05-26 09:48:37 +0000  382 bytes for ./Frameworks/CountryPickerView.framework/CountryPickerView_CountryPickerView.bundle/Images/CO.png
2026-05-26 09:48:37 +0000  copying file ./Frameworks/CountryPickerView.framework/CountryPickerView_CountryPickerView.bundle/Images/CX.png ... 
2026-05-26 09:48:37 +0000  1963 bytes for ./Frameworks/CountryPickerView.framework/CountryPickerView_CountryPickerView.bundle/Images/CX.png
2026-05-26 09:48:37 +0000  copying file ./Frameworks/CountryPickerView.framework/CountryPickerView_CountryPickerView.bundle/Images/AG.png ... 
2026-05-26 09:48:37 +0000  1469 bytes for ./Frameworks/CountryPickerView.framework/CountryPickerView_CountryPickerView.bundle/Images/AG.png
2026-05-26 09:48:37 +0000  copying file ./Frameworks/CountryPickerView.framework/CountryPickerView_CountryPickerView.bundle/Images/MS.png ... 
2026-05-26 09:48:37 +0000  2263 bytes for ./Frameworks/CountryPickerView.framework/CountryPickerView_CountryPickerView.bundle/Images/MS.png
2026-05-26 09:48:37 +0000  copying file ./Frameworks/CountryPickerView.framework/CountryPickerView_CountryPickerView.bundle/Images/MD.png ... 
2026-05-26 09:48:37 +0000  1500 bytes for ./Frameworks/CountryPickerView.framework/CountryPickerView_CountryPickerView.bundle/Images/MD.png
2026-05-26 09:48:37 +0000  copying file ./Frameworks/CountryPickerView.framework/CountryPickerView_CountryPickerView.bundle/Images/ZM.png ... 
2026-05-26 09:48:37 +0000  1026 bytes for ./Frameworks/CountryPickerView.framework/CountryPickerView_CountryPickerView.bundle/Images/ZM.png
2026-05-26 09:48:37 +0000  copying file ./Frameworks/CountryPickerView.framework/CountryPickerView_CountryPickerView.bundle/Images/VN.png ... 
2026-05-26 09:48:37 +0000  771 bytes for ./Frameworks/CountryPickerView.framework/CountryPickerView_CountryPickerView.bundle/Images/VN.png
2026-05-26 09:48:37 +0000  copying file ./Frameworks/CountryPickerView.framework/CountryPickerView_CountryPickerView.bundle/Images/TF.png ... 
2026-05-26 09:48:37 +0000  337 bytes for ./Frameworks/CountryPickerView.framework/CountryPickerView_CountryPickerView.bundle/Images/TF.png
2026-05-26 09:48:37 +0000  copying file ./Frameworks/CountryPickerView.framework/CountryPickerView_CountryPickerView.bundle/Images/TD.png ... 
2026-05-26 09:48:37 +0000  318 bytes for ./Frameworks/CountryPickerView.framework/CountryPickerView_CountryPickerView.bundle/Images/TD.png
2026-05-26 09:48:37 +0000  copying file ./Frameworks/CountryPickerView.framework/CountryPickerView_CountryPickerView.bundle/Images/YT.png ... 
2026-05-26 09:48:37 +0000  321 bytes for ./Frameworks/CountryPickerView.framework/CountryPickerView_CountryPickerView.bundle/Images/YT.png
2026-05-26 09:48:37 +0000  copying file ./Frameworks/CountryPickerView.framework/CountryPickerView_CountryPickerView.bundle/Images/LB.png ... 
2026-05-26 09:48:37 +0000  992 bytes for ./Frameworks/CountryPickerView.framework/CountryPickerView_CountryPickerView.bundle/Images/LB.png
2026-05-26 09:48:37 +0000  copying file ./Frameworks/CountryPickerView.framework/CountryPickerView_CountryPickerView.bundle/Images/MF.png ... 
2026-05-26 09:48:37 +0000  1261 bytes for ./Frameworks/CountryPickerView.framework/CountryPickerView_CountryPickerView.bundle/Images/MF.png
2026-05-26 09:48:37 +0000  copying file ./Frameworks/CountryPickerView.framework/CountryPickerView_CountryPickerView.bundle/Images/LU.png ... 
2026-05-26 09:48:37 +0000  355 bytes for ./Frameworks/CountryPickerView.framework/CountryPickerView_CountryPickerView.bundle/Images/LU.png
2026-05-26 09:48:37 +0000  copying file ./Frameworks/CountryPickerView.framework/CountryPickerView_CountryPickerView.bundle/Images/MQ.png ... 
2026-05-26 09:48:37 +0000  337 bytes for ./Frameworks/CountryPickerView.framework/CountryPickerView_CountryPickerView.bundle/Images/MQ.png
2026-05-26 09:48:37 +0000  copying file ./Frameworks/CountryPickerView.framework/CountryPickerView_CountryPickerView.bundle/Images/CZ.png ... 
2026-05-26 09:48:37 +0000  804 bytes for ./Frameworks/CountryPickerView.framework/CountryPickerView_CountryPickerView.bundle/Images/CZ.png
2026-05-26 09:48:37 +0000  copying file ./Frameworks/CountryPickerView.framework/CountryPickerView_CountryPickerView.bundle/Images/AE.png ... 
2026-05-26 09:48:37 +0000  445 bytes for ./Frameworks/CountryPickerView.framework/CountryPickerView_CountryPickerView.bundle/Images/AE.png
2026-05-26 09:48:37 +0000  copying file ./Frameworks/CountryPickerView.framework/CountryPickerView_CountryPickerView.bundle/Images/CM.png ... 
2026-05-26 09:48:37 +0000  712 bytes for ./Frameworks/CountryPickerView.framework/CountryPickerView_CountryPickerView.bundle/Images/CM.png
2026-05-26 09:48:37 +0000  copying file ./Frameworks/CountryPickerView.framework/CountryPickerView_CountryPickerView.bundle/Images/BI.png ... 
2026-05-26 09:48:37 +0000  1394 bytes for ./Frameworks/CountryPickerView.framework/CountryPickerView_CountryPickerView.bundle/Images/BI.png
2026-05-26 09:48:37 +0000  copying file ./Frameworks/CountryPickerView.framework/CountryPickerView_CountryPickerView.bundle/Images/AR.png ... 
2026-05-26 09:48:37 +0000  1007 bytes for ./Frameworks/CountryPickerView.framework/CountryPickerView_CountryPickerView.bundle/Images/AR.png
2026-05-26 09:48:37 +0000  copying file ./Frameworks/CountryPickerView.framework/CountryPickerView_CountryPickerView.bundle/Images/AS.png ... 
2026-05-26 09:48:37 +0000  1841 bytes for ./Frameworks/CountryPickerView.framework/CountryPickerView_CountryPickerView.bundle/Images/AS.png
2026-05-26 09:48:37 +0000  copying file ./Frameworks/CountryPickerView.framework/CountryPickerView_CountryPickerView.bundle/Images/BH.png ... 
2026-05-26 09:48:37 +0000  728 bytes for ./Frameworks/CountryPickerView.framework/CountryPickerView_CountryPickerView.bundle/Images/BH.png
2026-05-26 09:48:37 +0000  copying file ./Frameworks/CountryPickerView.framework/CountryPickerView_CountryPickerView.bundle/Images/CL.png ... 
2026-05-26 09:48:37 +0000  687 bytes for ./Frameworks/CountryPickerView.framework/CountryPickerView_CountryPickerView.bundle/Images/CL.png
2026-05-26 09:48:37 +0000  copying file ./Frameworks/CountryPickerView.framework/CountryPickerView_CountryPickerView.bundle/Images/AD.png ... 
2026-05-26 09:48:37 +0000  1552 bytes for ./Frameworks/CountryPickerView.framework/CountryPickerView_CountryPickerView.bundle/Images/AD.png
2026-05-26 09:48:37 +0000  copying file ./Frameworks/CountryPickerView.framework/CountryPickerView_CountryPickerView.bundle/Images/MP.png ... 
2026-05-26 09:48:37 +0000  2256 bytes for ./Frameworks/CountryPickerView.framework/CountryPickerView_CountryPickerView.bundle/Images/MP.png
2026-05-26 09:48:37 +0000  copying file ./Frameworks/CountryPickerView.framework/CountryPickerView_CountryPickerView.bundle/Images/LT.png ... 
2026-05-26 09:48:37 +0000  385 bytes for ./Frameworks/CountryPickerView.framework/CountryPickerView_CountryPickerView.bundle/Images/LT.png
2026-05-26 09:48:37 +0000  copying file ./Frameworks/CountryPickerView.framework/CountryPickerView_CountryPickerView.bundle/Images/MG.png ... 
2026-05-26 09:48:37 +0000  413 bytes for ./Frameworks/CountryPickerView.framework/CountryPickerView_CountryPickerView.bundle/Images/MG.png
2026-05-26 09:48:37 +0000  copying file ./Frameworks/CountryPickerView.framework/CountryPickerView_CountryPickerView.bundle/Images/LC.png ... 
2026-05-26 09:48:37 +0000  1363 bytes for ./Frameworks/CountryPickerView.framework/CountryPickerView_CountryPickerView.bundle/Images/LC.png
2026-05-26 09:48:37 +0000  copying file ./Frameworks/CountryPickerView.framework/CountryPickerView_CountryPickerView.bundle/Images/YU.png ... 
2026-05-26 09:48:37 +0000  1192 bytes for ./Frameworks/CountryPickerView.framework/CountryPickerView_CountryPickerView.bundle/Images/YU.png
2026-05-26 09:48:37 +0000  copying file ./Frameworks/CountryPickerView.framework/CountryPickerView_CountryPickerView.bundle/Images/TR.png ... 
2026-05-26 09:48:37 +0000  1100 bytes for ./Frameworks/CountryPickerView.framework/CountryPickerView_CountryPickerView.bundle/Images/TR.png
2026-05-26 09:48:37 +0000  copying file ./Frameworks/CountryPickerView.framework/CountryPickerView_CountryPickerView.bundle/Images/UA.png ... 
2026-05-26 09:48:37 +0000  341 bytes for ./Frameworks/CountryPickerView.framework/CountryPickerView_CountryPickerView.bundle/Images/UA.png
2026-05-26 09:48:37 +0000  copying file ./Frameworks/CountryPickerView.framework/CountryPickerView_CountryPickerView.bundle/Images/TV.png ... 
2026-05-26 09:48:37 +0000  2325 bytes for ./Frameworks/CountryPickerView.framework/CountryPickerView_CountryPickerView.bundle/Images/TV.png
2026-05-26 09:48:37 +0000  copying file ./Frameworks/CountryPickerView.framework/CountryPickerView_CountryPickerView.bundle/Images/VI.png ... 
2026-05-26 09:48:37 +0000  2233 bytes for ./Frameworks/CountryPickerView.framework/CountryPickerView_CountryPickerView.bundle/Images/VI.png
2026-05-26 09:48:37 +0000  copying file ./Frameworks/CountryPickerView.framework/CountryPickerView_CountryPickerView.bundle/Images/MT.png ... 
2026-05-26 09:48:37 +0000  896 bytes for ./Frameworks/CountryPickerView.framework/CountryPickerView_CountryPickerView.bundle/Images/MT.png
2026-05-26 09:48:37 +0000  copying file ./Frameworks/CountryPickerView.framework/CountryPickerView_CountryPickerView.bundle/Images/NO.png ... 
2026-05-26 09:48:37 +0000  780 bytes for ./Frameworks/CountryPickerView.framework/CountryPickerView_CountryPickerView.bundle/Images/NO.png
2026-05-26 09:48:37 +0000  copying file ./Frameworks/CountryPickerView.framework/CountryPickerView_CountryPickerView.bundle/Images/MC.png ... 
2026-05-26 09:48:37 +0000  333 bytes for ./Frameworks/CountryPickerView.framework/CountryPickerView_CountryPickerView.bundle/Images/MC.png
2026-05-26 09:48:37 +0000  copying file ./Frameworks/CountryPickerView.framework/CountryPickerView_CountryPickerView.bundle/Images/CH.png ... 
2026-05-26 09:48:37 +0000  519 bytes for ./Frameworks/CountryPickerView.framework/CountryPickerView_CountryPickerView.bundle/Images/CH.png
2026-05-26 09:48:37 +0000  copying file ./Frameworks/CountryPickerView.framework/CountryPickerView_CountryPickerView.bundle/Images/BL.png ... 
2026-05-26 09:48:37 +0000  321 bytes for ./Frameworks/CountryPickerView.framework/CountryPickerView_CountryPickerView.bundle/Images/BL.png
2026-05-26 09:48:37 +0000  copying file ./Frameworks/CountryPickerView.framework/CountryPickerView_CountryPickerView.bundle/Images/AW.png ... 
2026-05-26 09:48:37 +0000  759 bytes for ./Frameworks/CountryPickerView.framework/CountryPickerView_CountryPickerView.bundle/Images/AW.png
2026-05-26 09:48:37 +0000  copying file ./Frameworks/CountryPickerView.framework/CountryPickerView_CountryPickerView.bundle/Images/BZ.png ... 
2026-05-26 09:48:37 +0000  1531 bytes for ./Frameworks/CountryPickerView.framework/CountryPickerView_CountryPickerView.bundle/Images/BZ.png
2026-05-26 09:48:37 +0000  copying file ./Frameworks/CountryPickerView.framework/CountryPickerView_CountryPickerView.bundle/Images/BM.png ... 
2026-05-26 09:48:37 +0000  2532 bytes for ./Frameworks/CountryPickerView.framework/CountryPickerView_CountryPickerView.bundle/Images/BM.png
2026-05-26 09:48:37 +0000  copying file ./Frameworks/CountryPickerView.framework/CountryPickerView_CountryPickerView.bundle/Images/CI.png ... 
2026-05-26 09:48:37 +0000  335 bytes for ./Frameworks/CountryPickerView.framework/CountryPickerView_CountryPickerView.bundle/Images/CI.png
2026-05-26 09:48:37 +0000  copying file ./Frameworks/CountryPickerView.framework/CountryPickerView_CountryPickerView.bundle/Images/MU.png ... 
2026-05-26 09:48:37 +0000  395 bytes for ./Frameworks/CountryPickerView.framework/CountryPickerView_CountryPickerView.bundle/Images/MU.png
2026-05-26 09:48:37 +0000  copying file ./Frameworks/CountryPickerView.framework/CountryPickerView_CountryPickerView.bundle/Images/US.png ... 
2026-05-26 09:48:37 +0000  1405 bytes for ./Frameworks/CountryPickerView.framework/CountryPickerView_CountryPickerView.bundle/Images/US.png
2026-05-26 09:48:37 +0000  copying file ./Frameworks/CountryPickerView.framework/CountryPickerView_CountryPickerView.bundle/Images/TW.png ... 
2026-05-26 09:48:37 +0000  1024 bytes for ./Frameworks/CountryPickerView.framework/CountryPickerView_CountryPickerView.bundle/Images/TW.png
2026-05-26 09:48:37 +0000  copying file ./Frameworks/CountryPickerView.framework/CountryPickerView_CountryPickerView.bundle/Images/YE.png ... 
2026-05-26 09:48:37 +0000  342 bytes for ./Frameworks/CountryPickerView.framework/CountryPickerView_CountryPickerView.bundle/Images/YE.png
2026-05-26 09:48:37 +0000  copying file ./Frameworks/CountryPickerView.framework/CountryPickerView_CountryPickerView.bundle/Images/MW.png ... 
2026-05-26 09:48:37 +0000  1007 bytes for ./Frameworks/CountryPickerView.framework/CountryPickerView_CountryPickerView.bundle/Images/MW.png
2026-05-26 09:48:37 +0000  copying file ./Frameworks/CountryPickerView.framework/CountryPickerView_CountryPickerView.bundle/Images/NL.png ... 
2026-05-26 09:48:37 +0000  377 bytes for ./Frameworks/CountryPickerView.framework/CountryPickerView_CountryPickerView.bundle/Images/NL.png
2026-05-26 09:48:37 +0000  copying file ./Frameworks/CountryPickerView.framework/CountryPickerView_CountryPickerView.bundle/Images/LS.png ... 
2026-05-26 09:48:37 +0000  842 bytes for ./Frameworks/CountryPickerView.framework/CountryPickerView_CountryPickerView.bundle/Images/LS.png
2026-05-26 09:48:37 +0000  copying file ./Frameworks/CountryPickerView.framework/CountryPickerView_CountryPickerView.bundle/Images/BO.png ... 
2026-05-26 09:48:37 +0000  358 bytes for ./Frameworks/CountryPickerView.framework/CountryPickerView_CountryPickerView.bundle/Images/BO.png
2026-05-26 09:48:37 +0000  copying file ./Frameworks/CountryPickerView.framework/CountryPickerView_CountryPickerView.bundle/Images/AT.png ... 
2026-05-26 09:48:37 +0000  358 bytes for ./Frameworks/CountryPickerView.framework/CountryPickerView_CountryPickerView.bundle/Images/AT.png
2026-05-26 09:48:37 +0000  copying file ./Frameworks/CountryPickerView.framework/CountryPickerView_CountryPickerView.bundle/Images/CK.png ... 
2026-05-26 09:48:37 +0000  2094 bytes for ./Frameworks/CountryPickerView.framework/CountryPickerView_CountryPickerView.bundle/Images/CK.png
2026-05-26 09:48:37 +0000  copying file ./Frameworks/CountryPickerView.framework/CountryPickerView_CountryPickerView.bundle/Images/AC.png ... 
2026-05-26 09:48:37 +0000  1523 bytes for ./Frameworks/CountryPickerView.framework/CountryPickerView_CountryPickerView.bundle/Images/AC.png
2026-05-26 09:48:37 +0000  copying file ./Frameworks/CountryPickerView.framework/CountryPickerView_CountryPickerView.bundle/Images/BY.png ... 
2026-05-26 09:48:37 +0000  922 bytes for ./Frameworks/CountryPickerView.framework/CountryPickerView_CountryPickerView.bundle/Images/BY.png
2026-05-26 09:48:37 +0000  copying file ./Frameworks/CountryPickerView.framework/CountryPickerView_CountryPickerView.bundle/Images/AU.png ... 
2026-05-26 09:48:37 +0000  2182 bytes for ./Frameworks/CountryPickerView.framework/CountryPickerView_CountryPickerView.bundle/Images/AU.png
2026-05-26 09:48:37 +0000  copying file ./Frameworks/CountryPickerView.framework/CountryPickerView_CountryPickerView.bundle/Images/BN.png ... 
2026-05-26 09:48:37 +0000  2223 bytes for ./Frameworks/CountryPickerView.framework/CountryPickerView_CountryPickerView.bundle/Images/BN.png
2026-05-26 09:48:37 +0000  copying file ./Frameworks/CountryPickerView.framework/CountryPickerView_CountryPickerView.bundle/Images/MA.png ... 
2026-05-26 09:48:37 +0000  1373 bytes for ./Frameworks/CountryPickerView.framework/CountryPickerView_CountryPickerView.bundle/Images/MA.png
2026-05-26 09:48:37 +0000  copying file ./Frameworks/CountryPickerView.framework/CountryPickerView_CountryPickerView.bundle/Images/NZ.png ... 
2026-05-26 09:48:37 +0000  1964 bytes for ./Frameworks/CountryPickerView.framework/CountryPickerView_CountryPickerView.bundle/Images/NZ.png
2026-05-26 09:48:37 +0000  copying file ./Frameworks/CountryPickerView.framework/CountryPickerView_CountryPickerView.bundle/Images/LR.png ... 
2026-05-26 09:48:37 +0000  755 bytes for ./Frameworks/CountryPickerView.framework/CountryPickerView_CountryPickerView.bundle/Images/LR.png
2026-05-26 09:48:37 +0000  copying file ./Frameworks/CountryPickerView.framework/CountryPickerView_CountryPickerView.bundle/Images/MV.png ... 
2026-05-26 09:48:37 +0000  1100 bytes for ./Frameworks/CountryPickerView.framework/CountryPickerView_CountryPickerView.bundle/Images/MV.png
2026-05-26 09:48:37 +0000  copying file ./Frameworks/CountryPickerView.framework/CountryPickerView_CountryPickerView.bundle/Images/TC.png ... 
2026-05-26 09:48:37 +0000  2115 bytes for ./Frameworks/CountryPickerView.framework/CountryPickerView_CountryPickerView.bundle/Images/TC.png
2026-05-26 09:48:37 +0000  copying file ./Frameworks/CountryPickerView.framework/CountryPickerView_CountryPickerView.bundle/Images/UG.png ... 
2026-05-26 09:48:37 +0000  792 bytes for ./Frameworks/CountryPickerView.framework/CountryPickerView_CountryPickerView.bundle/Images/UG.png
2026-05-26 09:48:37 +0000  copying file ./Frameworks/CountryPickerView.framework/CountryPickerView_CountryPickerView.bundle/Images/TT.png ... 
2026-05-26 09:48:37 +0000  1352 bytes for ./Frameworks/CountryPickerView.framework/CountryPickerView_CountryPickerView.bundle/Images/TT.png
2026-05-26 09:48:37 +0000  copying file ./Frameworks/CountryPickerView.framework/CountryPickerView_CountryPickerView.bundle/Images/PL.png ... 
2026-05-26 09:48:37 +0000  332 bytes for ./Frameworks/CountryPickerView.framework/CountryPickerView_CountryPickerView.bundle/Images/PL.png
2026-05-26 09:48:37 +0000  copying file ./Frameworks/CountryPickerView.framework/CountryPickerView_CountryPickerView.bundle/Images/RS.png ... 
2026-05-26 09:48:37 +0000  1379 bytes for ./Frameworks/CountryPickerView.framework/CountryPickerView_CountryPickerView.bundle/Images/RS.png
2026-05-26 09:48:37 +0000  copying file ./Frameworks/CountryPickerView.framework/CountryPickerView_CountryPickerView.bundle/Images/IN.png ... 
2026-05-26 09:48:37 +0000  1381 bytes for ./Frameworks/CountryPickerView.framework/CountryPickerView_CountryPickerView.bundle/Images/IN.png
2026-05-26 09:48:37 +0000  copying file ./Frameworks/CountryPickerView.framework/CountryPickerView_CountryPickerView.bundle/Images/GE.png ... 
2026-05-26 09:48:37 +0000  706 bytes for ./Frameworks/CountryPickerView.framework/CountryPickerView_CountryPickerView.bundle/Images/GE.png
2026-05-26 09:48:37 +0000  copying file ./Frameworks/CountryPickerView.framework/CountryPickerView_CountryPickerView.bundle/Images/GR.png ... 
2026-05-26 09:48:37 +0000  680 bytes for ./Frameworks/CountryPickerView.framework/CountryPickerView_CountryPickerView.bundle/Images/GR.png
2026-05-26 09:48:37 +0000  copying file ./Frameworks/CountryPickerView.framework/CountryPickerView_CountryPickerView.bundle/Images/GS.png ... 
2026-05-26 09:48:37 +0000  2763 bytes for ./Frameworks/CountryPickerView.framework/CountryPickerView_CountryPickerView.bundle/Images/GS.png
2026-05-26 09:48:37 +0000  copying file ./Frameworks/CountryPickerView.framework/CountryPickerView_CountryPickerView.bundle/Images/GD.png ... 
2026-05-26 09:48:37 +0000  1379 bytes for ./Frameworks/CountryPickerView.framework/CountryPickerView_CountryPickerView.bundle/Images/GD.png
2026-05-26 09:48:37 +0000  copying file ./Frameworks/CountryPickerView.framework/CountryPickerView_CountryPickerView.bundle/Images/IO.png ... 
2026-05-26 09:48:37 +0000  3546 bytes for ./Frameworks/CountryPickerView.framework/CountryPickerView_CountryPickerView.bundle/Images/IO.png
2026-05-26 09:48:37 +0000  copying file ./Frameworks/CountryPickerView.framework/CountryPickerView_CountryPickerView.bundle/Images/HK.png ... 
2026-05-26 09:48:37 +0000  1032 bytes for ./Frameworks/CountryPickerView.framework/CountryPickerView_CountryPickerView.bundle/Images/HK.png
2026-05-26 09:48:37 +0000  copying file ./Frameworks/CountryPickerView.framework/CountryPickerView_CountryPickerView.bundle/Images/KP.png ... 
2026-05-26 09:48:37 +0000  822 bytes for ./Frameworks/CountryPickerView.framework/CountryPickerView_CountryPickerView.bundle/Images/KP.png
2026-05-26 09:48:37 +0000  copying file ./Frameworks/CountryPickerView.framework/CountryPickerView_CountryPickerView.bundle/Images/KG.png ... 
2026-05-26 09:48:37 +0000  1276 bytes for ./Frameworks/CountryPickerView.framework/CountryPickerView_CountryPickerView.bundle/Images/KG.png
2026-05-26 09:48:37 +0000  copying file ./Frameworks/CountryPickerView.framework/CountryPickerView_CountryPickerView.bundle/Images/PM.png ... 
2026-05-26 09:48:37 +0000  321 bytes for ./Frameworks/CountryPickerView.framework/CountryPickerView_CountryPickerView.bundle/Images/PM.png
2026-05-26 09:48:37 +0000  copying file ./Frameworks/CountryPickerView.framework/CountryPickerView_CountryPickerView.bundle/Images/SV.png ... 
2026-05-26 09:48:37 +0000  1324 bytes for ./Frameworks/CountryPickerView.framework/CountryPickerView_CountryPickerView.bundle/Images/SV.png
2026-05-26 09:48:37 +0000  copying file ./Frameworks/CountryPickerView.framework/CountryPickerView_CountryPickerView.bundle/Images/RE.png ... 
2026-05-26 09:48:37 +0000  321 bytes for ./Frameworks/CountryPickerView.framework/CountryPickerView_CountryPickerView.bundle/Images/RE.png
2026-05-26 09:48:37 +0000  copying file ./Frameworks/CountryPickerView.framework/CountryPickerView_CountryPickerView.bundle/Images/SA.png ... 
2026-05-26 09:48:37 +0000  1510 bytes for ./Frameworks/CountryPickerView.framework/CountryPickerView_CountryPickerView.bundle/Images/SA.png
2026-05-26 09:48:37 +0000  copying file ./Frameworks/CountryPickerView.framework/CountryPickerView_CountryPickerView.bundle/Images/SC.png ... 
2026-05-26 09:48:37 +0000  1652 bytes for ./Frameworks/CountryPickerView.framework/CountryPickerView_CountryPickerView.bundle/Images/SC.png
2026-05-26 09:48:37 +0000  copying file ./Frameworks/CountryPickerView.framework/CountryPickerView_CountryPickerView.bundle/Images/ST.png ... 
2026-05-26 09:48:37 +0000  1132 bytes for ./Frameworks/CountryPickerView.framework/CountryPickerView_CountryPickerView.bundle/Images/ST.png
2026-05-26 09:48:37 +0000  copying file ./Frameworks/CountryPickerView.framework/CountryPickerView_CountryPickerView.bundle/Images/KE.png ... 
2026-05-26 09:48:37 +0000  1399 bytes for ./Frameworks/CountryPickerView.framework/CountryPickerView_CountryPickerView.bundle/Images/KE.png
2026-05-26 09:48:37 +0000  copying file ./Frameworks/CountryPickerView.framework/CountryPickerView_CountryPickerView.bundle/Images/IM.png ... 
2026-05-26 09:48:37 +0000  1490 bytes for ./Frameworks/CountryPickerView.framework/CountryPickerView_CountryPickerView.bundle/Images/IM.png
2026-05-26 09:48:37 +0000  copying file ./Frameworks/CountryPickerView.framework/CountryPickerView_CountryPickerView.bundle/Images/KR.png ... 
2026-05-26 09:48:37 +0000  2156 bytes for ./Frameworks/CountryPickerView.framework/CountryPickerView_CountryPickerView.bundle/Images/KR.png
2026-05-26 09:48:37 +0000  copying file ./Frameworks/CountryPickerView.framework/CountryPickerView_CountryPickerView.bundle/Images/GF.png ... 
2026-05-26 09:48:37 +0000  337 bytes for ./Frameworks/CountryPickerView.framework/CountryPickerView_CountryPickerView.bundle/Images/GF.png
2026-05-26 09:48:37 +0000  copying file ./Frameworks/CountryPickerView.framework/CountryPickerView_CountryPickerView.bundle/Images/DJ.png ... 
2026-05-26 09:48:37 +0000  959 bytes for ./Frameworks/CountryPickerView.framework/CountryPickerView_CountryPickerView.bundle/Images/DJ.png
2026-05-26 09:48:37 +0000  copying file ./Frameworks/CountryPickerView.framework/CountryPickerView_CountryPickerView.bundle/Images/GQ.png ... 
2026-05-26 09:48:37 +0000  982 bytes for ./Frameworks/CountryPickerView.framework/CountryPickerView_CountryPickerView.bundle/Images/GQ.png
2026-05-26 09:48:37 +0000  copying file ./Frameworks/CountryPickerView.framework/CountryPickerView_CountryPickerView.bundle/Images/GP.png ... 
2026-05-26 09:48:37 +0000  337 bytes for ./Frameworks/CountryPickerView.framework/CountryPickerView_CountryPickerView.bundle/Images/GP.png
2026-05-26 09:48:37 +0000  copying file ./Frameworks/CountryPickerView.framework/CountryPickerView_CountryPickerView.bundle/Images/DK.png ... 
2026-05-26 09:48:37 +0000  419 bytes for ./Frameworks/CountryPickerView.framework/CountryPickerView_CountryPickerView.bundle/Images/DK.png
2026-05-26 09:48:37 +0000  copying file ./Frameworks/CountryPickerView.framework/CountryPickerView_CountryPickerView.bundle/Images/GG.png ... 
2026-05-26 09:48:37 +0000  714 bytes for ./Frameworks/CountryPickerView.framework/CountryPickerView_CountryPickerView.bundle/Images/GG.png
2026-05-26 09:48:37 +0000  copying file ./Frameworks/CountryPickerView.framework/CountryPickerView_CountryPickerView.bundle/Images/IL.png ... 
2026-05-26 09:48:37 +0000  890 bytes for ./Frameworks/CountryPickerView.framework/CountryPickerView_CountryPickerView.bundle/Images/IL.png
2026-05-26 09:48:37 +0000  copying file ./Frameworks/CountryPickerView.framework/CountryPickerView_CountryPickerView.bundle/Images/PN.png ... 
2026-05-26 09:48:37 +0000  2743 bytes for ./Frameworks/CountryPickerView.framework/CountryPickerView_CountryPickerView.bundle/Images/PN.png
2026-05-26 09:48:37 +0000  copying file ./Frameworks/CountryPickerView.framework/CountryPickerView_CountryPickerView.bundle/Images/SB.png ... 
2026-05-26 09:48:37 +0000  1185 bytes for ./Frameworks/CountryPickerView.framework/CountryPickerView_CountryPickerView.bundle/Images/SB.png
2026-05-26 09:48:37 +0000  copying file ./Frameworks/CountryPickerView.framework/CountryPickerView_CountryPickerView.bundle/Images/PY.png ... 
2026-05-26 09:48:37 +0000  690 bytes for ./Frameworks/CountryPickerView.framework/CountryPickerView_CountryPickerView.bundle/Images/PY.png
2026-05-26 09:48:37 +0000  copying file ./Frameworks/CountryPickerView.framework/CountryPickerView_CountryPickerView.bundle/Images/RU.png ... 
2026-05-26 09:48:37 +0000  381 bytes for ./Frameworks/CountryPickerView.framework/CountryPickerView_CountryPickerView.bundle/Images/RU.png
2026-05-26 09:48:37 +0000  copying file ./Frameworks/CountryPickerView.framework/CountryPickerView_CountryPickerView.bundle/Images/KW.png ... 
2026-05-26 09:48:37 +0000  676 bytes for ./Frameworks/CountryPickerView.framework/CountryPickerView_CountryPickerView.bundle/Images/KW.png
2026-05-26 09:48:37 +0000  copying file ./Frameworks/CountryPickerView.framework/CountryPickerView_CountryPickerView.bundle/Images/DO.png ... 
2026-05-26 09:48:37 +0000  762 bytes for ./Frameworks/CountryPickerView.framework/CountryPickerView_CountryPickerView.bundle/Images/DO.png
2026-05-26 09:48:37 +0000  copying file ./Frameworks/CountryPickerView.framework/CountryPickerView_CountryPickerView.bundle/Images/GT.png ... 
2026-05-26 09:48:37 +0000  1392 bytes for ./Frameworks/CountryPickerView.framework/CountryPickerView_CountryPickerView.bundle/Images/GT.png
2026-05-26 09:48:37 +0000  copying file ./Frameworks/CountryPickerView.framework/CountryPickerView_CountryPickerView.bundle/Images/GB.png ... 
2026-05-26 09:48:37 +0000  1523 bytes for ./Frameworks/CountryPickerView.framework/CountryPickerView_CountryPickerView.bundle/Images/GB.png
2026-05-26 09:48:37 +0000  copying file ./Frameworks/CountryPickerView.framework/CountryPickerView_CountryPickerView.bundle/Images/GU.png ... 
2026-05-26 09:48:37 +0000  1643 bytes for ./Frameworks/CountryPickerView.framework/CountryPickerView_CountryPickerView.bundle/Images/GU.png
2026-05-26 09:48:37 +0000  copying file ./Frameworks/CountryPickerView.framework/CountryPickerView_CountryPickerView.bundle/Images/JE.png ... 
2026-05-26 09:48:37 +0000  1361 bytes for ./Frameworks/CountryPickerView.framework/CountryPickerView_CountryPickerView.bundle/Images/JE.png
2026-05-26 09:48:37 +0000  copying file ./Frameworks/CountryPickerView.framework/CountryPickerView_CountryPickerView.bundle/Images/HM.png ... 
2026-05-26 09:48:37 +0000  2249 bytes for ./Frameworks/CountryPickerView.framework/CountryPickerView_CountryPickerView.bundle/Images/HM.png
2026-05-26 09:48:37 +0000  copying file ./Frameworks/CountryPickerView.framework/CountryPickerView_CountryPickerView.bundle/Images/SG.png ... 
2026-05-26 09:48:37 +0000  775 bytes for ./Frameworks/CountryPickerView.framework/CountryPickerView_CountryPickerView.bundle/Images/SG.png
2026-05-26 09:48:37 +0000  copying file ./Frameworks/CountryPickerView.framework/CountryPickerView_CountryPickerView.bundle/Images/PK.png ... 
2026-05-26 09:48:37 +0000  919 bytes for ./Frameworks/CountryPickerView.framework/CountryPickerView_CountryPickerView.bundle/Images/PK.png
2026-05-26 09:48:37 +0000  copying file ./Frameworks/CountryPickerView.framework/CountryPickerView_CountryPickerView.bundle/Images/SR.png ... 
2026-05-26 09:48:37 +0000  773 bytes for ./Frameworks/CountryPickerView.framework/CountryPickerView_CountryPickerView.bundle/Images/SR.png
2026-05-26 09:48:37 +0000  copying file ./Frameworks/CountryPickerView.framework/CountryPickerView_CountryPickerView.bundle/Images/SE.png ... 
2026-05-26 09:48:37 +0000  601 bytes for ./Frameworks/CountryPickerView.framework/CountryPickerView_CountryPickerView.bundle/Images/SE.png
2026-05-26 09:48:37 +0000  copying file ./Frameworks/CountryPickerView.framework/CountryPickerView_CountryPickerView.bundle/Images/JP.png ... 
2026-05-26 09:48:37 +0000  588 bytes for ./Frameworks/CountryPickerView.framework/CountryPickerView_CountryPickerView.bundle/Images/JP.png
2026-05-26 09:48:37 +0000  copying file ./Frameworks/CountryPickerView.framework/CountryPickerView_CountryPickerView.bundle/Images/GW.png ... 
2026-05-26 09:48:37 +0000  770 bytes for ./Frameworks/CountryPickerView.framework/CountryPickerView_CountryPickerView.bundle/Images/GW.png
2026-05-26 09:48:37 +0000  copying file ./Frameworks/CountryPickerView.framework/CountryPickerView_CountryPickerView.bundle/Images/EH.png ... 
2026-05-26 09:48:37 +0000  1263 bytes for ./Frameworks/CountryPickerView.framework/CountryPickerView_CountryPickerView.bundle/Images/EH.png
2026-05-26 09:48:37 +0000  copying file ./Frameworks/CountryPickerView.framework/CountryPickerView_CountryPickerView.bundle/Images/DZ.png ... 
2026-05-26 09:48:37 +0000  1112 bytes for ./Frameworks/CountryPickerView.framework/CountryPickerView_CountryPickerView.bundle/Images/DZ.png
2026-05-26 09:48:37 +0000  copying file ./Frameworks/CountryPickerView.framework/CountryPickerView_CountryPickerView.bundle/Images/GA.png ... 
2026-05-26 09:48:37 +0000  390 bytes for ./Frameworks/CountryPickerView.framework/CountryPickerView_CountryPickerView.bundle/Images/GA.png
2026-05-26 09:48:37 +0000  copying file ./Frameworks/CountryPickerView.framework/CountryPickerView_CountryPickerView.bundle/Images/FR.png ... 
2026-05-26 09:48:37 +0000  337 bytes for ./Frameworks/CountryPickerView.framework/CountryPickerView_CountryPickerView.bundle/Images/FR.png
2026-05-26 09:48:37 +0000  copying file ./Frameworks/CountryPickerView.framework/CountryPickerView_CountryPickerView.bundle/Images/DM.png ... 
2026-05-26 09:48:37 +0000  1373 bytes for ./Frameworks/CountryPickerView.framework/CountryPickerView_CountryPickerView.bundle/Images/DM.png
2026-05-26 09:48:37 +0000  copying file ./Frameworks/CountryPickerView.framework/CountryPickerView_CountryPickerView.bundle/Images/HN.png ... 
2026-05-26 09:48:37 +0000  750 bytes for ./Frameworks/CountryPickerView.framework/CountryPickerView_CountryPickerView.bundle/Images/HN.png
2026-05-26 09:48:37 +0000  copying file ./Frameworks/CountryPickerView.framework/CountryPickerView_CountryPickerView.bundle/Images/SD.png ... 
2026-05-26 09:48:37 +0000  661 bytes for ./Frameworks/CountryPickerView.framework/CountryPickerView_CountryPickerView.bundle/Images/SD.png
2026-05-26 09:48:37 +0000  copying file ./Frameworks/CountryPickerView.framework/CountryPickerView_CountryPickerView.bundle/Images/RW.png ... 
2026-05-26 09:48:37 +0000  805 bytes for ./Frameworks/CountryPickerView.framework/CountryPickerView_CountryPickerView.bundle/Images/RW.png
2026-05-26 09:48:37 +0000  copying file ./Frameworks/CountryPickerView.framework/CountryPickerView_CountryPickerView.bundle/Images/PH.png ... 
2026-05-26 09:48:37 +0000  1519 bytes for ./Frameworks/CountryPickerView.framework/CountryPickerView_CountryPickerView.bundle/Images/PH.png
2026-05-26 09:48:37 +0000  copying file ./Frameworks/CountryPickerView.framework/CountryPickerView_CountryPickerView.bundle/Images/SS.png ... 
2026-05-26 09:48:37 +0000  1431 bytes for ./Frameworks/CountryPickerView.framework/CountryPickerView_CountryPickerView.bundle/Images/SS.png
2026-05-26 09:48:37 +0000  copying file ./Frameworks/CountryPickerView.framework/CountryPickerView_CountryPickerView.bundle/Images/QA.png ... 
2026-05-26 09:48:37 +0000  748 bytes for ./Frameworks/CountryPickerView.framework/CountryPickerView_CountryPickerView.bundle/Images/QA.png
2026-05-26 09:48:37 +0000  copying file ./Frameworks/CountryPickerView.framework/CountryPickerView_CountryPickerView.bundle/Images/PE.png ... 
2026-05-26 09:48:37 +0000  327 bytes for ./Frameworks/CountryPickerView.framework/CountryPickerView_CountryPickerView.bundle/Images/PE.png
2026-05-26 09:48:37 +0000  copying file ./Frameworks/CountryPickerView.framework/CountryPickerView_CountryPickerView.bundle/Images/PR.png ... 
2026-05-26 09:48:37 +0000  1518 bytes for ./Frameworks/CountryPickerView.framework/CountryPickerView_CountryPickerView.bundle/Images/PR.png
2026-05-26 09:48:37 +0000  copying file ./Frameworks/CountryPickerView.framework/CountryPickerView_CountryPickerView.bundle/Images/SI.png ... 
2026-05-26 09:48:37 +0000  967 bytes for ./Frameworks/CountryPickerView.framework/CountryPickerView_CountryPickerView.bundle/Images/SI.png
2026-05-26 09:48:37 +0000  copying file ./Frameworks/CountryPickerView.framework/CountryPickerView_CountryPickerView.bundle/Images/HT.png ... 
2026-05-26 09:48:37 +0000  342 bytes for ./Frameworks/CountryPickerView.framework/CountryPickerView_CountryPickerView.bundle/Images/HT.png
2026-05-26 09:48:37 +0000  copying file ./Frameworks/CountryPickerView.framework/CountryPickerView_CountryPickerView.bundle/Images/ES.png ... 
2026-05-26 09:48:37 +0000  1600 bytes for ./Frameworks/CountryPickerView.framework/CountryPickerView_CountryPickerView.bundle/Images/ES.png
2026-05-26 09:48:37 +0000  copying file ./Frameworks/CountryPickerView.framework/CountryPickerView_CountryPickerView.bundle/Images/GL.png ... 
2026-05-26 09:48:37 +0000  869 bytes for ./Frameworks/CountryPickerView.framework/CountryPickerView_CountryPickerView.bundle/Images/GL.png
2026-05-26 09:48:37 +0000  copying file ./Frameworks/CountryPickerView.framework/CountryPickerView_CountryPickerView.bundle/Images/GM.png ... 
2026-05-26 09:48:37 +0000  381 bytes for ./Frameworks/CountryPickerView.framework/CountryPickerView_CountryPickerView.bundle/Images/GM.png
2026-05-26 09:48:37 +0000  copying file ./Frameworks/CountryPickerView.framework/CountryPickerView_CountryPickerView.bundle/Images/ER.png ... 
2026-05-26 09:48:37 +0000  2034 bytes for ./Frameworks/CountryPickerView.framework/CountryPickerView_CountryPickerView.bundle/Images/ER.png
2026-05-26 09:48:37 +0000  copying file ./Frameworks/CountryPickerView.framework/CountryPickerView_CountryPickerView.bundle/Images/FI.png ... 
2026-05-26 09:48:37 +0000  418 bytes for ./Frameworks/CountryPickerView.framework/CountryPickerView_CountryPickerView.bundle/Images/FI.png
2026-05-26 09:48:37 +0000  copying file ./Frameworks/CountryPickerView.framework/CountryPickerView_CountryPickerView.bundle/Images/EE.png ... 
2026-05-26 09:48:37 +0000  366 bytes for ./Frameworks/CountryPickerView.framework/CountryPickerView_CountryPickerView.bundle/Images/EE.png
2026-05-26 09:48:37 +0000  copying file ./Frameworks/CountryPickerView.framework/CountryPickerView_CountryPickerView.bundle/Images/KN.png ... 
2026-05-26 09:48:37 +0000  1571 bytes for ./Frameworks/CountryPickerView.framework/CountryPickerView_CountryPickerView.bundle/Images/KN.png
2026-05-26 09:48:37 +0000  copying file ./Frameworks/CountryPickerView.framework/CountryPickerView_CountryPickerView.bundle/Images/HU.png ... 
2026-05-26 09:48:37 +0000  379 bytes for ./Frameworks/CountryPickerView.framework/CountryPickerView_CountryPickerView.bundle/Images/HU.png
2026-05-26 09:48:37 +0000  copying file ./Frameworks/CountryPickerView.framework/CountryPickerView_CountryPickerView.bundle/Images/IQ.png ... 
2026-05-26 09:48:37 +0000  2190 bytes for ./Frameworks/CountryPickerView.framework/CountryPickerView_CountryPickerView.bundle/Images/IQ.png
2026-05-26 09:48:37 +0000  copying file ./Frameworks/CountryPickerView.framework/CountryPickerView_CountryPickerView.bundle/Images/KY.png ... 
2026-05-26 09:48:37 +0000  2466 bytes for ./Frameworks/CountryPickerView.framework/CountryPickerView_CountryPickerView.bundle/Images/KY.png
2026-05-26 09:48:37 +0000  copying file ./Frameworks/CountryPickerView.framework/CountryPickerView_CountryPickerView.bundle/Images/SH.png ... 
2026-05-26 09:48:37 +0000  2215 bytes for ./Frameworks/CountryPickerView.framework/CountryPickerView_CountryPickerView.bundle/Images/SH.png
2026-05-26 09:48:37 +0000  copying file ./Frameworks/CountryPickerView.framework/CountryPickerView_CountryPickerView.bundle/Images/PS.png ... 
2026-05-26 09:48:37 +0000  633 bytes for ./Frameworks/CountryPickerView.framework/CountryPickerView_CountryPickerView.bundle/Images/PS.png
2026-05-26 09:48:37 +0000  copying file ./Frameworks/CountryPickerView.framework/CountryPickerView_CountryPickerView.bundle/Images/PF.png ... 
2026-05-26 09:48:37 +0000  1261 bytes for ./Frameworks/CountryPickerView.framework/CountryPickerView_CountryPickerView.bundle/Images/PF.png
2026-05-26 09:48:37 +0000  copying file ./Frameworks/CountryPickerView.framework/CountryPickerView_CountryPickerView.bundle/Images/SJ.png ... 
2026-05-26 09:48:37 +0000  806 bytes for ./Frameworks/CountryPickerView.framework/CountryPickerView_CountryPickerView.bundle/Images/SJ.png
2026-05-26 09:48:37 +0000  copying file ./Frameworks/CountryPickerView.framework/CountryPickerView_CountryPickerView.bundle/Images/ID.png ... 
2026-05-26 09:48:37 +0000  320 bytes for ./Frameworks/CountryPickerView.framework/CountryPickerView_CountryPickerView.bundle/Images/ID.png
2026-05-26 09:48:37 +0000  copying file ./Frameworks/CountryPickerView.framework/CountryPickerView_CountryPickerView.bundle/Images/IS.png ... 
2026-05-26 09:48:37 +0000  499 bytes for ./Frameworks/CountryPickerView.framework/CountryPickerView_CountryPickerView.bundle/Images/IS.png
2026-05-26 09:48:37 +0000  copying file ./Frameworks/CountryPickerView.framework/CountryPickerView_CountryPickerView.bundle/Images/EG.png ... 
2026-05-26 09:48:37 +0000  741 bytes for ./Frameworks/CountryPickerView.framework/CountryPickerView_CountryPickerView.bundle/Images/EG.png
2026-05-26 09:48:37 +0000  copying file ./Frameworks/CountryPickerView.framework/CountryPickerView_CountryPickerView.bundle/Images/FK.png ... 
2026-05-26 09:48:37 +0000  2586 bytes for ./Frameworks/CountryPickerView.framework/CountryPickerView_CountryPickerView.bundle/Images/FK.png
2026-05-26 09:48:37 +0000  copying file ./Frameworks/CountryPickerView.framework/CountryPickerView_CountryPickerView.bundle/Images/FJ.png ... 
2026-05-26 09:48:37 +0000  2452 bytes for ./Frameworks/CountryPickerView.framework/CountryPickerView_CountryPickerView.bundle/Images/FJ.png
2026-05-26 09:48:37 +0000  copying file ./Frameworks/CountryPickerView.framework/CountryPickerView_CountryPickerView.bundle/Images/GN.png ... 
2026-05-26 09:48:37 +0000  338 bytes for ./Frameworks/CountryPickerView.framework/CountryPickerView_CountryPickerView.bundle/Images/GN.png
2026-05-26 09:48:37 +0000  copying file ./Frameworks/CountryPickerView.framework/CountryPickerView_CountryPickerView.bundle/Images/GY.png ... 
2026-05-26 09:48:37 +0000  1862 bytes for ./Frameworks/CountryPickerView.framework/CountryPickerView_CountryPickerView.bundle/Images/GY.png
2026-05-26 09:48:37 +0000  copying file ./Frameworks/CountryPickerView.framework/CountryPickerView_CountryPickerView.bundle/Images/IR.png ... 
2026-05-26 09:48:37 +0000  1423 bytes for ./Frameworks/CountryPickerView.framework/CountryPickerView_CountryPickerView.bundle/Images/IR.png
2026-05-26 09:48:37 +0000  copying file ./Frameworks/CountryPickerView.framework/CountryPickerView_CountryPickerView.bundle/Images/KM.png ... 
2026-05-26 09:48:37 +0000  1512 bytes for ./Frameworks/CountryPickerView.framework/CountryPickerView_CountryPickerView.bundle/Images/KM.png
2026-05-26 09:48:37 +0000  copying file ./Frameworks/CountryPickerView.framework/CountryPickerView_CountryPickerView.bundle/Images/IE.png ... 
2026-05-26 09:48:37 +0000  337 bytes for ./Frameworks/CountryPickerView.framework/CountryPickerView_CountryPickerView.bundle/Images/IE.png
2026-05-26 09:48:37 +0000  copying file ./Frameworks/CountryPickerView.framework/CountryPickerView_CountryPickerView.bundle/Images/KZ.png ... 
2026-05-26 09:48:37 +0000  2135 bytes for ./Frameworks/CountryPickerView.framework/CountryPickerView_CountryPickerView.bundle/Images/KZ.png
2026-05-26 09:48:37 +0000  copying file ./Frameworks/CountryPickerView.framework/CountryPickerView_CountryPickerView.bundle/Images/RO.png ... 
2026-05-26 09:48:37 +0000  343 bytes for ./Frameworks/CountryPickerView.framework/CountryPickerView_CountryPickerView.bundle/Images/RO.png
2026-05-26 09:48:37 +0000  copying file ./Frameworks/CountryPickerView.framework/CountryPickerView_CountryPickerView.bundle/Images/SK.png ... 
2026-05-26 09:48:37 +0000  1426 bytes for ./Frameworks/CountryPickerView.framework/CountryPickerView_CountryPickerView.bundle/Images/SK.png
2026-05-26 09:48:37 +0000  copying file ./Frameworks/CountryPickerView.framework/CountryPickerView_CountryPickerView.bundle/Images/PG.png ... 
2026-05-26 09:48:37 +0000  1262 bytes for ./Frameworks/CountryPickerView.framework/CountryPickerView_CountryPickerView.bundle/Images/PG.png
2026-05-26 09:48:37 +0000  copying file ./Frameworks/CountryPickerView.framework/CountryPickerView_CountryPickerView.bundle/Images/PT.png ... 
2026-05-26 09:48:37 +0000  1251 bytes for ./Frameworks/CountryPickerView.framework/CountryPickerView_CountryPickerView.bundle/Images/PT.png
2026-05-26 09:48:37 +0000  copying file ./Frameworks/CountryPickerView.framework/CountryPickerView_CountryPickerView.bundle/Images/SO.png ... 
2026-05-26 09:48:37 +0000  775 bytes for ./Frameworks/CountryPickerView.framework/CountryPickerView_CountryPickerView.bundle/Images/SO.png
2026-05-26 09:48:37 +0000  copying file ./Frameworks/CountryPickerView.framework/CountryPickerView_CountryPickerView.bundle/Images/SX.png ... 
2026-05-26 09:48:37 +0000  1263 bytes for ./Frameworks/CountryPickerView.framework/CountryPickerView_CountryPickerView.bundle/Images/SX.png
2026-05-26 09:48:37 +0000  copying file ./Frameworks/CountryPickerView.framework/CountryPickerView_CountryPickerView.bundle/Images/HR.png ... 
2026-05-26 09:48:37 +0000  1525 bytes for ./Frameworks/CountryPickerView.framework/CountryPickerView_CountryPickerView.bundle/Images/HR.png
2026-05-26 09:48:37 +0000  copying file ./Frameworks/CountryPickerView.framework/CountryPickerView_CountryPickerView.bundle/Images/KI.png ... 
2026-05-26 09:48:37 +0000  2370 bytes for ./Frameworks/CountryPickerView.framework/CountryPickerView_CountryPickerView.bundle/Images/KI.png
2026-05-26 09:48:37 +0000  copying file ./Frameworks/CountryPickerView.framework/CountryPickerView_CountryPickerView.bundle/Images/JM.png ... 
2026-05-26 09:48:37 +0000  840 bytes for ./Frameworks/CountryPickerView.framework/CountryPickerView_CountryPickerView.bundle/Images/JM.png
2026-05-26 09:48:37 +0000  copying file ./Frameworks/CountryPickerView.framework/CountryPickerView_CountryPickerView.bundle/Images/FX.png ... 
2026-05-26 09:48:37 +0000  337 bytes for ./Frameworks/CountryPickerView.framework/CountryPickerView_CountryPickerView.bundle/Images/FX.png
2026-05-26 09:48:37 +0000  copying file ./Frameworks/CountryPickerView.framework/CountryPickerView_CountryPickerView.bundle/Images/EC.png ... 
2026-05-26 09:48:37 +0000  1878 bytes for ./Frameworks/CountryPickerView.framework/CountryPickerView_CountryPickerView.bundle/Images/EC.png
2026-05-26 09:48:37 +0000  copying file ./Frameworks/CountryPickerView.framework/CountryPickerView_CountryPickerView.bundle/Images/ET.png ... 
2026-05-26 09:48:37 +0000  1320 bytes for ./Frameworks/CountryPickerView.framework/CountryPickerView_CountryPickerView.bundle/Images/ET.png
2026-05-26 09:48:37 +0000  copying file ./Frameworks/CountryPickerView.framework/CountryPickerView_CountryPickerView.bundle/Images/FO.png ... 
2026-05-26 09:48:37 +0000  623 bytes for ./Frameworks/CountryPickerView.framework/CountryPickerView_CountryPickerView.bundle/Images/FO.png
2026-05-26 09:48:37 +0000  copying file ./Frameworks/CountryPickerView.framework/CountryPickerView_CountryPickerView.bundle/Images/KH.png ... 
2026-05-26 09:48:37 +0000  1258 bytes for ./Frameworks/CountryPickerView.framework/CountryPickerView_CountryPickerView.bundle/Images/KH.png
2026-05-26 09:48:37 +0000  copying file ./Frameworks/CountryPickerView.framework/CountryPickerView_CountryPickerView.bundle/Images/SY.png ... 
2026-05-26 09:48:37 +0000  684 bytes for ./Frameworks/CountryPickerView.framework/CountryPickerView_CountryPickerView.bundle/Images/SY.png
2026-05-26 09:48:37 +0000  copying file ./Frameworks/CountryPickerView.framework/CountryPickerView_CountryPickerView.bundle/Images/SN.png ... 
2026-05-26 09:48:37 +0000  638 bytes for ./Frameworks/CountryPickerView.framework/CountryPickerView_CountryPickerView.bundle/Images/SN.png
2026-05-26 09:48:37 +0000  copying file ./Frameworks/CountryPickerView.framework/CountryPickerView_CountryPickerView.bundle/Images/PW.png ... 
2026-05-26 09:48:37 +0000  864 bytes for ./Frameworks/CountryPickerView.framework/CountryPickerView_CountryPickerView.bundle/Images/PW.png
2026-05-26 09:48:37 +0000  copying file ./Frameworks/CountryPickerView.framework/CountryPickerView_CountryPickerView.bundle/Images/SL.png ... 
2026-05-26 09:48:37 +0000  350 bytes for ./Frameworks/CountryPickerView.framework/CountryPickerView_CountryPickerView.bundle/Images/SL.png
2026-05-26 09:48:37 +0000  copying file ./Frameworks/CountryPickerView.framework/CountryPickerView_CountryPickerView.bundle/Images/FM.png ... 
2026-05-26 09:48:37 +0000  866 bytes for ./Frameworks/CountryPickerView.framework/CountryPickerView_CountryPickerView.bundle/Images/FM.png
2026-05-26 09:48:37 +0000  copying file ./Frameworks/CountryPickerView.framework/CountryPickerView_CountryPickerView.bundle/Images/GI.png ... 
2026-05-26 09:48:37 +0000  1452 bytes for ./Frameworks/CountryPickerView.framework/CountryPickerView_CountryPickerView.bundle/Images/GI.png
2026-05-26 09:48:37 +0000  copying file ./Frameworks/CountryPickerView.framework/CountryPickerView_CountryPickerView.bundle/Images/DE.png ... 
2026-05-26 09:48:37 +0000  374 bytes for ./Frameworks/CountryPickerView.framework/CountryPickerView_CountryPickerView.bundle/Images/DE.png
2026-05-26 09:48:37 +0000  copying file ./Frameworks/CountryPickerView.framework/CountryPickerView_CountryPickerView.bundle/Images/GH.png ... 
2026-05-26 09:48:37 +0000  1046 bytes for ./Frameworks/CountryPickerView.framework/CountryPickerView_CountryPickerView.bundle/Images/GH.png
2026-05-26 09:48:37 +0000  copying file ./Frameworks/CountryPickerView.framework/CountryPickerView_CountryPickerView.bundle/Images/JO.png ... 
2026-05-26 09:48:37 +0000  754 bytes for ./Frameworks/CountryPickerView.framework/CountryPickerView_CountryPickerView.bundle/Images/JO.png
2026-05-26 09:48:37 +0000  copying file ./Frameworks/CountryPickerView.framework/CountryPickerView_CountryPickerView.bundle/Images/IT.png ... 
2026-05-26 09:48:37 +0000  321 bytes for ./Frameworks/CountryPickerView.framework/CountryPickerView_CountryPickerView.bundle/Images/IT.png
2026-05-26 09:48:37 +0000  copying file ./Frameworks/CountryPickerView.framework/CountryPickerView_CountryPickerView.bundle/Images/PA.png ... 
2026-05-26 09:48:37 +0000  1008 bytes for ./Frameworks/CountryPickerView.framework/CountryPickerView_CountryPickerView.bundle/Images/PA.png
2026-05-26 09:48:37 +0000  copying file ./Frameworks/CountryPickerView.framework/CountryPickerView_CountryPickerView.bundle/Images/SZ.png ... 
2026-05-26 09:48:37 +0000  1529 bytes for ./Frameworks/CountryPickerView.framework/CountryPickerView_CountryPickerView.bundle/Images/SZ.png
2026-05-26 09:48:37 +0000  copying file ./Frameworks/CountryPickerView.framework/CountryPickerView_CountryPickerView.bundle/Images/SM.png ... 
2026-05-26 09:48:37 +0000  1382 bytes for ./Frameworks/CountryPickerView.framework/CountryPickerView_CountryPickerView.bundle/Images/SM.png
2026-05-26 09:48:37 +0000  copying file ./Frameworks/CountryPickerView.framework/CountryPickerView_CountryPickerView.bundle/Images/TN.png ... 
2026-05-26 09:48:37 +0000  1025 bytes for ./Frameworks/CountryPickerView.framework/CountryPickerView_CountryPickerView.bundle/Images/TN.png
2026-05-26 09:48:37 +0000  copying file ./Frameworks/CountryPickerView.framework/CountryPickerView_CountryPickerView.bundle/Images/ML.png ... 
2026-05-26 09:48:37 +0000  337 bytes for ./Frameworks/CountryPickerView.framework/CountryPickerView_CountryPickerView.bundle/Images/ML.png
2026-05-26 09:48:37 +0000  copying file ./Frameworks/CountryPickerView.framework/CountryPickerView_CountryPickerView.bundle/Images/CG.png ... 
2026-05-26 09:48:37 +0000  515 bytes for ./Frameworks/CountryPickerView.framework/CountryPickerView_CountryPickerView.bundle/Images/CG.png
2026-05-26 09:48:37 +0000  copying file ./Frameworks/CountryPickerView.framework/CountryPickerView_CountryPickerView.bundle/Images/AX.png ... 
2026-05-26 09:48:37 +0000  564 bytes for ./Frameworks/CountryPickerView.framework/CountryPickerView_CountryPickerView.bundle/Images/AX.png
2026-05-26 09:48:37 +0000  copying file ./Frameworks/CountryPickerView.framework/CountryPickerView_CountryPickerView.bundle/Images/AO.png ... 
2026-05-26 09:48:37 +0000  1035 bytes for ./Frameworks/CountryPickerView.framework/CountryPickerView_CountryPickerView.bundle/Images/AO.png
2026-05-26 09:48:37 +0000  copying file ./Frameworks/CountryPickerView.framework/CountryPickerView_CountryPickerView.bundle/Images/BT.png ... 
2026-05-26 09:48:37 +0000  2049 bytes for ./Frameworks/CountryPickerView.framework/CountryPickerView_CountryPickerView.bundle/Images/BT.png
2026-05-26 09:48:37 +0000  copying file ./Frameworks/CountryPickerView.framework/CountryPickerView_CountryPickerView.bundle/Images/BB.png ... 
2026-05-26 09:48:37 +0000  937 bytes for ./Frameworks/CountryPickerView.framework/CountryPickerView_CountryPickerView.bundle/Images/BB.png
2026-05-26 09:48:37 +0000  copying file ./Frameworks/CountryPickerView.framework/CountryPickerView_CountryPickerView.bundle/Images/CF.png ... 
2026-05-26 09:48:37 +0000  683 bytes for ./Frameworks/CountryPickerView.framework/CountryPickerView_CountryPickerView.bundle/Images/CF.png
2026-05-26 09:48:37 +0000  copying file ./Frameworks/CountryPickerView.framework/CountryPickerView_CountryPickerView.bundle/Images/MM.png ... 
2026-05-26 09:48:37 +0000  1049 bytes for ./Frameworks/CountryPickerView.framework/CountryPickerView_CountryPickerView.bundle/Images/MM.png
2026-05-26 09:48:37 +0000  copying file ./Frameworks/CountryPickerView.framework/CountryPickerView_CountryPickerView.bundle/Images/LI.png ... 
2026-05-26 09:48:37 +0000  985 bytes for ./Frameworks/CountryPickerView.framework/CountryPickerView_CountryPickerView.bundle/Images/LI.png
2026-05-26 09:48:37 +0000  copying file ./Frameworks/CountryPickerView.framework/CountryPickerView_CountryPickerView.bundle/Images/NA.png ... 
2026-05-26 09:48:37 +0000  1953 bytes for ./Frameworks/CountryPickerView.framework/CountryPickerView_CountryPickerView.bundle/Images/NA.png
2026-05-26 09:48:37 +0000  copying file ./Frameworks/CountryPickerView.framework/CountryPickerView_CountryPickerView.bundle/Images/MZ.png ... 
2026-05-26 09:48:37 +0000  1073 bytes for ./Frameworks/CountryPickerView.framework/CountryPickerView_CountryPickerView.bundle/Images/MZ.png
2026-05-26 09:48:37 +0000  copying file ./Frameworks/CountryPickerView.framework/CountryPickerView_CountryPickerView.bundle/Images/TO.png ... 
2026-05-26 09:48:37 +0000  662 bytes for ./Frameworks/CountryPickerView.framework/CountryPickerView_CountryPickerView.bundle/Images/TO.png
2026-05-26 09:48:37 +0000  copying file ./Frameworks/CountryPickerView.framework/CountryPickerView_CountryPickerView.bundle/Images/VG.png ... 
2026-05-26 09:48:37 +0000  2233 bytes for ./Frameworks/CountryPickerView.framework/CountryPickerView_CountryPickerView.bundle/Images/VG.png
2026-05-26 09:48:37 +0000  copying file ./Frameworks/CountryPickerView.framework/CountryPickerView_CountryPickerView.bundle/Images/VE.png ... 
2026-05-26 09:48:37 +0000  662 bytes for ./Frameworks/CountryPickerView.framework/CountryPickerView_CountryPickerView.bundle/Images/VE.png
2026-05-26 09:48:37 +0000  copying file ./Frameworks/CountryPickerView.framework/CountryPickerView_CountryPickerView.bundle/Images/TZ.png ... 
2026-05-26 09:48:37 +0000  767 bytes for ./Frameworks/CountryPickerView.framework/CountryPickerView_CountryPickerView.bundle/Images/TZ.png
2026-05-26 09:48:37 +0000  copying file ./Frameworks/CountryPickerView.framework/CountryPickerView_CountryPickerView.bundle/Images/TM.png ... 
2026-05-26 09:48:37 +0000  1454 bytes for ./Frameworks/CountryPickerView.framework/CountryPickerView_CountryPickerView.bundle/Images/TM.png
2026-05-26 09:48:37 +0000  copying file ./Frameworks/CountryPickerView.framework/CountryPickerView_CountryPickerView.bundle/Images/MX.png ... 
2026-05-26 09:48:37 +0000  1276 bytes for ./Frameworks/CountryPickerView.framework/CountryPickerView_CountryPickerView.bundle/Images/MX.png
2026-05-26 09:48:37 +0000  copying file ./Frameworks/CountryPickerView.framework/CountryPickerView_CountryPickerView.bundle/Images/NC.png ... 
2026-05-26 09:48:37 +0000  321 bytes for ./Frameworks/CountryPickerView.framework/CountryPickerView_CountryPickerView.bundle/Images/NC.png
2026-05-26 09:48:37 +0000  copying file ./Frameworks/CountryPickerView.framework/CountryPickerView_CountryPickerView.bundle/Images/MO.png ... 
2026-05-26 09:48:37 +0000  1188 bytes for ./Frameworks/CountryPickerView.framework/CountryPickerView_CountryPickerView.bundle/Images/MO.png
2026-05-26 09:48:37 +0000  copying file ./Frameworks/CountryPickerView.framework/CountryPickerView_CountryPickerView.bundle/Images/LK.png ... 
2026-05-26 09:48:37 +0000  734 bytes for ./Frameworks/CountryPickerView.framework/CountryPickerView_CountryPickerView.bundle/Images/LK.png
2026-05-26 09:48:37 +0000  copying file ./Frameworks/CountryPickerView.framework/CountryPickerView_CountryPickerView.bundle/Images/CD.png ... 
2026-05-26 09:48:37 +0000  1186 bytes for ./Frameworks/CountryPickerView.framework/CountryPickerView_CountryPickerView.bundle/Images/CD.png
2026-05-26 09:48:37 +0000  copying file ./Frameworks/CountryPickerView.framework/CountryPickerView_CountryPickerView.bundle/Images/AL.png ... 
2026-05-26 09:48:37 +0000  1286 bytes for ./Frameworks/CountryPickerView.framework/CountryPickerView_CountryPickerView.bundle/Images/AL.png
2026-05-26 09:48:37 +0000  copying file ./Frameworks/CountryPickerView.framework/CountryPickerView_CountryPickerView.bundle/Images/BW.png ... 
2026-05-26 09:48:37 +0000  355 bytes for ./Frameworks/CountryPickerView.framework/CountryPickerView_CountryPickerView.bundle/Images/BW.png
2026-05-26 09:48:37 +0000  copying file ./Frameworks/CountryPickerView.framework/CountryPickerView_CountryPickerView.bundle/Images/CR.png ... 
2026-05-26 09:48:37 +0000  393 bytes for ./Frameworks/CountryPickerView.framework/CountryPickerView_CountryPickerView.bundle/Images/CR.png
2026-05-26 09:48:37 +0000  copying file ./Frameworks/CountryPickerView.framework/CountryPickerView_CountryPickerView.bundle/Images/BV.png ... 
2026-05-26 09:48:37 +0000  836 bytes for ./Frameworks/CountryPickerView.framework/CountryPickerView_CountryPickerView.bundle/Images/BV.png
2026-05-26 09:48:37 +0000  copying file ./Frameworks/CountryPickerView.framework/CountryPickerView_CountryPickerView.bundle/Images/AM.png ... 
2026-05-26 09:48:37 +0000  342 bytes for ./Frameworks/CountryPickerView.framework/CountryPickerView_CountryPickerView.bundle/Images/AM.png
2026-05-26 09:48:37 +0000  copying file ./Frameworks/CountryPickerView.framework/CountryPickerView_CountryPickerView.bundle/Images/AZ.png ... 
2026-05-26 09:48:37 +0000  1212 bytes for ./Frameworks/CountryPickerView.framework/CountryPickerView_CountryPickerView.bundle/Images/AZ.png
2026-05-26 09:48:37 +0000  copying file ./Frameworks/CountryPickerView.framework/CountryPickerView_CountryPickerView.bundle/Images/BA.png ... 
2026-05-26 09:48:37 +0000  1426 bytes for ./Frameworks/CountryPickerView.framework/CountryPickerView_CountryPickerView.bundle/Images/BA.png
2026-05-26 09:48:37 +0000  copying file ./Frameworks/CountryPickerView.framework/CountryPickerView_CountryPickerView.bundle/Images/MN.png ... 
2026-05-26 09:48:37 +0000  928 bytes for ./Frameworks/CountryPickerView.framework/CountryPickerView_CountryPickerView.bundle/Images/MN.png
2026-05-26 09:48:37 +0000  copying file ./Frameworks/CountryPickerView.framework/CountryPickerView_CountryPickerView.bundle/Images/NU.png ... 
2026-05-26 09:48:37 +0000  2347 bytes for ./Frameworks/CountryPickerView.framework/CountryPickerView_CountryPickerView.bundle/Images/NU.png
2026-05-26 09:48:37 +0000  copying file ./Frameworks/CountryPickerView.framework/CountryPickerView_CountryPickerView.bundle/Images/MY.png ... 
2026-05-26 09:48:37 +0000  1011 bytes for ./Frameworks/CountryPickerView.framework/CountryPickerView_CountryPickerView.bundle/Images/MY.png
2026-05-26 09:48:37 +0000  copying file ./Frameworks/CountryPickerView.framework/CountryPickerView_CountryPickerView.bundle/Images/TL.png ... 
2026-05-26 09:48:37 +0000  1406 bytes for ./Frameworks/CountryPickerView.framework/CountryPickerView_CountryPickerView.bundle/Images/TL.png
2026-05-26 09:48:37 +0000  copying file ./Frameworks/CountryPickerView.framework/CountryPickerView_CountryPickerView.bundle/Images/WS.png ... 
2026-05-26 09:48:37 +0000  681 bytes for ./Frameworks/CountryPickerView.framework/CountryPickerView_CountryPickerView.bundle/Images/WS.png
2026-05-26 09:48:37 +0000  copying file ./Frameworks/CountryPickerView.framework/CountryPickerView_CountryPickerView.bundle/Images/TH.png ... 
2026-05-26 09:48:37 +0000  388 bytes for ./Frameworks/CountryPickerView.framework/CountryPickerView_CountryPickerView.bundle/Images/TH.png
2026-05-26 09:48:37 +0000  copying file ./Frameworks/CountryPickerView.framework/CountryPickerView_CountryPickerView.bundle/Images/XK.png ... 
2026-05-26 09:48:37 +0000  2221 bytes for ./Frameworks/CountryPickerView.framework/CountryPickerView_CountryPickerView.bundle/Images/XK.png
2026-05-26 09:48:37 +0000  copying file ./Frameworks/CountryPickerView.framework/CountryPickerView_CountryPickerView.bundle/Images/NF.png ... 
2026-05-26 09:48:37 +0000  1061 bytes for ./Frameworks/CountryPickerView.framework/CountryPickerView_CountryPickerView.bundle/Images/NF.png
2026-05-26 09:48:37 +0000  copying file ./Frameworks/CountryPickerView.framework/CountryPickerView_CountryPickerView.bundle/Images/LY.png ... 
2026-05-26 09:48:37 +0000  534 bytes for ./Frameworks/CountryPickerView.framework/CountryPickerView_CountryPickerView.bundle/Images/LY.png
2026-05-26 09:48:37 +0000  copying file ./Frameworks/CountryPickerView.framework/CountryPickerView_CountryPickerView.bundle/Images/AI.png ... 
2026-05-26 09:48:37 +0000  1980 bytes for ./Frameworks/CountryPickerView.framework/CountryPickerView_CountryPickerView.bundle/Images/AI.png
2026-05-26 09:48:37 +0000  copying file ./Frameworks/CountryPickerView.framework/CountryPickerView_CountryPickerView.bundle/Images/BR.png ... 
2026-05-26 09:48:37 +0000  2146 bytes for ./Frameworks/CountryPickerView.framework/CountryPickerView_CountryPickerView.bundle/Images/BR.png
2026-05-26 09:48:37 +0000  copying file ./Frameworks/CountryPickerView.framework/CountryPickerView_CountryPickerView.bundle/Images/CV.png ... 
2026-05-26 09:48:37 +0000  1215 bytes for ./Frameworks/CountryPickerView.framework/CountryPickerView_CountryPickerView.bundle/Images/CV.png
2026-05-26 09:48:37 +0000  copying file ./Frameworks/CountryPickerView.framework/CountryPickerView_CountryPickerView.bundle/Images/BE.png ... 
2026-05-26 09:48:37 +0000  346 bytes for ./Frameworks/CountryPickerView.framework/CountryPickerView_CountryPickerView.bundle/Images/BE.png
2026-05-26 09:48:37 +0000  copying file ./Frameworks/CountryPickerView.framework/CountryPickerView_CountryPickerView.bundle/Images/CA.png ... 
2026-05-26 09:48:37 +0000  837 bytes for ./Frameworks/CountryPickerView.framework/CountryPickerView_CountryPickerView.bundle/Images/CA.png
2026-05-26 09:48:37 +0000  copying file ./Frameworks/CountryPickerView.framework/CountryPickerView_CountryPickerView.bundle/Images/BD.png ... 
2026-05-26 09:48:37 +0000  655 bytes for ./Frameworks/CountryPickerView.framework/CountryPickerView_CountryPickerView.bundle/Images/BD.png
2026-05-26 09:48:37 +0000  copying file ./Frameworks/CountryPickerView.framework/CountryPickerView_CountryPickerView.bundle/Images/CW.png ... 
2026-05-26 09:48:37 +0000  633 bytes for ./Frameworks/CountryPickerView.framework/CountryPickerView_CountryPickerView.bundle/Images/CW.png
2026-05-26 09:48:37 +0000  copying file ./Frameworks/CountryPickerView.framework/CountryPickerView_CountryPickerView.bundle/Images/BS.png ... 
2026-05-26 09:48:37 +0000  984 bytes for ./Frameworks/CountryPickerView.framework/CountryPickerView_CountryPickerView.bundle/Images/BS.png
2026-05-26 09:48:37 +0000  copying file ./Frameworks/CountryPickerView.framework/CountryPickerView_CountryPickerView.bundle/Images/NG.png ... 
2026-05-26 09:48:37 +0000  324 bytes for ./Frameworks/CountryPickerView.framework/CountryPickerView_CountryPickerView.bundle/Images/NG.png
2026-05-26 09:48:37 +0000  copying file ./Frameworks/CountryPickerView.framework/CountryPickerView_CountryPickerView.bundle/Images/MK.png ... 
2026-05-26 09:48:37 +0000  1604 bytes for ./Frameworks/CountryPickerView.framework/CountryPickerView_CountryPickerView.bundle/Images/MK.png
2026-05-26 09:48:37 +0000  copying file ./Frameworks/CountryPickerView.framework/CountryPickerView_CountryPickerView.bundle/Images/NP.png ... 
2026-05-26 09:48:37 +0000  1611 bytes for ./Frameworks/CountryPickerView.framework/CountryPickerView_CountryPickerView.bundle/Images/NP.png
2026-05-26 09:48:37 +0000  copying file ./Frameworks/CountryPickerView.framework/CountryPickerView_CountryPickerView.bundle/Images/VA.png ... 
2026-05-26 09:48:37 +0000  1249 bytes for ./Frameworks/CountryPickerView.framework/CountryPickerView_CountryPickerView.bundle/Images/VA.png
2026-05-26 09:48:37 +0000  copying file ./Frameworks/CountryPickerView.framework/CountryPickerView_CountryPickerView.bundle/Images/UZ.png ... 
2026-05-26 09:48:37 +0000  963 bytes for ./Frameworks/CountryPickerView.framework/CountryPickerView_CountryPickerView.bundle/Images/UZ.png
2026-05-26 09:48:37 +0000  copying file ./Frameworks/CountryPickerView.framework/CountryPickerView_CountryPickerView.bundle/Images/UM.png ... 
2026-05-26 09:48:37 +0000  1405 bytes for ./Frameworks/CountryPickerView.framework/CountryPickerView_CountryPickerView.bundle/Images/UM.png
2026-05-26 09:48:37 +0000  copying file ./Frameworks/CountryPickerView.framework/CountryPickerView_CountryPickerView.bundle/Images/TK.png ... 
2026-05-26 09:48:37 +0000  1493 bytes for ./Frameworks/CountryPickerView.framework/CountryPickerView_CountryPickerView.bundle/Images/TK.png
2026-05-26 09:48:37 +0000  copying file ./Frameworks/CountryPickerView.framework/CountryPickerView_CountryPickerView.bundle/Images/VC.png ... 
2026-05-26 09:48:37 +0000  938 bytes for ./Frameworks/CountryPickerView.framework/CountryPickerView_CountryPickerView.bundle/Images/VC.png
2026-05-26 09:48:37 +0000  copying file ./Frameworks/CountryPickerView.framework/CountryPickerView_CountryPickerView.bundle/Images/ZW.png ... 
2026-05-26 09:48:37 +0000  1471 bytes for ./Frameworks/CountryPickerView.framework/CountryPickerView_CountryPickerView.bundle/Images/ZW.png
2026-05-26 09:48:37 +0000  copying file ./Frameworks/CountryPickerView.framework/CountryPickerView_CountryPickerView.bundle/Images/NR.png ... 
2026-05-26 09:48:37 +0000  817 bytes for ./Frameworks/CountryPickerView.framework/CountryPickerView_CountryPickerView.bundle/Images/NR.png
2026-05-26 09:48:37 +0000  copying file ./Frameworks/CountryPickerView.framework/CountryPickerView_CountryPickerView.bundle/Images/NE.png ... 
2026-05-26 09:48:37 +0000  732 bytes for ./Frameworks/CountryPickerView.framework/CountryPickerView_CountryPickerView.bundle/Images/NE.png
2026-05-26 09:48:37 +0000  copying file ./Frameworks/CountryPickerView.framework/CountryPickerView_CountryPickerView.bundle/Images/CU.png ... 
2026-05-26 09:48:37 +0000  1396 bytes for ./Frameworks/CountryPickerView.framework/CountryPickerView_CountryPickerView.bundle/Images/CU.png
2026-05-26 09:48:37 +0000  copying file ./Frameworks/CountryPickerView.framework/CountryPickerView_CountryPickerView.bundle/Images/BQ.png ... 
2026-05-26 09:48:37 +0000  377 bytes for ./Frameworks/CountryPickerView.framework/CountryPickerView_CountryPickerView.bundle/Images/BQ.png
2026-05-26 09:48:37 +0000  copying file ./Frameworks/CountryPickerView.framework/CountryPickerView_CountryPickerView.bundle/Images/BF.png ... 
2026-05-26 09:48:37 +0000  892 bytes for ./Frameworks/CountryPickerView.framework/CountryPickerView_CountryPickerView.bundle/Images/BF.png
2026-05-26 09:48:37 +0000  copying file ./Frameworks/CountryPickerView.framework/CountryPickerView_CountryPickerView.bundle/Images/BG.png ... 
2026-05-26 09:48:37 +0000  353 bytes for ./Frameworks/CountryPickerView.framework/CountryPickerView_CountryPickerView.bundle/Images/BG.png
2026-05-26 09:48:37 +0000  copying file ./Frameworks/CountryPickerView.framework/CountryPickerView_CountryPickerView.bundle/Images/CC.png ... 
2026-05-26 09:48:37 +0000  2351 bytes for ./Frameworks/CountryPickerView.framework/CountryPickerView_CountryPickerView.bundle/Images/CC.png
2026-05-26 09:48:37 +0000  copying file ./Frameworks/CountryPickerView.framework/CountryPickerView_CountryPickerView.bundle/Images/MH.png ... 
2026-05-26 09:48:37 +0000  2133 bytes for ./Frameworks/CountryPickerView.framework/CountryPickerView_CountryPickerView.bundle/Images/MH.png
2026-05-26 09:48:37 +0000  copying file ./Frameworks/CountryPickerView.framework/CountryPickerView_CountryPickerView.bundle/Images/ZA.png ... 
2026-05-26 09:48:37 +0000  1635 bytes for ./Frameworks/CountryPickerView.framework/CountryPickerView_CountryPickerView.bundle/Images/ZA.png
2026-05-26 09:48:37 +0000  copying file ./Frameworks/CountryPickerView.framework/CountryPickerView_CountryPickerView.bundle/Images/UY.png ... 
2026-05-26 09:48:37 +0000  1143 bytes for ./Frameworks/CountryPickerView.framework/CountryPickerView_CountryPickerView.bundle/Images/UY.png
2026-05-26 09:48:37 +0000  copying file ./Frameworks/CountryPickerView.framework/CountryPickerView_CountryPickerView.bundle/Images/WF.png ... 
2026-05-26 09:48:37 +0000  337 bytes for ./Frameworks/CountryPickerView.framework/CountryPickerView_CountryPickerView.bundle/Images/WF.png
2026-05-26 09:48:37 +0000  copying file ./Frameworks/CountryPickerView.framework/CountryPickerView_CountryPickerView.bundle/Images/VU.png ... 
2026-05-26 09:48:37 +0000  1376 bytes for ./Frameworks/CountryPickerView.framework/CountryPickerView_CountryPickerView.bundle/Images/VU.png
2026-05-26 09:48:37 +0000  copying file ./Frameworks/CountryPickerView.framework/CountryPickerView_CountryPickerView.bundle/Images/TJ.png ... 
2026-05-26 09:48:37 +0000  919 bytes for ./Frameworks/CountryPickerView.framework/CountryPickerView_CountryPickerView.bundle/Images/TJ.png
2026-05-26 09:48:37 +0000  copying file ./Frameworks/CountryPickerView.framework/CountryPickerView_CountryPickerView.bundle/Data/CountryCodes.json ... 
2026-05-26 09:48:37 +0000  14959 bytes for ./Frameworks/CountryPickerView.framework/CountryPickerView_CountryPickerView.bundle/Data/CountryCodes.json
2026-05-26 09:48:37 +0000  copying file ./Frameworks/CountryPickerView.framework/CountryPickerView_CountryPickerView.bundle/Info.plist ... 
2026-05-26 09:48:37 +0000  817 bytes for ./Frameworks/CountryPickerView.framework/CountryPickerView_CountryPickerView.bundle/Info.plist
2026-05-26 09:48:37 +0000  copying file ./Frameworks/CountryPickerView.framework/Info.plist ... 
2026-05-26 09:48:37 +0000  806 bytes for ./Frameworks/CountryPickerView.framework/Info.plist
2026-05-26 09:48:37 +0000  copying file ./Frameworks/Cosmos.framework/_CodeSignature/CodeResources ... 
2026-05-26 09:48:37 +0000  2296 bytes for ./Frameworks/Cosmos.framework/_CodeSignature/CodeResources
2026-05-26 09:48:37 +0000  copying file ./Frameworks/Cosmos.framework/Cosmos ... 
2026-05-26 09:48:37 +0000  243920 bytes for ./Frameworks/Cosmos.framework/Cosmos
2026-05-26 09:48:37 +0000  copying file ./Frameworks/Cosmos.framework/Cosmos.bundle/PrivacyInfo.xcprivacy ... 
2026-05-26 09:48:37 +0000  373 bytes for ./Frameworks/Cosmos.framework/Cosmos.bundle/PrivacyInfo.xcprivacy
2026-05-26 09:48:37 +0000  copying file ./Frameworks/Cosmos.framework/Cosmos.bundle/Info.plist ... 
2026-05-26 09:48:37 +0000  758 bytes for ./Frameworks/Cosmos.framework/Cosmos.bundle/Info.plist
2026-05-26 09:48:37 +0000  copying file ./Frameworks/Cosmos.framework/Info.plist ... 
2026-05-26 09:48:37 +0000  783 bytes for ./Frameworks/Cosmos.framework/Info.plist
2026-05-26 09:48:37 +0000  copying file ./Frameworks/FirebaseInstallations.framework/_CodeSignature/CodeResources ... 
2026-05-26 09:48:37 +0000  2388 bytes for ./Frameworks/FirebaseInstallations.framework/_CodeSignature/CodeResources
2026-05-26 09:48:37 +0000  copying file ./Frameworks/FirebaseInstallations.framework/FirebaseInstallations ... 
2026-05-26 09:48:37 +0000  256464 bytes for ./Frameworks/FirebaseInstallations.framework/FirebaseInstallations
2026-05-26 09:48:37 +0000  copying file ./Frameworks/FirebaseInstallations.framework/FirebaseInstallations_Privacy.bundle/PrivacyInfo.xcprivacy ... 
2026-05-26 09:48:37 +0000  1105 bytes for ./Frameworks/FirebaseInstallations.framework/FirebaseInstallations_Privacy.bundle/PrivacyInfo.xcprivacy
2026-05-26 09:48:37 +0000  copying file ./Frameworks/FirebaseInstallations.framework/FirebaseInstallations_Privacy.bundle/Info.plist ... 
2026-05-26 09:48:37 +0000  806 bytes for ./Frameworks/FirebaseInstallations.framework/FirebaseInstallations_Privacy.bundle/Info.plist
2026-05-26 09:48:37 +0000  copying file ./Frameworks/FirebaseInstallations.framework/Info.plist ... 
2026-05-26 09:48:37 +0000  815 bytes for ./Frameworks/FirebaseInstallations.framework/Info.plist
2026-05-26 09:48:37 +0000  copying file ./Frameworks/Alamofire.framework/_CodeSignature/CodeResources ... 
2026-05-26 09:48:37 +0000  2308 bytes for ./Frameworks/Alamofire.framework/_CodeSignature/CodeResources
2026-05-26 09:48:37 +0000  copying file ./Frameworks/Alamofire.framework/Alamofire ... 
2026-05-26 09:48:37 +0000  2784896 bytes for ./Frameworks/Alamofire.framework/Alamofire
2026-05-26 09:48:37 +0000  copying file ./Frameworks/Alamofire.framework/Alamofire.bundle/PrivacyInfo.xcprivacy ... 
2026-05-26 09:48:37 +0000  600 bytes for ./Frameworks/Alamofire.framework/Alamofire.bundle/PrivacyInfo.xcprivacy
2026-05-26 09:48:37 +0000  copying file ./Frameworks/Alamofire.framework/Alamofire.bundle/Info.plist ... 
2026-05-26 09:48:37 +0000  764 bytes for ./Frameworks/Alamofire.framework/Alamofire.bundle/Info.plist
2026-05-26 09:48:37 +0000  copying file ./Frameworks/Alamofire.framework/Info.plist ... 
2026-05-26 09:48:37 +0000  789 bytes for ./Frameworks/Alamofire.framework/Info.plist
2026-05-26 09:48:37 +0000  copying file ./Frameworks/SDWebImage.framework/_CodeSignature/CodeResources ... 
2026-05-26 09:48:37 +0000  1798 bytes for ./Frameworks/SDWebImage.framework/_CodeSignature/CodeResources
2026-05-26 09:48:37 +0000  copying file ./Frameworks/SDWebImage.framework/SDWebImage ... 
2026-05-26 09:48:37 +0000  374880 bytes for ./Frameworks/SDWebImage.framework/SDWebImage
2026-05-26 09:48:37 +0000  copying file ./Frameworks/SDWebImage.framework/Info.plist ... 
2026-05-26 09:48:37 +0000  790 bytes for ./Frameworks/SDWebImage.framework/Info.plist
2026-05-26 09:48:37 +0000  copying file ./Frameworks/libwebp.framework/_CodeSignature/CodeResources ... 
2026-05-26 09:48:37 +0000  1798 bytes for ./Frameworks/libwebp.framework/_CodeSignature/CodeResources
2026-05-26 09:48:37 +0000  copying file ./Frameworks/libwebp.framework/libwebp ... 
2026-05-26 09:48:37 +0000  636896 bytes for ./Frameworks/libwebp.framework/libwebp
2026-05-26 09:48:37 +0000  copying file ./Frameworks/libwebp.framework/Info.plist ... 
2026-05-26 09:48:37 +0000  784 bytes for ./Frameworks/libwebp.framework/Info.plist
2026-05-26 09:48:37 +0000  copying file ./JobRequestCell.nib ... 
2026-05-26 09:48:37 +0000  4244 bytes for ./JobRequestCell.nib
2026-05-26 09:48:37 +0000  copying file ./embedded.mobileprovision ... 
2026-05-26 09:48:37 +0000  23732 bytes for ./embedded.mobileprovision
2026-05-26 09:48:37 +0000  copying file ./Stripe_StripeUICore.bundle/de.lproj/Localizable.strings ... 
2026-05-26 09:48:37 +0000  3186 bytes for ./Stripe_StripeUICore.bundle/de.lproj/Localizable.strings
2026-05-26 09:48:37 +0000  copying file ./Stripe_StripeUICore.bundle/lt-LT.lproj/Localizable.strings ... 
2026-05-26 09:48:37 +0000  3281 bytes for ./Stripe_StripeUICore.bundle/lt-LT.lproj/Localizable.strings
2026-05-26 09:48:37 +0000  copying file ./Stripe_StripeUICore.bundle/zh-Hans.lproj/Localizable.strings ... 
2026-05-26 09:48:37 +0000  2904 bytes for ./Stripe_StripeUICore.bundle/zh-Hans.lproj/Localizable.strings
2026-05-26 09:48:37 +0000  copying file ./Stripe_StripeUICore.bundle/ja.lproj/Localizable.strings ... 
2026-05-26 09:48:37 +0000  3395 bytes for ./Stripe_StripeUICore.bundle/ja.lproj/Localizable.strings
2026-05-26 09:48:37 +0000  copying file ./Stripe_StripeUICore.bundle/el-GR.lproj/Localizable.strings ... 
2026-05-26 09:48:37 +0000  4617 bytes for ./Stripe_StripeUICore.bundle/el-GR.lproj/Localizable.strings
2026-05-26 09:48:37 +0000  copying file ./Stripe_StripeUICore.bundle/ms-MY.lproj/Localizable.strings ... 
2026-05-26 09:48:37 +0000  3046 bytes for ./Stripe_StripeUICore.bundle/ms-MY.lproj/Localizable.strings
2026-05-26 09:48:37 +0000  copying file ./Stripe_StripeUICore.bundle/en.lproj/Localizable.strings ... 
2026-05-26 09:48:37 +0000  7646 bytes for ./Stripe_StripeUICore.bundle/en.lproj/Localizable.strings
2026-05-26 09:48:37 +0000  copying file ./Stripe_StripeUICore.bundle/zh-HK.lproj/Localizable.strings ... 
2026-05-26 09:48:37 +0000  2967 bytes for ./Stripe_StripeUICore.bundle/zh-HK.lproj/Localizable.strings
2026-05-26 09:48:37 +0000  copying file ./Stripe_StripeUICore.bundle/mt.lproj/Localizable.strings ... 
2026-05-26 09:48:37 +0000  3303 bytes for ./Stripe_StripeUICore.bundle/mt.lproj/Localizable.strings
2026-05-26 09:48:37 +0000  copying file ./Stripe_StripeUICore.bundle/nb.lproj/Localizable.strings ... 
2026-05-26 09:48:37 +0000  2983 bytes for ./Stripe_StripeUICore.bundle/nb.lproj/Localizable.strings
2026-05-26 09:48:37 +0000  copying file ./Stripe_StripeUICore.bundle/ca-ES.lproj/Localizable.strings ... 
2026-05-26 09:48:37 +0000  3255 bytes for ./Stripe_StripeUICore.bundle/ca-ES.lproj/Localizable.strings
2026-05-26 09:48:37 +0000  copying file ./Stripe_StripeUICore.bundle/en-GB.lproj/Localizable.strings ... 
2026-05-26 09:48:37 +0000  2954 bytes for ./Stripe_StripeUICore.bundle/en-GB.lproj/Localizable.strings
2026-05-26 09:48:37 +0000  copying file ./Stripe_StripeUICore.bundle/es.lproj/Localizable.strings ... 
2026-05-26 09:48:37 +0000  3341 bytes for ./Stripe_StripeUICore.bundle/es.lproj/Localizable.strings
2026-05-26 09:48:37 +0000  copying file ./Stripe_StripeUICore.bundle/da.lproj/Localizable.strings ... 
2026-05-26 09:48:37 +0000  3030 bytes for ./Stripe_StripeUICore.bundle/da.lproj/Localizable.strings
2026-05-26 09:48:37 +0000  copying file ./Stripe_StripeUICore.bundle/es-419.lproj/Localizable.strings ... 
2026-05-26 09:48:37 +0000  3303 bytes for ./Stripe_StripeUICore.bundle/es-419.lproj/Localizable.strings
2026-05-26 09:48:37 +0000  copying file ./Stripe_StripeUICore.bundle/au_becs_bsb.json ... 
2026-05-26 09:48:37 +0000  4246 bytes for ./Stripe_StripeUICore.bundle/au_becs_bsb.json
2026-05-26 09:48:37 +0000  copying file ./Stripe_StripeUICore.bundle/it.lproj/Localizable.strings ... 
2026-05-26 09:48:37 +0000  3178 bytes for ./Stripe_StripeUICore.bundle/it.lproj/Localizable.strings
2026-05-26 09:48:37 +0000  copying file ./Stripe_StripeUICore.bundle/fr-CA.lproj/Localizable.strings ... 
2026-05-26 09:48:37 +0000  3315 bytes for ./Stripe_StripeUICore.bundle/fr-CA.lproj/Localizable.strings
2026-05-26 09:48:37 +0000  copying file ./Stripe_StripeUICore.bundle/bg-BG.lproj/Localizable.strings ... 
2026-05-26 09:48:37 +0000  4290 bytes for ./Stripe_StripeUICore.bundle/bg-BG.lproj/Localizable.strings
2026-05-26 09:48:37 +0000  copying file ./Stripe_StripeUICore.bundle/sv.lproj/Localizable.strings ... 
2026-05-26 09:48:37 +0000  3089 bytes for ./Stripe_StripeUICore.bundle/sv.lproj/Localizable.strings
2026-05-26 09:48:37 +0000  copying file ./Stripe_StripeUICore.bundle/ko.lproj/Localizable.strings ... 
2026-05-26 09:48:37 +0000  3246 bytes for ./Stripe_StripeUICore.bundle/ko.lproj/Localizable.strings
2026-05-26 09:48:37 +0000  copying file ./Stripe_StripeUICore.bundle/fil.lproj/Localizable.strings ... 
2026-05-26 09:48:37 +0000  3212 bytes for ./Stripe_StripeUICore.bundle/fil.lproj/Localizable.strings
2026-05-26 09:48:37 +0000  copying file ./Stripe_StripeUICore.bundle/zh-Hant.lproj/Localizable.strings ... 
2026-05-26 09:48:37 +0000  2873 bytes for ./Stripe_StripeUICore.bundle/zh-Hant.lproj/Localizable.strings
2026-05-26 09:48:37 +0000  copying file ./Stripe_StripeUICore.bundle/ro-RO.lproj/Localizable.strings ... 
2026-05-26 09:48:37 +0000  3299 bytes for ./Stripe_StripeUICore.bundle/ro-RO.lproj/Localizable.strings
2026-05-26 09:48:37 +0000  copying file ./Stripe_StripeUICore.bundle/hu.lproj/Localizable.strings ... 
2026-05-26 09:48:37 +0000  3187 bytes for ./Stripe_StripeUICore.bundle/hu.lproj/Localizable.strings
2026-05-26 09:48:37 +0000  copying file ./Stripe_StripeUICore.bundle/Assets.car ... 
2026-05-26 09:48:37 +0000  44792 bytes for ./Stripe_StripeUICore.bundle/Assets.car
2026-05-26 09:48:37 +0000  copying file ./Stripe_StripeUICore.bundle/tr.lproj/Localizable.strings ... 
2026-05-26 09:48:37 +0000  3053 bytes for ./Stripe_StripeUICore.bundle/tr.lproj/Localizable.strings
2026-05-26 09:48:37 +0000  copying file ./Stripe_StripeUICore.bundle/et-EE.lproj/Localizable.strings ... 
2026-05-26 09:48:37 +0000  3031 bytes for ./Stripe_StripeUICore.bundle/et-EE.lproj/Localizable.strings
2026-05-26 09:48:37 +0000  copying file ./Stripe_StripeUICore.bundle/pt-BR.lproj/Localizable.strings ... 
2026-05-26 09:48:37 +0000  3156 bytes for ./Stripe_StripeUICore.bundle/pt-BR.lproj/Localizable.strings
2026-05-26 09:48:37 +0000  copying file ./Stripe_StripeUICore.bundle/lv-LV.lproj/Localizable.strings ... 
2026-05-26 09:48:37 +0000  3236 bytes for ./Stripe_StripeUICore.bundle/lv-LV.lproj/Localizable.strings
2026-05-26 09:48:37 +0000  copying file ./Stripe_StripeUICore.bundle/vi.lproj/Localizable.strings ... 
2026-05-26 09:48:37 +0000  3509 bytes for ./Stripe_StripeUICore.bundle/vi.lproj/Localizable.strings
2026-05-26 09:48:37 +0000  copying file ./Stripe_StripeUICore.bundle/ru.lproj/Localizable.strings ... 
2026-05-26 09:48:37 +0000  4240 bytes for ./Stripe_StripeUICore.bundle/ru.lproj/Localizable.strings
2026-05-26 09:48:37 +0000  copying file ./Stripe_StripeUICore.bundle/localized_address_data.json ... 
2026-05-26 09:48:37 +0000  23427 bytes for ./Stripe_StripeUICore.bundle/localized_address_data.json
2026-05-26 09:48:37 +0000  copying file ./Stripe_StripeUICore.bundle/cs-CZ.lproj/Localizable.strings ... 
2026-05-26 09:48:37 +0000  3174 bytes for ./Stripe_StripeUICore.bundle/cs-CZ.lproj/Localizable.strings
2026-05-26 09:48:37 +0000  copying file ./Stripe_StripeUICore.bundle/sk-SK.lproj/Localizable.strings ... 
2026-05-26 09:48:37 +0000  3167 bytes for ./Stripe_StripeUICore.bundle/sk-SK.lproj/Localizable.strings
2026-05-26 09:48:37 +0000  copying file ./Stripe_StripeUICore.bundle/sl-SI.lproj/Localizable.strings ... 
2026-05-26 09:48:37 +0000  3204 bytes for ./Stripe_StripeUICore.bundle/sl-SI.lproj/Localizable.strings
2026-05-26 09:48:37 +0000  copying file ./Stripe_StripeUICore.bundle/fr.lproj/Localizable.strings ... 
2026-05-26 09:48:37 +0000  3353 bytes for ./Stripe_StripeUICore.bundle/fr.lproj/Localizable.strings
2026-05-26 09:48:37 +0000  copying file ./Stripe_StripeUICore.bundle/fi.lproj/Localizable.strings ... 
2026-05-26 09:48:37 +0000  3069 bytes for ./Stripe_StripeUICore.bundle/fi.lproj/Localizable.strings
2026-05-26 09:48:37 +0000  copying file ./Stripe_StripeUICore.bundle/id.lproj/Localizable.strings ... 
2026-05-26 09:48:37 +0000  3091 bytes for ./Stripe_StripeUICore.bundle/id.lproj/Localizable.strings
2026-05-26 09:48:37 +0000  copying file ./Stripe_StripeUICore.bundle/nl.lproj/Localizable.strings ... 
2026-05-26 09:48:37 +0000  3081 bytes for ./Stripe_StripeUICore.bundle/nl.lproj/Localizable.strings
2026-05-26 09:48:37 +0000  copying file ./Stripe_StripeUICore.bundle/th.lproj/Localizable.strings ... 
2026-05-26 09:48:37 +0000  4989 bytes for ./Stripe_StripeUICore.bundle/th.lproj/Localizable.strings
2026-05-26 09:48:37 +0000  copying file ./Stripe_StripeUICore.bundle/pl-PL.lproj/Localizable.strings ... 
2026-05-26 09:48:37 +0000  3169 bytes for ./Stripe_StripeUICore.bundle/pl-PL.lproj/Localizable.strings
2026-05-26 09:48:37 +0000  copying file ./Stripe_StripeUICore.bundle/pt-PT.lproj/Localizable.strings ... 
2026-05-26 09:48:37 +0000  3305 bytes for ./Stripe_StripeUICore.bundle/pt-PT.lproj/Localizable.strings
2026-05-26 09:48:37 +0000  copying file ./Stripe_StripeUICore.bundle/Info.plist ... 
2026-05-26 09:48:37 +0000  691 bytes for ./Stripe_StripeUICore.bundle/Info.plist
2026-05-26 09:48:37 +0000  copying file ./Stripe_StripeUICore.bundle/hr.lproj/Localizable.strings ... 
2026-05-26 09:48:37 +0000  3194 bytes for ./Stripe_StripeUICore.bundle/hr.lproj/Localizable.strings
2026-05-26 09:48:37 +0000  copying file ./SubShiftCell.nib ... 
2026-05-26 09:48:37 +0000  10892 bytes for ./SubShiftCell.nib
2026-05-26 09:48:37 +0000  copying file ./Stripe_StripeIdentity.bundle/de.lproj/Localizable.strings ... 
2026-05-26 09:48:37 +0000  8082 bytes for ./Stripe_StripeIdentity.bundle/de.lproj/Localizable.strings
2026-05-26 09:48:37 +0000  copying file ./Stripe_StripeIdentity.bundle/icon_clock@3x.png ... 
2026-05-26 09:48:37 +0000  651 bytes for ./Stripe_StripeIdentity.bundle/icon_clock@3x.png
2026-05-26 09:48:37 +0000  copying file ./Stripe_StripeIdentity.bundle/lt-LT.lproj/Localizable.strings ... 
2026-05-26 09:48:37 +0000  8106 bytes for ./Stripe_StripeIdentity.bundle/lt-LT.lproj/Localizable.strings
2026-05-26 09:48:37 +0000  copying file ./Stripe_StripeIdentity.bundle/zh-Hans.lproj/Localizable.strings ... 
2026-05-26 09:48:37 +0000  6782 bytes for ./Stripe_StripeIdentity.bundle/zh-Hans.lproj/Localizable.strings
2026-05-26 09:48:37 +0000  copying file ./Stripe_StripeIdentity.bundle/ja.lproj/Localizable.strings ... 
2026-05-26 09:48:37 +0000  8678 bytes for ./Stripe_StripeIdentity.bundle/ja.lproj/Localizable.strings
2026-05-26 09:48:37 +0000  copying file ./Stripe_StripeIdentity.bundle/el-GR.lproj/Localizable.strings ... 
2026-05-26 09:48:37 +0000  11636 bytes for ./Stripe_StripeIdentity.bundle/el-GR.lproj/Localizable.strings
2026-05-26 09:48:37 +0000  copying file ./Stripe_StripeIdentity.bundle/ms-MY.lproj/Localizable.strings ... 
2026-05-26 09:48:37 +0000  7696 bytes for ./Stripe_StripeIdentity.bundle/ms-MY.lproj/Localizable.strings
2026-05-26 09:48:37 +0000  copying file ./Stripe_StripeIdentity.bundle/en.lproj/Localizable.strings ... 
2026-05-26 09:48:37 +0000  14614 bytes for ./Stripe_StripeIdentity.bundle/en.lproj/Localizable.strings
2026-05-26 09:48:37 +0000  copying file ./Stripe_StripeIdentity.bundle/zh-HK.lproj/Localizable.strings ... 
2026-05-26 09:48:37 +0000  6697 bytes for ./Stripe_StripeIdentity.bundle/zh-HK.lproj/Localizable.strings
2026-05-26 09:48:37 +0000  copying file ./Stripe_StripeIdentity.bundle/icon_checkmark_92@3x.png ... 
2026-05-26 09:48:37 +0000  2248 bytes for ./Stripe_StripeIdentity.bundle/icon_checkmark_92@3x.png
2026-05-26 09:48:37 +0000  copying file ./Stripe_StripeIdentity.bundle/mt.lproj/Localizable.strings ... 
2026-05-26 09:48:37 +0000  8174 bytes for ./Stripe_StripeIdentity.bundle/mt.lproj/Localizable.strings
2026-05-26 09:48:37 +0000  copying file ./Stripe_StripeIdentity.bundle/nb.lproj/Localizable.strings ... 
2026-05-26 09:48:37 +0000  7338 bytes for ./Stripe_StripeIdentity.bundle/nb.lproj/Localizable.strings
2026-05-26 09:48:37 +0000  copying file ./Stripe_StripeIdentity.bundle/ca-ES.lproj/Localizable.strings ... 
2026-05-26 09:48:37 +0000  8079 bytes for ./Stripe_StripeIdentity.bundle/ca-ES.lproj/Localizable.strings
2026-05-26 09:48:37 +0000  copying file ./Stripe_StripeIdentity.bundle/en-GB.lproj/Localizable.strings ... 
2026-05-26 09:48:37 +0000  7105 bytes for ./Stripe_StripeIdentity.bundle/en-GB.lproj/Localizable.strings
2026-05-26 09:48:37 +0000  copying file ./Stripe_StripeIdentity.bundle/es.lproj/Localizable.strings ... 
2026-05-26 09:48:37 +0000  8120 bytes for ./Stripe_StripeIdentity.bundle/es.lproj/Localizable.strings
2026-05-26 09:48:37 +0000  copying file ./Stripe_StripeIdentity.bundle/da.lproj/Localizable.strings ... 
2026-05-26 09:48:37 +0000  7371 bytes for ./Stripe_StripeIdentity.bundle/da.lproj/Localizable.strings
2026-05-26 09:48:37 +0000  copying file ./Stripe_StripeIdentity.bundle/es-419.lproj/Localizable.strings ... 
2026-05-26 09:48:37 +0000  8156 bytes for ./Stripe_StripeIdentity.bundle/es-419.lproj/Localizable.strings
2026-05-26 09:48:37 +0000  copying file ./Stripe_StripeIdentity.bundle/it.lproj/Localizable.strings ... 
2026-05-26 09:48:37 +0000  8310 bytes for ./Stripe_StripeIdentity.bundle/it.lproj/Localizable.strings
2026-05-26 09:48:37 +0000  copying file ./Stripe_StripeIdentity.bundle/icon_camera_classic@3x.png ... 
2026-05-26 09:48:37 +0000  1184 bytes for ./Stripe_StripeIdentity.bundle/icon_camera_classic@3x.png
2026-05-26 09:48:37 +0000  copying file ./Stripe_StripeIdentity.bundle/fr-CA.lproj/Localizable.strings ... 
2026-05-26 09:48:37 +0000  8349 bytes for ./Stripe_StripeIdentity.bundle/fr-CA.lproj/Localizable.strings
2026-05-26 09:48:37 +0000  copying file ./Stripe_StripeIdentity.bundle/icon_phone@3x.png ... 
2026-05-26 09:48:37 +0000  761 bytes for ./Stripe_StripeIdentity.bundle/icon_phone@3x.png
2026-05-26 09:48:37 +0000  copying file ./Stripe_StripeIdentity.bundle/bg-BG.lproj/Localizable.strings ... 
2026-05-26 09:48:37 +0000  11949 bytes for ./Stripe_StripeIdentity.bundle/bg-BG.lproj/Localizable.strings
2026-05-26 09:48:37 +0000  copying file ./Stripe_StripeIdentity.bundle/sv.lproj/Localizable.strings ... 
2026-05-26 09:48:37 +0000  7507 bytes for ./Stripe_StripeIdentity.bundle/sv.lproj/Localizable.strings
2026-05-26 09:48:37 +0000  copying file ./Stripe_StripeIdentity.bundle/icon_id_front@3x.png ... 
2026-05-26 09:48:37 +0000  10488 bytes for ./Stripe_StripeIdentity.bundle/icon_id_front@3x.png
2026-05-26 09:48:37 +0000  copying file ./Stripe_StripeIdentity.bundle/icon_moved@3x.png ... 
2026-05-26 09:48:37 +0000  923 bytes for ./Stripe_StripeIdentity.bundle/icon_moved@3x.png
2026-05-26 09:48:37 +0000  copying file ./Stripe_StripeIdentity.bundle/icon_camera@3x.png ... 
2026-05-26 09:48:37 +0000  1186 bytes for ./Stripe_StripeIdentity.bundle/icon_camera@3x.png
2026-05-26 09:48:37 +0000  copying file ./Stripe_StripeIdentity.bundle/ko.lproj/Localizable.strings ... 
2026-05-26 09:48:37 +0000  7739 bytes for ./Stripe_StripeIdentity.bundle/ko.lproj/Localizable.strings
2026-05-26 09:48:37 +0000  copying file ./Stripe_StripeIdentity.bundle/icon_add@3x.png ... 
2026-05-26 09:48:37 +0000  388 bytes for ./Stripe_StripeIdentity.bundle/icon_add@3x.png
2026-05-26 09:48:37 +0000  copying file ./Stripe_StripeIdentity.bundle/fil.lproj/Localizable.strings ... 
2026-05-26 09:48:37 +0000  7871 bytes for ./Stripe_StripeIdentity.bundle/fil.lproj/Localizable.strings
2026-05-26 09:48:37 +0000  copying file ./Stripe_StripeIdentity.bundle/zh-Hant.lproj/Localizable.strings ... 
2026-05-26 09:48:37 +0000  3910 bytes for ./Stripe_StripeIdentity.bundle/zh-Hant.lproj/Localizable.strings
2026-05-26 09:48:37 +0000  copying file ./Stripe_StripeIdentity.bundle/icon_warning@3x.png ... 
2026-05-26 09:48:37 +0000  2170 bytes for ./Stripe_StripeIdentity.bundle/icon_warning@3x.png
2026-05-26 09:48:37 +0000  copying file ./Stripe_StripeIdentity.bundle/ro-RO.lproj/Localizable.strings ... 
2026-05-26 09:48:37 +0000  8413 bytes for ./Stripe_StripeIdentity.bundle/ro-RO.lproj/Localizable.strings
2026-05-26 09:48:37 +0000  copying file ./Stripe_StripeIdentity.bundle/hu.lproj/Localizable.strings ... 
2026-05-26 09:48:37 +0000  8140 bytes for ./Stripe_StripeIdentity.bundle/hu.lproj/Localizable.strings
2026-05-26 09:48:37 +0000  copying file ./Stripe_StripeIdentity.bundle/icon_lock@3x.png ... 
2026-05-26 09:48:37 +0000  918 bytes for ./Stripe_StripeIdentity.bundle/icon_lock@3x.png
2026-05-26 09:48:37 +0000  copying file ./Stripe_StripeIdentity.bundle/tr.lproj/Localizable.strings ... 
2026-05-26 09:48:37 +0000  7823 bytes for ./Stripe_StripeIdentity.bundle/tr.lproj/Localizable.strings
2026-05-26 09:48:37 +0000  copying file ./Stripe_StripeIdentity.bundle/icon_warning_92@3x.png ... 
2026-05-26 09:48:37 +0000  3705 bytes for ./Stripe_StripeIdentity.bundle/icon_warning_92@3x.png
2026-05-26 09:48:37 +0000  copying file ./Stripe_StripeIdentity.bundle/et-EE.lproj/Localizable.strings ... 
2026-05-26 09:48:37 +0000  7617 bytes for ./Stripe_StripeIdentity.bundle/et-EE.lproj/Localizable.strings
2026-05-26 09:48:37 +0000  copying file ./Stripe_StripeIdentity.bundle/icon_wallet@3x.png ... 
2026-05-26 09:48:37 +0000  524 bytes for ./Stripe_StripeIdentity.bundle/icon_wallet@3x.png
2026-05-26 09:48:37 +0000  copying file ./Stripe_StripeIdentity.bundle/icon_create_identity_verification@3x.png ... 
2026-05-26 09:48:37 +0000  1389 bytes for ./Stripe_StripeIdentity.bundle/icon_create_identity_verification@3x.png
2026-05-26 09:48:37 +0000  copying file ./Stripe_StripeIdentity.bundle/pt-BR.lproj/Localizable.strings ... 
2026-05-26 09:48:37 +0000  7735 bytes for ./Stripe_StripeIdentity.bundle/pt-BR.lproj/Localizable.strings
2026-05-26 09:48:37 +0000  copying file ./Stripe_StripeIdentity.bundle/lv-LV.lproj/Localizable.strings ... 
2026-05-26 09:48:37 +0000  8363 bytes for ./Stripe_StripeIdentity.bundle/lv-LV.lproj/Localizable.strings
2026-05-26 09:48:37 +0000  copying file ./Stripe_StripeIdentity.bundle/vi.lproj/Localizable.strings ... 
2026-05-26 09:48:37 +0000  8297 bytes for ./Stripe_StripeIdentity.bundle/vi.lproj/Localizable.strings
2026-05-26 09:48:37 +0000  copying file ./Stripe_StripeIdentity.bundle/ru.lproj/Localizable.strings ... 
2026-05-26 09:48:37 +0000  12043 bytes for ./Stripe_StripeIdentity.bundle/ru.lproj/Localizable.strings
2026-05-26 09:48:37 +0000  copying file ./Stripe_StripeIdentity.bundle/cs-CZ.lproj/Localizable.strings ... 
2026-05-26 09:48:37 +0000  8083 bytes for ./Stripe_StripeIdentity.bundle/cs-CZ.lproj/Localizable.strings
2026-05-26 09:48:37 +0000  copying file ./Stripe_StripeIdentity.bundle/sk-SK.lproj/Localizable.strings ... 
2026-05-26 09:48:37 +0000  7971 bytes for ./Stripe_StripeIdentity.bundle/sk-SK.lproj/Localizable.strings
2026-05-26 09:48:37 +0000  copying file ./Stripe_StripeIdentity.bundle/sl-SI.lproj/Localizable.strings ... 
2026-05-26 09:48:37 +0000  8093 bytes for ./Stripe_StripeIdentity.bundle/sl-SI.lproj/Localizable.strings
2026-05-26 09:48:37 +0000  copying file ./Stripe_StripeIdentity.bundle/fr.lproj/Localizable.strings ... 
2026-05-26 09:48:37 +0000  8125 bytes for ./Stripe_StripeIdentity.bundle/fr.lproj/Localizable.strings
2026-05-26 09:48:37 +0000  copying file ./Stripe_StripeIdentity.bundle/fi.lproj/Localizable.strings ... 
2026-05-26 09:48:37 +0000  7562 bytes for ./Stripe_StripeIdentity.bundle/fi.lproj/Localizable.strings
2026-05-26 09:48:37 +0000  copying file ./Stripe_StripeIdentity.bundle/id.lproj/Localizable.strings ... 
2026-05-26 09:48:37 +0000  7489 bytes for ./Stripe_StripeIdentity.bundle/id.lproj/Localizable.strings
2026-05-26 09:48:37 +0000  copying file ./Stripe_StripeIdentity.bundle/nl.lproj/Localizable.strings ... 
2026-05-26 09:48:37 +0000  7636 bytes for ./Stripe_StripeIdentity.bundle/nl.lproj/Localizable.strings
2026-05-26 09:48:37 +0000  copying file ./Stripe_StripeIdentity.bundle/th.lproj/Localizable.strings ... 
2026-05-26 09:48:37 +0000  13262 bytes for ./Stripe_StripeIdentity.bundle/th.lproj/Localizable.strings
2026-05-26 09:48:37 +0000  copying file ./Stripe_StripeIdentity.bundle/pl-PL.lproj/Localizable.strings ... 
2026-05-26 09:48:37 +0000  8157 bytes for ./Stripe_StripeIdentity.bundle/pl-PL.lproj/Localizable.strings
2026-05-26 09:48:37 +0000  copying file ./Stripe_StripeIdentity.bundle/icon_warning2@3x.png ... 
2026-05-26 09:48:37 +0000  905 bytes for ./Stripe_StripeIdentity.bundle/icon_warning2@3x.png
2026-05-26 09:48:37 +0000  copying file ./Stripe_StripeIdentity.bundle/icon_ellipsis@3x.png ... 
2026-05-26 09:48:37 +0000  567 bytes for ./Stripe_StripeIdentity.bundle/icon_ellipsis@3x.png
2026-05-26 09:48:37 +0000  copying file ./Stripe_StripeIdentity.bundle/icon_document@3x.png ... 
2026-05-26 09:48:37 +0000  493 bytes for ./Stripe_StripeIdentity.bundle/icon_document@3x.png
2026-05-26 09:48:37 +0000  copying file ./Stripe_StripeIdentity.bundle/pt-PT.lproj/Localizable.strings ... 
2026-05-26 09:48:37 +0000  8328 bytes for ./Stripe_StripeIdentity.bundle/pt-PT.lproj/Localizable.strings
2026-05-26 09:48:37 +0000  copying file ./Stripe_StripeIdentity.bundle/icon_dispute_protection@3x.png ... 
2026-05-26 09:48:37 +0000  1111 bytes for ./Stripe_StripeIdentity.bundle/icon_dispute_protection@3x.png
2026-05-26 09:48:37 +0000  copying file ./Stripe_StripeIdentity.bundle/icon_checkmark@3x.png ... 
2026-05-26 09:48:37 +0000  518 bytes for ./Stripe_StripeIdentity.bundle/icon_checkmark@3x.png
2026-05-26 09:48:37 +0000  copying file ./Stripe_StripeIdentity.bundle/Info.plist ... 
2026-05-26 09:48:37 +0000  695 bytes for ./Stripe_StripeIdentity.bundle/Info.plist
2026-05-26 09:48:37 +0000  copying file ./Stripe_StripeIdentity.bundle/icon_selfie_warmup@3x.png ... 
2026-05-26 09:48:37 +0000  14256 bytes for ./Stripe_StripeIdentity.bundle/icon_selfie_warmup@3x.png
2026-05-26 09:48:37 +0000  copying file ./Stripe_StripeIdentity.bundle/icon_cloud@3x.png ... 
2026-05-26 09:48:37 +0000  806 bytes for ./Stripe_StripeIdentity.bundle/icon_cloud@3x.png
2026-05-26 09:48:37 +0000  copying file ./Stripe_StripeIdentity.bundle/icon_info@3x.png ... 
2026-05-26 09:48:37 +0000  391 bytes for ./Stripe_StripeIdentity.bundle/icon_info@3x.png
2026-05-26 09:48:37 +0000  copying file ./Stripe_StripeIdentity.bundle/hr.lproj/Localizable.strings ... 
2026-05-26 09:48:37 +0000  7943 bytes for ./Stripe_StripeIdentity.bundle/hr.lproj/Localizable.strings
2026-05-26 09:48:37 +0000  copying file ./ManpowerCell.nib ... 
2026-05-26 09:48:37 +0000  8855 bytes for ./ManpowerCell.nib
2026-05-26 09:48:37 +0000  copying file ./OutletCell.nib ... 
2026-05-26 09:48:37 +0000  6074 bytes for ./OutletCell.nib
2026-05-26 09:48:37 +0000  copying file ./Info.plist ... 
2026-05-26 09:48:37 +0000  2301 bytes for ./Info.plist
2026-05-26 09:48:37 +0000  copying file ./PkgInfo ... 
2026-05-26 09:48:37 +0000  8 bytes for ./PkgInfo
2026-05-26 09:48:37 +0000  copying file ./ShiftCell.nib ... 
2026-05-26 09:48:37 +0000  12049 bytes for ./ShiftCell.nib
2026-05-26 09:48:37 +0000  /usr/bin/ditto exited with 0
2026-05-26 09:48:37 +0000  Processing step: IDEDistributionEmbedProfileStep
2026-05-26 09:48:37 +0000  Skipping profile for item: <IDEDistributionItem: 0xb01225260; bundleID='org.cocoapods.Alamofire', path='<DVTFilePath:0xb046813b0:'/Users/arbaz/Library/Developer/Xcode/Archives/2026-05-26/Any 26-05-26, 3.18 PM.xcarchive/Products/Applications/Any.app/Frameworks/Alamofire.framework'>', codeSigningInfo='<_DVTCodeSigningInformation_Path: 0xb01224960; isSigned='1', isAdHocSigned='0', signingCertificate='<DVTSigningCertificate: 0xb0493ac40; name='Apple Development: Jonathan Herbsman (5NJ6Y2795G)', hash='5DCF0153A0F893FED9E836F2855224DEC827B8E3', serialNumber='2C48BB8E985262177D7F310C976D1FFC', certificateKinds='(
    "1.2.840.113635.100.6.1.12",
    "1.2.840.113635.100.6.1.2"
), issueDate='2025-11-25 13:31:44 +0000''>', entitlements='(null)', teamID='5P7MCR7S32', identifier='org.cocoapods.Alamofire', executablePath='<DVTFilePath:0xb01872520:'/Users/arbaz/Library/Developer/Xcode/Archives/2026-05-26/Any 26-05-26, 3.18 PM.xcarchive/Products/Applications/Any.app/Frameworks/Alamofire.framework/Alamofire'>', hardenedRuntime='0'>'>
2026-05-26 09:48:37 +0000  Skipping profile for item: <IDEDistributionItem: 0xb01224d80; bundleID='org.cocoapods.Cosmos', path='<DVTFilePath:0xb04681260:'/Users/arbaz/Library/Developer/Xcode/Archives/2026-05-26/Any 26-05-26, 3.18 PM.xcarchive/Products/Applications/Any.app/Frameworks/Cosmos.framework'>', codeSigningInfo='<_DVTCodeSigningInformation_Path: 0xb01224d20; isSigned='1', isAdHocSigned='0', signingCertificate='<DVTSigningCertificate: 0xb0493ac40; name='Apple Development: Jonathan Herbsman (5NJ6Y2795G)', hash='5DCF0153A0F893FED9E836F2855224DEC827B8E3', serialNumber='2C48BB8E985262177D7F310C976D1FFC', certificateKinds='(
    "1.2.840.113635.100.6.1.12",
    "1.2.840.113635.100.6.1.2"
), issueDate='2025-11-25 13:31:44 +0000''>', entitlements='(null)', teamID='5P7MCR7S32', identifier='org.cocoapods.Cosmos', executablePath='<DVTFilePath:0xb01872a00:'/Users/arbaz/Library/Developer/Xcode/Archives/2026-05-26/Any 26-05-26, 3.18 PM.xcarchive/Products/Applications/Any.app/Frameworks/Cosmos.framework/Cosmos'>', hardenedRuntime='0'>'>
2026-05-26 09:48:37 +0000  Skipping profile for item: <IDEDistributionItem: 0xb012258c0; bundleID='org.cocoapods.CountryPickerView', path='<DVTFilePath:0xb04681180:'/Users/arbaz/Library/Developer/Xcode/Archives/2026-05-26/Any 26-05-26, 3.18 PM.xcarchive/Products/Applications/Any.app/Frameworks/CountryPickerView.framework'>', codeSigningInfo='<_DVTCodeSigningInformation_Path: 0xb01225860; isSigned='1', isAdHocSigned='0', signingCertificate='<DVTSigningCertificate: 0xb0493ac40; name='Apple Development: Jonathan Herbsman (5NJ6Y2795G)', hash='5DCF0153A0F893FED9E836F2855224DEC827B8E3', serialNumber='2C48BB8E985262177D7F310C976D1FFC', certificateKinds='(
    "1.2.840.113635.100.6.1.12",
    "1.2.840.113635.100.6.1.2"
), issueDate='2025-11-25 13:31:44 +0000''>', entitlements='(null)', teamID='5P7MCR7S32', identifier='org.cocoapods.CountryPickerView', executablePath='<DVTFilePath:0xb04681110:'/Users/arbaz/Library/Developer/Xcode/Archives/2026-05-26/Any 26-05-26, 3.18 PM.xcarchive/Products/Applications/Any.app/Frameworks/CountryPickerView.framework/CountryPickerView'>', hardenedRuntime='0'>'>
2026-05-26 09:48:37 +0000  Skipping profile for item: <IDEDistributionItem: 0xb012255c0; bundleID='org.cocoapods.DropDown', path='<DVTFilePath:0xb04680fc0:'/Users/arbaz/Library/Developer/Xcode/Archives/2026-05-26/Any 26-05-26, 3.18 PM.xcarchive/Products/Applications/Any.app/Frameworks/DropDown.framework'>', codeSigningInfo='<_DVTCodeSigningInformation_Path: 0xb01225560; isSigned='1', isAdHocSigned='0', signingCertificate='<DVTSigningCertificate: 0xb0493ac40; name='Apple Development: Jonathan Herbsman (5NJ6Y2795G)', hash='5DCF0153A0F893FED9E836F2855224DEC827B8E3', serialNumber='2C48BB8E985262177D7F310C976D1FFC', certificateKinds='(
    "1.2.840.113635.100.6.1.12",
    "1.2.840.113635.100.6.1.2"
), issueDate='2025-11-25 13:31:44 +0000''>', entitlements='(null)', teamID='5P7MCR7S32', identifier='org.cocoapods.DropDown', executablePath='<DVTFilePath:0xb01f73360:'/Users/arbaz/Library/Developer/Xcode/Archives/2026-05-26/Any 26-05-26, 3.18 PM.xcarchive/Products/Applications/Any.app/Frameworks/DropDown.framework/DropDown'>', hardenedRuntime='0'>'>
2026-05-26 09:48:37 +0000  Skipping profile for item: <IDEDistributionItem: 0xb01224120; bundleID='org.cocoapods.FBLPromises', path='<DVTFilePath:0xb04680ee0:'/Users/arbaz/Library/Developer/Xcode/Archives/2026-05-26/Any 26-05-26, 3.18 PM.xcarchive/Products/Applications/Any.app/Frameworks/FBLPromises.framework'>', codeSigningInfo='<_DVTCodeSigningInformation_Path: 0xb01224300; isSigned='1', isAdHocSigned='0', signingCertificate='<DVTSigningCertificate: 0xb0493ac40; name='Apple Development: Jonathan Herbsman (5NJ6Y2795G)', hash='5DCF0153A0F893FED9E836F2855224DEC827B8E3', serialNumber='2C48BB8E985262177D7F310C976D1FFC', certificateKinds='(
    "1.2.840.113635.100.6.1.12",
    "1.2.840.113635.100.6.1.2"
), issueDate='2025-11-25 13:31:44 +0000''>', entitlements='(null)', teamID='5P7MCR7S32', identifier='org.cocoapods.FBLPromises', executablePath='<DVTFilePath:0xb01f73720:'/Users/arbaz/Library/Developer/Xcode/Archives/2026-05-26/Any 26-05-26, 3.18 PM.xcarchive/Products/Applications/Any.app/Frameworks/FBLPromises.framework/FBLPromises'>', hardenedRuntime='0'>'>
2026-05-26 09:48:37 +0000  Skipping profile for item: <IDEDistributionItem: 0xb01224a80; bundleID='org.cocoapods.FirebaseCore', path='<DVTFilePath:0xb04680d90:'/Users/arbaz/Library/Developer/Xcode/Archives/2026-05-26/Any 26-05-26, 3.18 PM.xcarchive/Products/Applications/Any.app/Frameworks/FirebaseCore.framework'>', codeSigningInfo='<_DVTCodeSigningInformation_Path: 0xb012240c0; isSigned='1', isAdHocSigned='0', signingCertificate='<DVTSigningCertificate: 0xb0493ac40; name='Apple Development: Jonathan Herbsman (5NJ6Y2795G)', hash='5DCF0153A0F893FED9E836F2855224DEC827B8E3', serialNumber='2C48BB8E985262177D7F310C976D1FFC', certificateKinds='(
    "1.2.840.113635.100.6.1.12",
    "1.2.840.113635.100.6.1.2"
), issueDate='2025-11-25 13:31:44 +0000''>', entitlements='(null)', teamID='5P7MCR7S32', identifier='org.cocoapods.FirebaseCore', executablePath='<DVTFilePath:0xb01f73c00:'/Users/arbaz/Library/Developer/Xcode/Archives/2026-05-26/Any 26-05-26, 3.18 PM.xcarchive/Products/Applications/Any.app/Frameworks/FirebaseCore.framework/FirebaseCore'>', hardenedRuntime='0'>'>
2026-05-26 09:48:37 +0000  Skipping profile for item: <IDEDistributionItem: 0xb01224480; bundleID='org.cocoapods.FirebaseCoreInternal', path='<DVTFilePath:0xb04680c40:'/Users/arbaz/Library/Developer/Xcode/Archives/2026-05-26/Any 26-05-26, 3.18 PM.xcarchive/Products/Applications/Any.app/Frameworks/FirebaseCoreInternal.framework'>', codeSigningInfo='<_DVTCodeSigningInformation_Path: 0xb012249c0; isSigned='1', isAdHocSigned='0', signingCertificate='<DVTSigningCertificate: 0xb0493ac40; name='Apple Development: Jonathan Herbsman (5NJ6Y2795G)', hash='5DCF0153A0F893FED9E836F2855224DEC827B8E3', serialNumber='2C48BB8E985262177D7F310C976D1FFC', certificateKinds='(
    "1.2.840.113635.100.6.1.12",
    "1.2.840.113635.100.6.1.2"
), issueDate='2025-11-25 13:31:44 +0000''>', entitlements='(null)', teamID='5P7MCR7S32', identifier='org.cocoapods.FirebaseCoreInternal', executablePath='<DVTFilePath:0xb04680bd0:'/Users/arbaz/Library/Developer/Xcode/Archives/2026-05-26/Any 26-05-26, 3.18 PM.xcarchive/Products/Applications/Any.app/Frameworks/FirebaseCoreInternal.framework/FirebaseCoreInternal'>', hardenedRuntime='0'>'>
2026-05-26 09:48:37 +0000  Skipping profile for item: <IDEDistributionItem: 0xb01224420; bundleID='org.cocoapods.FirebaseInstallations', path='<DVTFilePath:0xb04680af0:'/Users/arbaz/Library/Developer/Xcode/Archives/2026-05-26/Any 26-05-26, 3.18 PM.xcarchive/Products/Applications/Any.app/Frameworks/FirebaseInstallations.framework'>', codeSigningInfo='<_DVTCodeSigningInformation_Path: 0xb01224180; isSigned='1', isAdHocSigned='0', signingCertificate='<DVTSigningCertificate: 0xb0493ac40; name='Apple Development: Jonathan Herbsman (5NJ6Y2795G)', hash='5DCF0153A0F893FED9E836F2855224DEC827B8E3', serialNumber='2C48BB8E985262177D7F310C976D1FFC', certificateKinds='(
    "1.2.840.113635.100.6.1.12",
    "1.2.840.113635.100.6.1.2"
), issueDate='2025-11-25 13:31:44 +0000''>', entitlements='(null)', teamID='5P7MCR7S32', identifier='org.cocoapods.FirebaseInstallations', executablePath='<DVTFilePath:0xb04680a80:'/Users/arbaz/Library/Developer/Xcode/Archives/2026-05-26/Any 26-05-26, 3.18 PM.xcarchive/Products/Applications/Any.app/Frameworks/FirebaseInstallations.framework/FirebaseInstallations'>', hardenedRuntime='0'>'>
2026-05-26 09:48:37 +0000  Skipping profile for item: <IDEDistributionItem: 0xb01224b40; bundleID='org.cocoapods.FirebaseMessaging', path='<DVTFilePath:0xb046809a0:'/Users/arbaz/Library/Developer/Xcode/Archives/2026-05-26/Any 26-05-26, 3.18 PM.xcarchive/Products/Applications/Any.app/Frameworks/FirebaseMessaging.framework'>', codeSigningInfo='<_DVTCodeSigningInformation_Path: 0xb012243c0; isSigned='1', isAdHocSigned='0', signingCertificate='<DVTSigningCertificate: 0xb0493ac40; name='Apple Development: Jonathan Herbsman (5NJ6Y2795G)', hash='5DCF0153A0F893FED9E836F2855224DEC827B8E3', serialNumber='2C48BB8E985262177D7F310C976D1FFC', certificateKinds='(
    "1.2.840.113635.100.6.1.12",
    "1.2.840.113635.100.6.1.2"
), issueDate='2025-11-25 13:31:44 +0000''>', entitlements='(null)', teamID='5P7MCR7S32', identifier='org.cocoapods.FirebaseMessaging', executablePath='<DVTFilePath:0xb04680930:'/Users/arbaz/Library/Developer/Xcode/Archives/2026-05-26/Any 26-05-26, 3.18 PM.xcarchive/Products/Applications/Any.app/Frameworks/FirebaseMessaging.framework/FirebaseMessaging'>', hardenedRuntime='0'>'>
2026-05-26 09:48:37 +0000  Skipping profile for item: <IDEDistributionItem: 0xb01225800; bundleID='org.cocoapods.GoogleDataTransport', path='<DVTFilePath:0xb04680850:'/Users/arbaz/Library/Developer/Xcode/Archives/2026-05-26/Any 26-05-26, 3.18 PM.xcarchive/Products/Applications/Any.app/Frameworks/GoogleDataTransport.framework'>', codeSigningInfo='<_DVTCodeSigningInformation_Path: 0xb012257a0; isSigned='1', isAdHocSigned='0', signingCertificate='<DVTSigningCertificate: 0xb0493ac40; name='Apple Development: Jonathan Herbsman (5NJ6Y2795G)', hash='5DCF0153A0F893FED9E836F2855224DEC827B8E3', serialNumber='2C48BB8E985262177D7F310C976D1FFC', certificateKinds='(
    "1.2.840.113635.100.6.1.12",
    "1.2.840.113635.100.6.1.2"
), issueDate='2025-11-25 13:31:44 +0000''>', entitlements='(null)', teamID='5P7MCR7S32', identifier='org.cocoapods.GoogleDataTransport', executablePath='<DVTFilePath:0xb046807e0:'/Users/arbaz/Library/Developer/Xcode/Archives/2026-05-26/Any 26-05-26, 3.18 PM.xcarchive/Products/Applications/Any.app/Frameworks/GoogleDataTransport.framework/GoogleDataTransport'>', hardenedRuntime='0'>'>
2026-05-26 09:48:37 +0000  Skipping profile for item: <IDEDistributionItem: 0xb01225500; bundleID='org.cocoapods.GoogleUtilities', path='<DVTFilePath:0xb04680700:'/Users/arbaz/Library/Developer/Xcode/Archives/2026-05-26/Any 26-05-26, 3.18 PM.xcarchive/Products/Applications/Any.app/Frameworks/GoogleUtilities.framework'>', codeSigningInfo='<_DVTCodeSigningInformation_Path: 0xb012250e0; isSigned='1', isAdHocSigned='0', signingCertificate='<DVTSigningCertificate: 0xb0493ac40; name='Apple Development: Jonathan Herbsman (5NJ6Y2795G)', hash='5DCF0153A0F893FED9E836F2855224DEC827B8E3', serialNumber='2C48BB8E985262177D7F310C976D1FFC', certificateKinds='(
    "1.2.840.113635.100.6.1.12",
    "1.2.840.113635.100.6.1.2"
), issueDate='2025-11-25 13:31:44 +0000''>', entitlements='(null)', teamID='5P7MCR7S32', identifier='org.cocoapods.GoogleUtilities', executablePath='<DVTFilePath:0xb01869320:'/Users/arbaz/Library/Developer/Xcode/Archives/2026-05-26/Any 26-05-26, 3.18 PM.xcarchive/Products/Applications/Any.app/Frameworks/GoogleUtilities.framework/GoogleUtilities'>', hardenedRuntime='0'>'>
2026-05-26 09:48:37 +0000  Skipping profile for item: <IDEDistributionItem: 0xb01225320; bundleID='org.cocoapods.IQKeyboardManagerSwift', path='<DVTFilePath:0xb0542a500:'/Users/arbaz/Library/Developer/Xcode/Archives/2026-05-26/Any 26-05-26, 3.18 PM.xcarchive/Products/Applications/Any.app/Frameworks/IQKeyboardManagerSwift.framework'>', codeSigningInfo='<_DVTCodeSigningInformation_Path: 0xb012252c0; isSigned='1', isAdHocSigned='0', signingCertificate='<DVTSigningCertificate: 0xb0493ac40; name='Apple Development: Jonathan Herbsman (5NJ6Y2795G)', hash='5DCF0153A0F893FED9E836F2855224DEC827B8E3', serialNumber='2C48BB8E985262177D7F310C976D1FFC', certificateKinds='(
    "1.2.840.113635.100.6.1.12",
    "1.2.840.113635.100.6.1.2"
), issueDate='2025-11-25 13:31:44 +0000''>', entitlements='(null)', teamID='5P7MCR7S32', identifier='org.cocoapods.IQKeyboardManagerSwift', executablePath='<DVTFilePath:0xb04682610:'/Users/arbaz/Library/Developer/Xcode/Archives/2026-05-26/Any 26-05-26, 3.18 PM.xcarchive/Products/Applications/Any.app/Frameworks/IQKeyboardManagerSwift.framework/IQKeyboardManagerSwift'>', hardenedRuntime='0'>'>
2026-05-26 09:48:37 +0000  Skipping profile for item: <IDEDistributionItem: 0xb01225740; bundleID='org.cocoapods.InputMask', path='<DVTFilePath:0xb046805b0:'/Users/arbaz/Library/Developer/Xcode/Archives/2026-05-26/Any 26-05-26, 3.18 PM.xcarchive/Products/Applications/Any.app/Frameworks/InputMask.framework'>', codeSigningInfo='<_DVTCodeSigningInformation_Path: 0xb012256e0; isSigned='1', isAdHocSigned='0', signingCertificate='<DVTSigningCertificate: 0xb0493ac40; name='Apple Development: Jonathan Herbsman (5NJ6Y2795G)', hash='5DCF0153A0F893FED9E836F2855224DEC827B8E3', serialNumber='2C48BB8E985262177D7F310C976D1FFC', certificateKinds='(
    "1.2.840.113635.100.6.1.12",
    "1.2.840.113635.100.6.1.2"
), issueDate='2025-11-25 13:31:44 +0000''>', entitlements='(null)', teamID='5P7MCR7S32', identifier='org.cocoapods.InputMask', executablePath='<DVTFilePath:0xb018698c0:'/Users/arbaz/Library/Developer/Xcode/Archives/2026-05-26/Any 26-05-26, 3.18 PM.xcarchive/Products/Applications/Any.app/Frameworks/InputMask.framework/InputMask'>', hardenedRuntime='0'>'>
2026-05-26 09:48:37 +0000  Skipping profile for item: <IDEDistributionItem: 0xb01224540; bundleID='org.cocoapods.OTPFieldView', path='<DVTFilePath:0xb04682370:'/Users/arbaz/Library/Developer/Xcode/Archives/2026-05-26/Any 26-05-26, 3.18 PM.xcarchive/Products/Applications/Any.app/Frameworks/OTPFieldView.framework'>', codeSigningInfo='<_DVTCodeSigningInformation_Path: 0xb012244e0; isSigned='1', isAdHocSigned='0', signingCertificate='<DVTSigningCertificate: 0xb0493ac40; name='Apple Development: Jonathan Herbsman (5NJ6Y2795G)', hash='5DCF0153A0F893FED9E836F2855224DEC827B8E3', serialNumber='2C48BB8E985262177D7F310C976D1FFC', certificateKinds='(
    "1.2.840.113635.100.6.1.12",
    "1.2.840.113635.100.6.1.2"
), issueDate='2025-11-25 13:31:44 +0000''>', entitlements='(null)', teamID='5P7MCR7S32', identifier='org.cocoapods.OTPFieldView', executablePath='<DVTFilePath:0xb0186aac0:'/Users/arbaz/Library/Developer/Xcode/Archives/2026-05-26/Any 26-05-26, 3.18 PM.xcarchive/Products/Applications/Any.app/Frameworks/OTPFieldView.framework/OTPFieldView'>', hardenedRuntime='0'>'>
2026-05-26 09:48:37 +0000  Skipping profile for item: <IDEDistributionItem: 0xb01224360; bundleID='org.cocoapods.RswiftResources', path='<DVTFilePath:0xb04682300:'/Users/arbaz/Library/Developer/Xcode/Archives/2026-05-26/Any 26-05-26, 3.18 PM.xcarchive/Products/Applications/Any.app/Frameworks/RswiftResources.framework'>', codeSigningInfo='<_DVTCodeSigningInformation_Path: 0xb012241e0; isSigned='1', isAdHocSigned='0', signingCertificate='<DVTSigningCertificate: 0xb0493ac40; name='Apple Development: Jonathan Herbsman (5NJ6Y2795G)', hash='5DCF0153A0F893FED9E836F2855224DEC827B8E3', serialNumber='2C48BB8E985262177D7F310C976D1FFC', certificateKinds='(
    "1.2.840.113635.100.6.1.12",
    "1.2.840.113635.100.6.1.2"
), issueDate='2025-11-25 13:31:44 +0000''>', entitlements='(null)', teamID='5P7MCR7S32', identifier='org.cocoapods.RswiftResources', executablePath='<DVTFilePath:0xb0186ae20:'/Users/arbaz/Library/Developer/Xcode/Archives/2026-05-26/Any 26-05-26, 3.18 PM.xcarchive/Products/Applications/Any.app/Frameworks/RswiftResources.framework/RswiftResources'>', hardenedRuntime='0'>'>
2026-05-26 09:48:37 +0000  Skipping profile for item: <IDEDistributionItem: 0xb01225680; bundleID='org.cocoapods.SDWebImage', path='<DVTFilePath:0xb04682290:'/Users/arbaz/Library/Developer/Xcode/Archives/2026-05-26/Any 26-05-26, 3.18 PM.xcarchive/Products/Applications/Any.app/Frameworks/SDWebImage.framework'>', codeSigningInfo='<_DVTCodeSigningInformation_Path: 0xb01225620; isSigned='1', isAdHocSigned='0', signingCertificate='<DVTSigningCertificate: 0xb0493ac40; name='Apple Development: Jonathan Herbsman (5NJ6Y2795G)', hash='5DCF0153A0F893FED9E836F2855224DEC827B8E3', serialNumber='2C48BB8E985262177D7F310C976D1FFC', certificateKinds='(
    "1.2.840.113635.100.6.1.12",
    "1.2.840.113635.100.6.1.2"
), issueDate='2025-11-25 13:31:44 +0000''>', entitlements='(null)', teamID='5P7MCR7S32', identifier='org.cocoapods.SDWebImage', executablePath='<DVTFilePath:0xb0186b180:'/Users/arbaz/Library/Developer/Xcode/Archives/2026-05-26/Any 26-05-26, 3.18 PM.xcarchive/Products/Applications/Any.app/Frameworks/SDWebImage.framework/SDWebImage'>', hardenedRuntime='0'>'>
2026-05-26 09:48:37 +0000  Skipping profile for item: <IDEDistributionItem: 0xb01225a40; bundleID='org.cocoapods.SVProgressHUD', path='<DVTFilePath:0xb04682220:'/Users/arbaz/Library/Developer/Xcode/Archives/2026-05-26/Any 26-05-26, 3.18 PM.xcarchive/Products/Applications/Any.app/Frameworks/SVProgressHUD.framework'>', codeSigningInfo='<_DVTCodeSigningInformation_Path: 0xb012259e0; isSigned='1', isAdHocSigned='0', signingCertificate='<DVTSigningCertificate: 0xb0493ac40; name='Apple Development: Jonathan Herbsman (5NJ6Y2795G)', hash='5DCF0153A0F893FED9E836F2855224DEC827B8E3', serialNumber='2C48BB8E985262177D7F310C976D1FFC', certificateKinds='(
    "1.2.840.113635.100.6.1.12",
    "1.2.840.113635.100.6.1.2"
), issueDate='2025-11-25 13:31:44 +0000''>', entitlements='(null)', teamID='5P7MCR7S32', identifier='org.cocoapods.SVProgressHUD', executablePath='<DVTFilePath:0xb0186b540:'/Users/arbaz/Library/Developer/Xcode/Archives/2026-05-26/Any 26-05-26, 3.18 PM.xcarchive/Products/Applications/Any.app/Frameworks/SVProgressHUD.framework/SVProgressHUD'>', hardenedRuntime='0'>'>
2026-05-26 09:48:37 +0000  Skipping profile for item: <IDEDistributionItem: 0xb01224f00; bundleID='org.cocoapods.SwiftyJSON', path='<DVTFilePath:0xb04680150:'/Users/arbaz/Library/Developer/Xcode/Archives/2026-05-26/Any 26-05-26, 3.18 PM.xcarchive/Products/Applications/Any.app/Frameworks/SwiftyJSON.framework'>', codeSigningInfo='<_DVTCodeSigningInformation_Path: 0xb01224ea0; isSigned='1', isAdHocSigned='0', signingCertificate='<DVTSigningCertificate: 0xb0493ac40; name='Apple Development: Jonathan Herbsman (5NJ6Y2795G)', hash='5DCF0153A0F893FED9E836F2855224DEC827B8E3', serialNumber='2C48BB8E985262177D7F310C976D1FFC', certificateKinds='(
    "1.2.840.113635.100.6.1.12",
    "1.2.840.113635.100.6.1.2"
), issueDate='2025-11-25 13:31:44 +0000''>', entitlements='(null)', teamID='5P7MCR7S32', identifier='org.cocoapods.SwiftyJSON', executablePath='<DVTFilePath:0xb01f64180:'/Users/arbaz/Library/Developer/Xcode/Archives/2026-05-26/Any 26-05-26, 3.18 PM.xcarchive/Products/Applications/Any.app/Frameworks/SwiftyJSON.framework/SwiftyJSON'>', hardenedRuntime='0'>'>
2026-05-26 09:48:37 +0000  Skipping profile for item: <IDEDistributionItem: 0xb01225980; bundleID='org.cocoapods.libwebp', path='<DVTFilePath:0xb046825a0:'/Users/arbaz/Library/Developer/Xcode/Archives/2026-05-26/Any 26-05-26, 3.18 PM.xcarchive/Products/Applications/Any.app/Frameworks/libwebp.framework'>', codeSigningInfo='<_DVTCodeSigningInformation_Path: 0xb01225920; isSigned='1', isAdHocSigned='0', signingCertificate='<DVTSigningCertificate: 0xb0493ac40; name='Apple Development: Jonathan Herbsman (5NJ6Y2795G)', hash='5DCF0153A0F893FED9E836F2855224DEC827B8E3', serialNumber='2C48BB8E985262177D7F310C976D1FFC', certificateKinds='(
    "1.2.840.113635.100.6.1.12",
    "1.2.840.113635.100.6.1.2"
), issueDate='2025-11-25 13:31:44 +0000''>', entitlements='(null)', teamID='5P7MCR7S32', identifier='org.cocoapods.libwebp', executablePath='<DVTFilePath:0xb0186a2e0:'/Users/arbaz/Library/Developer/Xcode/Archives/2026-05-26/Any 26-05-26, 3.18 PM.xcarchive/Products/Applications/Any.app/Frameworks/libwebp.framework/libwebp'>', hardenedRuntime='0'>'>
2026-05-26 09:48:37 +0000  Skipping profile for item: <IDEDistributionItem: 0xb01224e40; bundleID='org.cocoapods.nanopb', path='<DVTFilePath:0xb04682530:'/Users/arbaz/Library/Developer/Xcode/Archives/2026-05-26/Any 26-05-26, 3.18 PM.xcarchive/Products/Applications/Any.app/Frameworks/nanopb.framework'>', codeSigningInfo='<_DVTCodeSigningInformation_Path: 0xb01224de0; isSigned='1', isAdHocSigned='0', signingCertificate='<DVTSigningCertificate: 0xb0493ac40; name='Apple Development: Jonathan Herbsman (5NJ6Y2795G)', hash='5DCF0153A0F893FED9E836F2855224DEC827B8E3', serialNumber='2C48BB8E985262177D7F310C976D1FFC', certificateKinds='(
    "1.2.840.113635.100.6.1.12",
    "1.2.840.113635.100.6.1.2"
), issueDate='2025-11-25 13:31:44 +0000''>', entitlements='(null)', teamID='5P7MCR7S32', identifier='org.cocoapods.nanopb', executablePath='<DVTFilePath:0xb0186a640:'/Users/arbaz/Library/Developer/Xcode/Archives/2026-05-26/Any 26-05-26, 3.18 PM.xcarchive/Products/Applications/Any.app/Frameworks/nanopb.framework/nanopb'>', hardenedRuntime='0'>'>
2026-05-26 09:48:37 +0000  Processing step: IDEDistributionInfoPlistStep
2026-05-26 09:48:37 +0000  Skipping step: IDEDistributionInfoPlistStep because it said so
2026-05-26 09:48:37 +0000  Skipping step: IDEDistributionInfoPlistStep because it said so
2026-05-26 09:48:37 +0000  Skipping step: IDEDistributionInfoPlistStep because it said so
2026-05-26 09:48:37 +0000  Skipping step: IDEDistributionInfoPlistStep because it said so
2026-05-26 09:48:37 +0000  Skipping step: IDEDistributionInfoPlistStep because it said so
2026-05-26 09:48:37 +0000  Skipping step: IDEDistributionInfoPlistStep because it said so
2026-05-26 09:48:37 +0000  Skipping step: IDEDistributionInfoPlistStep because it said so
2026-05-26 09:48:37 +0000  Skipping step: IDEDistributionInfoPlistStep because it said so
2026-05-26 09:48:37 +0000  Skipping step: IDEDistributionInfoPlistStep because it said so
2026-05-26 09:48:37 +0000  Skipping step: IDEDistributionInfoPlistStep because it said so
2026-05-26 09:48:37 +0000  Skipping step: IDEDistributionInfoPlistStep because it said so
2026-05-26 09:48:37 +0000  Skipping step: IDEDistributionInfoPlistStep because it said so
2026-05-26 09:48:37 +0000  Skipping step: IDEDistributionInfoPlistStep because it said so
2026-05-26 09:48:37 +0000  Skipping step: IDEDistributionInfoPlistStep because it said so
2026-05-26 09:48:37 +0000  Skipping step: IDEDistributionInfoPlistStep because it said so
2026-05-26 09:48:37 +0000  Skipping step: IDEDistributionInfoPlistStep because it said so
2026-05-26 09:48:37 +0000  Skipping step: IDEDistributionInfoPlistStep because it said so
2026-05-26 09:48:37 +0000  Skipping step: IDEDistributionInfoPlistStep because it said so
2026-05-26 09:48:37 +0000  Skipping step: IDEDistributionInfoPlistStep because it said so
2026-05-26 09:48:37 +0000  Skipping step: IDEDistributionInfoPlistStep because it said so
2026-05-26 09:48:37 +0000  Skipping step: IDEDistributionInfoPlistStep because it said so
2026-05-26 09:48:37 +0000  Processing step: IDEDistributionAppThinningPlistStep
2026-05-26 09:48:37 +0000  Skipping step: IDEDistributionAppThinningPlistStep because it said so
2026-05-26 09:48:37 +0000  Processing step: IDEDistributionSymbolsStep
2026-05-26 09:48:37 +0000  Skipping step: IDEDistributionSymbolsStep because it said so
2026-05-26 09:48:37 +0000  Processing step: IDEDistributionAppThinningStep
2026-05-26 09:48:37 +0000  Skipping step: IDEDistributionAppThinningStep because it said so
2026-05-26 09:48:37 +0000  Processing step: IDEDistributionArchThinningStep
2026-05-26 09:48:37 +0000  Archs to thin for item /Users/arbaz/Library/Developer/Xcode/Archives/2026-05-26/Any 26-05-26, 3.18 PM.xcarchive/Products/Applications/Any.app/Frameworks/Alamofire.framework are []
2026-05-26 09:48:37 +0000  Archs to thin for item /Users/arbaz/Library/Developer/Xcode/Archives/2026-05-26/Any 26-05-26, 3.18 PM.xcarchive/Products/Applications/Any.app/Frameworks/Cosmos.framework are []
2026-05-26 09:48:37 +0000  Archs to thin for item /Users/arbaz/Library/Developer/Xcode/Archives/2026-05-26/Any 26-05-26, 3.18 PM.xcarchive/Products/Applications/Any.app/Frameworks/CountryPickerView.framework are []
2026-05-26 09:48:37 +0000  Archs to thin for item /Users/arbaz/Library/Developer/Xcode/Archives/2026-05-26/Any 26-05-26, 3.18 PM.xcarchive/Products/Applications/Any.app/Frameworks/DropDown.framework are []
2026-05-26 09:48:37 +0000  Archs to thin for item /Users/arbaz/Library/Developer/Xcode/Archives/2026-05-26/Any 26-05-26, 3.18 PM.xcarchive/Products/Applications/Any.app/Frameworks/FBLPromises.framework are []
2026-05-26 09:48:37 +0000  Archs to thin for item /Users/arbaz/Library/Developer/Xcode/Archives/2026-05-26/Any 26-05-26, 3.18 PM.xcarchive/Products/Applications/Any.app/Frameworks/FirebaseCore.framework are []
2026-05-26 09:48:37 +0000  Archs to thin for item /Users/arbaz/Library/Developer/Xcode/Archives/2026-05-26/Any 26-05-26, 3.18 PM.xcarchive/Products/Applications/Any.app/Frameworks/FirebaseCoreInternal.framework are []
2026-05-26 09:48:37 +0000  Archs to thin for item /Users/arbaz/Library/Developer/Xcode/Archives/2026-05-26/Any 26-05-26, 3.18 PM.xcarchive/Products/Applications/Any.app/Frameworks/FirebaseInstallations.framework are []
2026-05-26 09:48:37 +0000  Archs to thin for item /Users/arbaz/Library/Developer/Xcode/Archives/2026-05-26/Any 26-05-26, 3.18 PM.xcarchive/Products/Applications/Any.app/Frameworks/FirebaseMessaging.framework are []
2026-05-26 09:48:37 +0000  Archs to thin for item /Users/arbaz/Library/Developer/Xcode/Archives/2026-05-26/Any 26-05-26, 3.18 PM.xcarchive/Products/Applications/Any.app/Frameworks/GoogleDataTransport.framework are []
2026-05-26 09:48:37 +0000  Archs to thin for item /Users/arbaz/Library/Developer/Xcode/Archives/2026-05-26/Any 26-05-26, 3.18 PM.xcarchive/Products/Applications/Any.app/Frameworks/GoogleUtilities.framework are []
2026-05-26 09:48:37 +0000  Archs to thin for item /Users/arbaz/Library/Developer/Xcode/Archives/2026-05-26/Any 26-05-26, 3.18 PM.xcarchive/Products/Applications/Any.app/Frameworks/IQKeyboardManagerSwift.framework are []
2026-05-26 09:48:37 +0000  Archs to thin for item /Users/arbaz/Library/Developer/Xcode/Archives/2026-05-26/Any 26-05-26, 3.18 PM.xcarchive/Products/Applications/Any.app/Frameworks/InputMask.framework are []
2026-05-26 09:48:37 +0000  Archs to thin for item /Users/arbaz/Library/Developer/Xcode/Archives/2026-05-26/Any 26-05-26, 3.18 PM.xcarchive/Products/Applications/Any.app/Frameworks/OTPFieldView.framework are []
2026-05-26 09:48:37 +0000  Archs to thin for item /Users/arbaz/Library/Developer/Xcode/Archives/2026-05-26/Any 26-05-26, 3.18 PM.xcarchive/Products/Applications/Any.app/Frameworks/RswiftResources.framework are []
2026-05-26 09:48:37 +0000  Archs to thin for item /Users/arbaz/Library/Developer/Xcode/Archives/2026-05-26/Any 26-05-26, 3.18 PM.xcarchive/Products/Applications/Any.app/Frameworks/SDWebImage.framework are []
2026-05-26 09:48:37 +0000  Archs to thin for item /Users/arbaz/Library/Developer/Xcode/Archives/2026-05-26/Any 26-05-26, 3.18 PM.xcarchive/Products/Applications/Any.app/Frameworks/SVProgressHUD.framework are []
2026-05-26 09:48:37 +0000  Archs to thin for item /Users/arbaz/Library/Developer/Xcode/Archives/2026-05-26/Any 26-05-26, 3.18 PM.xcarchive/Products/Applications/Any.app/Frameworks/SwiftyJSON.framework are []
2026-05-26 09:48:37 +0000  Archs to thin for item /Users/arbaz/Library/Developer/Xcode/Archives/2026-05-26/Any 26-05-26, 3.18 PM.xcarchive/Products/Applications/Any.app/Frameworks/libwebp.framework are []
2026-05-26 09:48:37 +0000  Archs to thin for item /Users/arbaz/Library/Developer/Xcode/Archives/2026-05-26/Any 26-05-26, 3.18 PM.xcarchive/Products/Applications/Any.app/Frameworks/nanopb.framework are []
2026-05-26 09:48:37 +0000  Archs to thin for item /Users/arbaz/Library/Developer/Xcode/Archives/2026-05-26/Any 26-05-26, 3.18 PM.xcarchive/Products/Applications/Any.app are []
2026-05-26 09:48:37 +0000  Processing step: IDEDistributionODRStep
2026-05-26 09:48:37 +0000  Processing step: IDEDistributionStripXattrsStep
2026-05-26 09:48:37 +0000  Skipping stripping extended attributes because the codesign step will strip them.
2026-05-26 09:48:37 +0000  Skipping stripping extended attributes because the codesign step will strip them.
2026-05-26 09:48:37 +0000  Skipping stripping extended attributes because the codesign step will strip them.
2026-05-26 09:48:37 +0000  Skipping stripping extended attributes because the codesign step will strip them.
2026-05-26 09:48:37 +0000  Skipping stripping extended attributes because the codesign step will strip them.
2026-05-26 09:48:37 +0000  Skipping stripping extended attributes because the codesign step will strip them.
2026-05-26 09:48:37 +0000  Skipping stripping extended attributes because the codesign step will strip them.
2026-05-26 09:48:37 +0000  Skipping stripping extended attributes because the codesign step will strip them.
2026-05-26 09:48:37 +0000  Skipping stripping extended attributes because the codesign step will strip them.
2026-05-26 09:48:37 +0000  Skipping stripping extended attributes because the codesign step will strip them.
2026-05-26 09:48:37 +0000  Skipping stripping extended attributes because the codesign step will strip them.
2026-05-26 09:48:37 +0000  Skipping stripping extended attributes because the codesign step will strip them.
2026-05-26 09:48:37 +0000  Skipping stripping extended attributes because the codesign step will strip them.
2026-05-26 09:48:37 +0000  Skipping stripping extended attributes because the codesign step will strip them.
2026-05-26 09:48:37 +0000  Skipping stripping extended attributes because the codesign step will strip them.
2026-05-26 09:48:37 +0000  Skipping stripping extended attributes because the codesign step will strip them.
2026-05-26 09:48:37 +0000  Skipping stripping extended attributes because the codesign step will strip them.
2026-05-26 09:48:37 +0000  Skipping stripping extended attributes because the codesign step will strip them.
2026-05-26 09:48:37 +0000  Skipping stripping extended attributes because the codesign step will strip them.
2026-05-26 09:48:37 +0000  Skipping stripping extended attributes because the codesign step will strip them.
2026-05-26 09:48:37 +0000  Skipping stripping extended attributes because the codesign step will strip them.
2026-05-26 09:48:37 +0000  Processing step: IDEDistributionCodesignStep
2026-05-26 09:48:37 +0000  Entitlements for <IDEDistributionItem: 0xb01225260; bundleID='org.cocoapods.Alamofire', path='<DVTFilePath:0xb046813b0:'/Users/arbaz/Library/Developer/Xcode/Archives/2026-05-26/Any 26-05-26, 3.18 PM.xcarchive/Products/Applications/Any.app/Frameworks/Alamofire.framework'>', codeSigningInfo='<_DVTCodeSigningInformation_Path: 0xb01224960; isSigned='1', isAdHocSigned='0', signingCertificate='<DVTSigningCertificate: 0xb0493ac40; name='Apple Development: Jonathan Herbsman (5NJ6Y2795G)', hash='5DCF0153A0F893FED9E836F2855224DEC827B8E3', serialNumber='2C48BB8E985262177D7F310C976D1FFC', certificateKinds='(
    "1.2.840.113635.100.6.1.12",
    "1.2.840.113635.100.6.1.2"
), issueDate='2025-11-25 13:31:44 +0000''>', entitlements='(null)', teamID='5P7MCR7S32', identifier='org.cocoapods.Alamofire', executablePath='<DVTFilePath:0xb01872520:'/Users/arbaz/Library/Developer/Xcode/Archives/2026-05-26/Any 26-05-26, 3.18 PM.xcarchive/Products/Applications/Any.app/Frameworks/Alamofire.framework/Alamofire'>', hardenedRuntime='0'>'>: {
}
2026-05-26 09:48:37 +0000  Associated App Clip Identifiers Filter: Skipping because "com.apple.developer.associated-appclip-app-identifiers" is not present
2026-05-26 09:48:37 +0000  Entitlements for <IDEDistributionItem: 0xb01225260; bundleID='org.cocoapods.Alamofire', path='<DVTFilePath:0xb046813b0:'/Users/arbaz/Library/Developer/Xcode/Archives/2026-05-26/Any 26-05-26, 3.18 PM.xcarchive/Products/Applications/Any.app/Frameworks/Alamofire.framework'>', codeSigningInfo='<_DVTCodeSigningInformation_Path: 0xb01224960; isSigned='1', isAdHocSigned='0', signingCertificate='<DVTSigningCertificate: 0xb0493a040; name='Apple Development: Jonathan Herbsman (5NJ6Y2795G)', hash='5DCF0153A0F893FED9E836F2855224DEC827B8E3', serialNumber='2C48BB8E985262177D7F310C976D1FFC', certificateKinds='(
    "1.2.840.113635.100.6.1.12",
    "1.2.840.113635.100.6.1.2"
), issueDate='2025-11-25 13:31:44 +0000''>', entitlements='(null)', teamID='5P7MCR7S32', identifier='org.cocoapods.Alamofire', executablePath='<DVTFilePath:0xb01872520:'/Users/arbaz/Library/Developer/Xcode/Archives/2026-05-26/Any 26-05-26, 3.18 PM.xcarchive/Products/Applications/Any.app/Frameworks/Alamofire.framework/Alamofire'>', hardenedRuntime='0'>'> are: {
}
2026-05-26 09:48:37 +0000  Writing entitlements for <IDEDistributionItem: 0xb01225260; bundleID='org.cocoapods.Alamofire', path='<DVTFilePath:0xb046813b0:'/Users/arbaz/Library/Developer/Xcode/Archives/2026-05-26/Any 26-05-26, 3.18 PM.xcarchive/Products/Applications/Any.app/Frameworks/Alamofire.framework'>', codeSigningInfo='<_DVTCodeSigningInformation_Path: 0xb01224960; isSigned='1', isAdHocSigned='0', signingCertificate='<DVTSigningCertificate: 0xb0493a040; name='Apple Development: Jonathan Herbsman (5NJ6Y2795G)', hash='5DCF0153A0F893FED9E836F2855224DEC827B8E3', serialNumber='2C48BB8E985262177D7F310C976D1FFC', certificateKinds='(
    "1.2.840.113635.100.6.1.12",
    "1.2.840.113635.100.6.1.2"
), issueDate='2025-11-25 13:31:44 +0000''>', entitlements='(null)', teamID='5P7MCR7S32', identifier='org.cocoapods.Alamofire', executablePath='<DVTFilePath:0xb01872520:'/Users/arbaz/Library/Developer/Xcode/Archives/2026-05-26/Any 26-05-26, 3.18 PM.xcarchive/Products/Applications/Any.app/Frameworks/Alamofire.framework/Alamofire'>', hardenedRuntime='0'>'> to: /var/folders/_m/2_1gbk9x14588s8nzfrq87sc0000gn/T/XcodeDistPipeline.~~~gOKcrU/entitlements~~~8LE9yA
2026-05-26 09:48:37 +0000  invoking codesign: <NSConcreteTask: 0xb16c16530; launchPath='/usr/bin/codesign', arguments='(
    "-f",
    "-s",
    5DCF0153A0F893FED9E836F2855224DEC827B8E3,
    "--entitlements",
    "/var/folders/_m/2_1gbk9x14588s8nzfrq87sc0000gn/T/XcodeDistPipeline.~~~gOKcrU/entitlements~~~8LE9yA",
    "--preserve-metadata=identifier,flags,runtime,launch-constraints,library-constraints",
    "--generate-entitlement-der",
    "--strip-disallowed-xattrs",
    "-vvv",
    "/var/folders/_m/2_1gbk9x14588s8nzfrq87sc0000gn/T/XcodeDistPipeline.~~~gOKcrU/Root/Payload/Any.app/Frameworks/Alamofire.framework"
)'>
2026-05-26 09:48:37 +0000  codesign output: /var/folders/_m/2_1gbk9x14588s8nzfrq87sc0000gn/T/XcodeDistPipeline.~~~gOKcrU/Root/Payload/Any.app/Frameworks/Alamofire.framework: replacing existing signature
/var/folders/_m/2_1gbk9x14588s8nzfrq87sc0000gn/T/XcodeDistPipeline.~~~gOKcrU/Root/Payload/Any.app/Frameworks/Alamofire.framework: signed bundle with Mach-O thin (arm64) [org.cocoapods.Alamofire]
2026-05-26 09:48:37 +0000  Entitlements for <IDEDistributionItem: 0xb01224d80; bundleID='org.cocoapods.Cosmos', path='<DVTFilePath:0xb04681260:'/Users/arbaz/Library/Developer/Xcode/Archives/2026-05-26/Any 26-05-26, 3.18 PM.xcarchive/Products/Applications/Any.app/Frameworks/Cosmos.framework'>', codeSigningInfo='<_DVTCodeSigningInformation_Path: 0xb01224d20; isSigned='1', isAdHocSigned='0', signingCertificate='<DVTSigningCertificate: 0xb0493ac40; name='Apple Development: Jonathan Herbsman (5NJ6Y2795G)', hash='5DCF0153A0F893FED9E836F2855224DEC827B8E3', serialNumber='2C48BB8E985262177D7F310C976D1FFC', certificateKinds='(
    "1.2.840.113635.100.6.1.12",
    "1.2.840.113635.100.6.1.2"
), issueDate='2025-11-25 13:31:44 +0000''>', entitlements='(null)', teamID='5P7MCR7S32', identifier='org.cocoapods.Cosmos', executablePath='<DVTFilePath:0xb01872a00:'/Users/arbaz/Library/Developer/Xcode/Archives/2026-05-26/Any 26-05-26, 3.18 PM.xcarchive/Products/Applications/Any.app/Frameworks/Cosmos.framework/Cosmos'>', hardenedRuntime='0'>'>: {
}
2026-05-26 09:48:37 +0000  Associated App Clip Identifiers Filter: Skipping because "com.apple.developer.associated-appclip-app-identifiers" is not present
2026-05-26 09:48:37 +0000  Entitlements for <IDEDistributionItem: 0xb01224d80; bundleID='org.cocoapods.Cosmos', path='<DVTFilePath:0xb04681260:'/Users/arbaz/Library/Developer/Xcode/Archives/2026-05-26/Any 26-05-26, 3.18 PM.xcarchive/Products/Applications/Any.app/Frameworks/Cosmos.framework'>', codeSigningInfo='<_DVTCodeSigningInformation_Path: 0xb01224d20; isSigned='1', isAdHocSigned='0', signingCertificate='<DVTSigningCertificate: 0xb0493a040; name='Apple Development: Jonathan Herbsman (5NJ6Y2795G)', hash='5DCF0153A0F893FED9E836F2855224DEC827B8E3', serialNumber='2C48BB8E985262177D7F310C976D1FFC', certificateKinds='(
    "1.2.840.113635.100.6.1.12",
    "1.2.840.113635.100.6.1.2"
), issueDate='2025-11-25 13:31:44 +0000''>', entitlements='(null)', teamID='5P7MCR7S32', identifier='org.cocoapods.Cosmos', executablePath='<DVTFilePath:0xb01872a00:'/Users/arbaz/Library/Developer/Xcode/Archives/2026-05-26/Any 26-05-26, 3.18 PM.xcarchive/Products/Applications/Any.app/Frameworks/Cosmos.framework/Cosmos'>', hardenedRuntime='0'>'> are: {
}
2026-05-26 09:48:37 +0000  Writing entitlements for <IDEDistributionItem: 0xb01224d80; bundleID='org.cocoapods.Cosmos', path='<DVTFilePath:0xb04681260:'/Users/arbaz/Library/Developer/Xcode/Archives/2026-05-26/Any 26-05-26, 3.18 PM.xcarchive/Products/Applications/Any.app/Frameworks/Cosmos.framework'>', codeSigningInfo='<_DVTCodeSigningInformation_Path: 0xb01224d20; isSigned='1', isAdHocSigned='0', signingCertificate='<DVTSigningCertificate: 0xb0493a040; name='Apple Development: Jonathan Herbsman (5NJ6Y2795G)', hash='5DCF0153A0F893FED9E836F2855224DEC827B8E3', serialNumber='2C48BB8E985262177D7F310C976D1FFC', certificateKinds='(
    "1.2.840.113635.100.6.1.12",
    "1.2.840.113635.100.6.1.2"
), issueDate='2025-11-25 13:31:44 +0000''>', entitlements='(null)', teamID='5P7MCR7S32', identifier='org.cocoapods.Cosmos', executablePath='<DVTFilePath:0xb01872a00:'/Users/arbaz/Library/Developer/Xcode/Archives/2026-05-26/Any 26-05-26, 3.18 PM.xcarchive/Products/Applications/Any.app/Frameworks/Cosmos.framework/Cosmos'>', hardenedRuntime='0'>'> to: /var/folders/_m/2_1gbk9x14588s8nzfrq87sc0000gn/T/XcodeDistPipeline.~~~gOKcrU/entitlements~~~Uiw35W
2026-05-26 09:48:37 +0000  invoking codesign: <NSConcreteTask: 0xb16c16530; launchPath='/usr/bin/codesign', arguments='(
    "-f",
    "-s",
    5DCF0153A0F893FED9E836F2855224DEC827B8E3,
    "--entitlements",
    "/var/folders/_m/2_1gbk9x14588s8nzfrq87sc0000gn/T/XcodeDistPipeline.~~~gOKcrU/entitlements~~~Uiw35W",
    "--preserve-metadata=identifier,flags,runtime,launch-constraints,library-constraints",
    "--generate-entitlement-der",
    "--strip-disallowed-xattrs",
    "-vvv",
    "/var/folders/_m/2_1gbk9x14588s8nzfrq87sc0000gn/T/XcodeDistPipeline.~~~gOKcrU/Root/Payload/Any.app/Frameworks/Cosmos.framework"
)'>
2026-05-26 09:48:37 +0000  codesign output: /var/folders/_m/2_1gbk9x14588s8nzfrq87sc0000gn/T/XcodeDistPipeline.~~~gOKcrU/Root/Payload/Any.app/Frameworks/Cosmos.framework: replacing existing signature
/var/folders/_m/2_1gbk9x14588s8nzfrq87sc0000gn/T/XcodeDistPipeline.~~~gOKcrU/Root/Payload/Any.app/Frameworks/Cosmos.framework: signed bundle with Mach-O thin (arm64) [org.cocoapods.Cosmos]
2026-05-26 09:48:37 +0000  Entitlements for <IDEDistributionItem: 0xb012258c0; bundleID='org.cocoapods.CountryPickerView', path='<DVTFilePath:0xb04681180:'/Users/arbaz/Library/Developer/Xcode/Archives/2026-05-26/Any 26-05-26, 3.18 PM.xcarchive/Products/Applications/Any.app/Frameworks/CountryPickerView.framework'>', codeSigningInfo='<_DVTCodeSigningInformation_Path: 0xb01225860; isSigned='1', isAdHocSigned='0', signingCertificate='<DVTSigningCertificate: 0xb0493ac40; name='Apple Development: Jonathan Herbsman (5NJ6Y2795G)', hash='5DCF0153A0F893FED9E836F2855224DEC827B8E3', serialNumber='2C48BB8E985262177D7F310C976D1FFC', certificateKinds='(
    "1.2.840.113635.100.6.1.12",
    "1.2.840.113635.100.6.1.2"
), issueDate='2025-11-25 13:31:44 +0000''>', entitlements='(null)', teamID='5P7MCR7S32', identifier='org.cocoapods.CountryPickerView', executablePath='<DVTFilePath:0xb04681110:'/Users/arbaz/Library/Developer/Xcode/Archives/2026-05-26/Any 26-05-26, 3.18 PM.xcarchive/Products/Applications/Any.app/Frameworks/CountryPickerView.framework/CountryPickerView'>', hardenedRuntime='0'>'>: {
}
2026-05-26 09:48:37 +0000  Associated App Clip Identifiers Filter: Skipping because "com.apple.developer.associated-appclip-app-identifiers" is not present
2026-05-26 09:48:37 +0000  Entitlements for <IDEDistributionItem: 0xb012258c0; bundleID='org.cocoapods.CountryPickerView', path='<DVTFilePath:0xb04681180:'/Users/arbaz/Library/Developer/Xcode/Archives/2026-05-26/Any 26-05-26, 3.18 PM.xcarchive/Products/Applications/Any.app/Frameworks/CountryPickerView.framework'>', codeSigningInfo='<_DVTCodeSigningInformation_Path: 0xb01225860; isSigned='1', isAdHocSigned='0', signingCertificate='<DVTSigningCertificate: 0xb0493a040; name='Apple Development: Jonathan Herbsman (5NJ6Y2795G)', hash='5DCF0153A0F893FED9E836F2855224DEC827B8E3', serialNumber='2C48BB8E985262177D7F310C976D1FFC', certificateKinds='(
    "1.2.840.113635.100.6.1.12",
    "1.2.840.113635.100.6.1.2"
), issueDate='2025-11-25 13:31:44 +0000''>', entitlements='(null)', teamID='5P7MCR7S32', identifier='org.cocoapods.CountryPickerView', executablePath='<DVTFilePath:0xb04681110:'/Users/arbaz/Library/Developer/Xcode/Archives/2026-05-26/Any 26-05-26, 3.18 PM.xcarchive/Products/Applications/Any.app/Frameworks/CountryPickerView.framework/CountryPickerView'>', hardenedRuntime='0'>'> are: {
}
2026-05-26 09:48:37 +0000  Writing entitlements for <IDEDistributionItem: 0xb012258c0; bundleID='org.cocoapods.CountryPickerView', path='<DVTFilePath:0xb04681180:'/Users/arbaz/Library/Developer/Xcode/Archives/2026-05-26/Any 26-05-26, 3.18 PM.xcarchive/Products/Applications/Any.app/Frameworks/CountryPickerView.framework'>', codeSigningInfo='<_DVTCodeSigningInformation_Path: 0xb01225860; isSigned='1', isAdHocSigned='0', signingCertificate='<DVTSigningCertificate: 0xb0493a040; name='Apple Development: Jonathan Herbsman (5NJ6Y2795G)', hash='5DCF0153A0F893FED9E836F2855224DEC827B8E3', serialNumber='2C48BB8E985262177D7F310C976D1FFC', certificateKinds='(
    "1.2.840.113635.100.6.1.12",
    "1.2.840.113635.100.6.1.2"
), issueDate='2025-11-25 13:31:44 +0000''>', entitlements='(null)', teamID='5P7MCR7S32', identifier='org.cocoapods.CountryPickerView', executablePath='<DVTFilePath:0xb04681110:'/Users/arbaz/Library/Developer/Xcode/Archives/2026-05-26/Any 26-05-26, 3.18 PM.xcarchive/Products/Applications/Any.app/Frameworks/CountryPickerView.framework/CountryPickerView'>', hardenedRuntime='0'>'> to: /var/folders/_m/2_1gbk9x14588s8nzfrq87sc0000gn/T/XcodeDistPipeline.~~~gOKcrU/entitlements~~~7tzC2S
2026-05-26 09:48:37 +0000  invoking codesign: <NSConcreteTask: 0xb16c16530; launchPath='/usr/bin/codesign', arguments='(
    "-f",
    "-s",
    5DCF0153A0F893FED9E836F2855224DEC827B8E3,
    "--entitlements",
    "/var/folders/_m/2_1gbk9x14588s8nzfrq87sc0000gn/T/XcodeDistPipeline.~~~gOKcrU/entitlements~~~7tzC2S",
    "--preserve-metadata=identifier,flags,runtime,launch-constraints,library-constraints",
    "--generate-entitlement-der",
    "--strip-disallowed-xattrs",
    "-vvv",
    "/var/folders/_m/2_1gbk9x14588s8nzfrq87sc0000gn/T/XcodeDistPipeline.~~~gOKcrU/Root/Payload/Any.app/Frameworks/CountryPickerView.framework"
)'>
2026-05-26 09:48:37 +0000  codesign output: /var/folders/_m/2_1gbk9x14588s8nzfrq87sc0000gn/T/XcodeDistPipeline.~~~gOKcrU/Root/Payload/Any.app/Frameworks/CountryPickerView.framework: replacing existing signature
/var/folders/_m/2_1gbk9x14588s8nzfrq87sc0000gn/T/XcodeDistPipeline.~~~gOKcrU/Root/Payload/Any.app/Frameworks/CountryPickerView.framework: signed bundle with Mach-O thin (arm64) [org.cocoapods.CountryPickerView]
2026-05-26 09:48:37 +0000  Entitlements for <IDEDistributionItem: 0xb012255c0; bundleID='org.cocoapods.DropDown', path='<DVTFilePath:0xb04680fc0:'/Users/arbaz/Library/Developer/Xcode/Archives/2026-05-26/Any 26-05-26, 3.18 PM.xcarchive/Products/Applications/Any.app/Frameworks/DropDown.framework'>', codeSigningInfo='<_DVTCodeSigningInformation_Path: 0xb01225560; isSigned='1', isAdHocSigned='0', signingCertificate='<DVTSigningCertificate: 0xb0493ac40; name='Apple Development: Jonathan Herbsman (5NJ6Y2795G)', hash='5DCF0153A0F893FED9E836F2855224DEC827B8E3', serialNumber='2C48BB8E985262177D7F310C976D1FFC', certificateKinds='(
    "1.2.840.113635.100.6.1.12",
    "1.2.840.113635.100.6.1.2"
), issueDate='2025-11-25 13:31:44 +0000''>', entitlements='(null)', teamID='5P7MCR7S32', identifier='org.cocoapods.DropDown', executablePath='<DVTFilePath:0xb01f73360:'/Users/arbaz/Library/Developer/Xcode/Archives/2026-05-26/Any 26-05-26, 3.18 PM.xcarchive/Products/Applications/Any.app/Frameworks/DropDown.framework/DropDown'>', hardenedRuntime='0'>'>: {
}
2026-05-26 09:48:37 +0000  Associated App Clip Identifiers Filter: Skipping because "com.apple.developer.associated-appclip-app-identifiers" is not present
2026-05-26 09:48:37 +0000  Entitlements for <IDEDistributionItem: 0xb012255c0; bundleID='org.cocoapods.DropDown', path='<DVTFilePath:0xb04680fc0:'/Users/arbaz/Library/Developer/Xcode/Archives/2026-05-26/Any 26-05-26, 3.18 PM.xcarchive/Products/Applications/Any.app/Frameworks/DropDown.framework'>', codeSigningInfo='<_DVTCodeSigningInformation_Path: 0xb01225560; isSigned='1', isAdHocSigned='0', signingCertificate='<DVTSigningCertificate: 0xb0493a040; name='Apple Development: Jonathan Herbsman (5NJ6Y2795G)', hash='5DCF0153A0F893FED9E836F2855224DEC827B8E3', serialNumber='2C48BB8E985262177D7F310C976D1FFC', certificateKinds='(
    "1.2.840.113635.100.6.1.12",
    "1.2.840.113635.100.6.1.2"
), issueDate='2025-11-25 13:31:44 +0000''>', entitlements='(null)', teamID='5P7MCR7S32', identifier='org.cocoapods.DropDown', executablePath='<DVTFilePath:0xb01f73360:'/Users/arbaz/Library/Developer/Xcode/Archives/2026-05-26/Any 26-05-26, 3.18 PM.xcarchive/Products/Applications/Any.app/Frameworks/DropDown.framework/DropDown'>', hardenedRuntime='0'>'> are: {
}
2026-05-26 09:48:37 +0000  Writing entitlements for <IDEDistributionItem: 0xb012255c0; bundleID='org.cocoapods.DropDown', path='<DVTFilePath:0xb04680fc0:'/Users/arbaz/Library/Developer/Xcode/Archives/2026-05-26/Any 26-05-26, 3.18 PM.xcarchive/Products/Applications/Any.app/Frameworks/DropDown.framework'>', codeSigningInfo='<_DVTCodeSigningInformation_Path: 0xb01225560; isSigned='1', isAdHocSigned='0', signingCertificate='<DVTSigningCertificate: 0xb0493a040; name='Apple Development: Jonathan Herbsman (5NJ6Y2795G)', hash='5DCF0153A0F893FED9E836F2855224DEC827B8E3', serialNumber='2C48BB8E985262177D7F310C976D1FFC', certificateKinds='(
    "1.2.840.113635.100.6.1.12",
    "1.2.840.113635.100.6.1.2"
), issueDate='2025-11-25 13:31:44 +0000''>', entitlements='(null)', teamID='5P7MCR7S32', identifier='org.cocoapods.DropDown', executablePath='<DVTFilePath:0xb01f73360:'/Users/arbaz/Library/Developer/Xcode/Archives/2026-05-26/Any 26-05-26, 3.18 PM.xcarchive/Products/Applications/Any.app/Frameworks/DropDown.framework/DropDown'>', hardenedRuntime='0'>'> to: /var/folders/_m/2_1gbk9x14588s8nzfrq87sc0000gn/T/XcodeDistPipeline.~~~gOKcrU/entitlements~~~CH515S
2026-05-26 09:48:37 +0000  invoking codesign: <NSConcreteTask: 0xb16c16530; launchPath='/usr/bin/codesign', arguments='(
    "-f",
    "-s",
    5DCF0153A0F893FED9E836F2855224DEC827B8E3,
    "--entitlements",
    "/var/folders/_m/2_1gbk9x14588s8nzfrq87sc0000gn/T/XcodeDistPipeline.~~~gOKcrU/entitlements~~~CH515S",
    "--preserve-metadata=identifier,flags,runtime,launch-constraints,library-constraints",
    "--generate-entitlement-der",
    "--strip-disallowed-xattrs",
    "-vvv",
    "/var/folders/_m/2_1gbk9x14588s8nzfrq87sc0000gn/T/XcodeDistPipeline.~~~gOKcrU/Root/Payload/Any.app/Frameworks/DropDown.framework"
)'>
2026-05-26 09:48:37 +0000  codesign output: /var/folders/_m/2_1gbk9x14588s8nzfrq87sc0000gn/T/XcodeDistPipeline.~~~gOKcrU/Root/Payload/Any.app/Frameworks/DropDown.framework: replacing existing signature
/var/folders/_m/2_1gbk9x14588s8nzfrq87sc0000gn/T/XcodeDistPipeline.~~~gOKcrU/Root/Payload/Any.app/Frameworks/DropDown.framework: signed bundle with Mach-O thin (arm64) [org.cocoapods.DropDown]
2026-05-26 09:48:37 +0000  Entitlements for <IDEDistributionItem: 0xb01224120; bundleID='org.cocoapods.FBLPromises', path='<DVTFilePath:0xb04680ee0:'/Users/arbaz/Library/Developer/Xcode/Archives/2026-05-26/Any 26-05-26, 3.18 PM.xcarchive/Products/Applications/Any.app/Frameworks/FBLPromises.framework'>', codeSigningInfo='<_DVTCodeSigningInformation_Path: 0xb01224300; isSigned='1', isAdHocSigned='0', signingCertificate='<DVTSigningCertificate: 0xb0493ac40; name='Apple Development: Jonathan Herbsman (5NJ6Y2795G)', hash='5DCF0153A0F893FED9E836F2855224DEC827B8E3', serialNumber='2C48BB8E985262177D7F310C976D1FFC', certificateKinds='(
    "1.2.840.113635.100.6.1.12",
    "1.2.840.113635.100.6.1.2"
), issueDate='2025-11-25 13:31:44 +0000''>', entitlements='(null)', teamID='5P7MCR7S32', identifier='org.cocoapods.FBLPromises', executablePath='<DVTFilePath:0xb01f73720:'/Users/arbaz/Library/Developer/Xcode/Archives/2026-05-26/Any 26-05-26, 3.18 PM.xcarchive/Products/Applications/Any.app/Frameworks/FBLPromises.framework/FBLPromises'>', hardenedRuntime='0'>'>: {
}
2026-05-26 09:48:37 +0000  Associated App Clip Identifiers Filter: Skipping because "com.apple.developer.associated-appclip-app-identifiers" is not present
2026-05-26 09:48:37 +0000  Entitlements for <IDEDistributionItem: 0xb01224120; bundleID='org.cocoapods.FBLPromises', path='<DVTFilePath:0xb04680ee0:'/Users/arbaz/Library/Developer/Xcode/Archives/2026-05-26/Any 26-05-26, 3.18 PM.xcarchive/Products/Applications/Any.app/Frameworks/FBLPromises.framework'>', codeSigningInfo='<_DVTCodeSigningInformation_Path: 0xb01224300; isSigned='1', isAdHocSigned='0', signingCertificate='<DVTSigningCertificate: 0xb0493a040; name='Apple Development: Jonathan Herbsman (5NJ6Y2795G)', hash='5DCF0153A0F893FED9E836F2855224DEC827B8E3', serialNumber='2C48BB8E985262177D7F310C976D1FFC', certificateKinds='(
    "1.2.840.113635.100.6.1.12",
    "1.2.840.113635.100.6.1.2"
), issueDate='2025-11-25 13:31:44 +0000''>', entitlements='(null)', teamID='5P7MCR7S32', identifier='org.cocoapods.FBLPromises', executablePath='<DVTFilePath:0xb01f73720:'/Users/arbaz/Library/Developer/Xcode/Archives/2026-05-26/Any 26-05-26, 3.18 PM.xcarchive/Products/Applications/Any.app/Frameworks/FBLPromises.framework/FBLPromises'>', hardenedRuntime='0'>'> are: {
}
2026-05-26 09:48:37 +0000  Writing entitlements for <IDEDistributionItem: 0xb01224120; bundleID='org.cocoapods.FBLPromises', path='<DVTFilePath:0xb04680ee0:'/Users/arbaz/Library/Developer/Xcode/Archives/2026-05-26/Any 26-05-26, 3.18 PM.xcarchive/Products/Applications/Any.app/Frameworks/FBLPromises.framework'>', codeSigningInfo='<_DVTCodeSigningInformation_Path: 0xb01224300; isSigned='1', isAdHocSigned='0', signingCertificate='<DVTSigningCertificate: 0xb0493a040; name='Apple Development: Jonathan Herbsman (5NJ6Y2795G)', hash='5DCF0153A0F893FED9E836F2855224DEC827B8E3', serialNumber='2C48BB8E985262177D7F310C976D1FFC', certificateKinds='(
    "1.2.840.113635.100.6.1.12",
    "1.2.840.113635.100.6.1.2"
), issueDate='2025-11-25 13:31:44 +0000''>', entitlements='(null)', teamID='5P7MCR7S32', identifier='org.cocoapods.FBLPromises', executablePath='<DVTFilePath:0xb01f73720:'/Users/arbaz/Library/Developer/Xcode/Archives/2026-05-26/Any 26-05-26, 3.18 PM.xcarchive/Products/Applications/Any.app/Frameworks/FBLPromises.framework/FBLPromises'>', hardenedRuntime='0'>'> to: /var/folders/_m/2_1gbk9x14588s8nzfrq87sc0000gn/T/XcodeDistPipeline.~~~gOKcrU/entitlements~~~6Hu1Cr
2026-05-26 09:48:37 +0000  invoking codesign: <NSConcreteTask: 0xb16c16530; launchPath='/usr/bin/codesign', arguments='(
    "-f",
    "-s",
    5DCF0153A0F893FED9E836F2855224DEC827B8E3,
    "--entitlements",
    "/var/folders/_m/2_1gbk9x14588s8nzfrq87sc0000gn/T/XcodeDistPipeline.~~~gOKcrU/entitlements~~~6Hu1Cr",
    "--preserve-metadata=identifier,flags,runtime,launch-constraints,library-constraints",
    "--generate-entitlement-der",
    "--strip-disallowed-xattrs",
    "-vvv",
    "/var/folders/_m/2_1gbk9x14588s8nzfrq87sc0000gn/T/XcodeDistPipeline.~~~gOKcrU/Root/Payload/Any.app/Frameworks/FBLPromises.framework"
)'>
2026-05-26 09:48:37 +0000  codesign output: /var/folders/_m/2_1gbk9x14588s8nzfrq87sc0000gn/T/XcodeDistPipeline.~~~gOKcrU/Root/Payload/Any.app/Frameworks/FBLPromises.framework: replacing existing signature
/var/folders/_m/2_1gbk9x14588s8nzfrq87sc0000gn/T/XcodeDistPipeline.~~~gOKcrU/Root/Payload/Any.app/Frameworks/FBLPromises.framework: signed bundle with Mach-O thin (arm64) [org.cocoapods.FBLPromises]
2026-05-26 09:48:37 +0000  Entitlements for <IDEDistributionItem: 0xb01224a80; bundleID='org.cocoapods.FirebaseCore', path='<DVTFilePath:0xb04680d90:'/Users/arbaz/Library/Developer/Xcode/Archives/2026-05-26/Any 26-05-26, 3.18 PM.xcarchive/Products/Applications/Any.app/Frameworks/FirebaseCore.framework'>', codeSigningInfo='<_DVTCodeSigningInformation_Path: 0xb012240c0; isSigned='1', isAdHocSigned='0', signingCertificate='<DVTSigningCertificate: 0xb0493ac40; name='Apple Development: Jonathan Herbsman (5NJ6Y2795G)', hash='5DCF0153A0F893FED9E836F2855224DEC827B8E3', serialNumber='2C48BB8E985262177D7F310C976D1FFC', certificateKinds='(
    "1.2.840.113635.100.6.1.12",
    "1.2.840.113635.100.6.1.2"
), issueDate='2025-11-25 13:31:44 +0000''>', entitlements='(null)', teamID='5P7MCR7S32', identifier='org.cocoapods.FirebaseCore', executablePath='<DVTFilePath:0xb01f73c00:'/Users/arbaz/Library/Developer/Xcode/Archives/2026-05-26/Any 26-05-26, 3.18 PM.xcarchive/Products/Applications/Any.app/Frameworks/FirebaseCore.framework/FirebaseCore'>', hardenedRuntime='0'>'>: {
}
2026-05-26 09:48:37 +0000  Associated App Clip Identifiers Filter: Skipping because "com.apple.developer.associated-appclip-app-identifiers" is not present
2026-05-26 09:48:37 +0000  Entitlements for <IDEDistributionItem: 0xb01224a80; bundleID='org.cocoapods.FirebaseCore', path='<DVTFilePath:0xb04680d90:'/Users/arbaz/Library/Developer/Xcode/Archives/2026-05-26/Any 26-05-26, 3.18 PM.xcarchive/Products/Applications/Any.app/Frameworks/FirebaseCore.framework'>', codeSigningInfo='<_DVTCodeSigningInformation_Path: 0xb012240c0; isSigned='1', isAdHocSigned='0', signingCertificate='<DVTSigningCertificate: 0xb0493a040; name='Apple Development: Jonathan Herbsman (5NJ6Y2795G)', hash='5DCF0153A0F893FED9E836F2855224DEC827B8E3', serialNumber='2C48BB8E985262177D7F310C976D1FFC', certificateKinds='(
    "1.2.840.113635.100.6.1.12",
    "1.2.840.113635.100.6.1.2"
), issueDate='2025-11-25 13:31:44 +0000''>', entitlements='(null)', teamID='5P7MCR7S32', identifier='org.cocoapods.FirebaseCore', executablePath='<DVTFilePath:0xb01f73c00:'/Users/arbaz/Library/Developer/Xcode/Archives/2026-05-26/Any 26-05-26, 3.18 PM.xcarchive/Products/Applications/Any.app/Frameworks/FirebaseCore.framework/FirebaseCore'>', hardenedRuntime='0'>'> are: {
}
2026-05-26 09:48:37 +0000  Writing entitlements for <IDEDistributionItem: 0xb01224a80; bundleID='org.cocoapods.FirebaseCore', path='<DVTFilePath:0xb04680d90:'/Users/arbaz/Library/Developer/Xcode/Archives/2026-05-26/Any 26-05-26, 3.18 PM.xcarchive/Products/Applications/Any.app/Frameworks/FirebaseCore.framework'>', codeSigningInfo='<_DVTCodeSigningInformation_Path: 0xb012240c0; isSigned='1', isAdHocSigned='0', signingCertificate='<DVTSigningCertificate: 0xb0493a040; name='Apple Development: Jonathan Herbsman (5NJ6Y2795G)', hash='5DCF0153A0F893FED9E836F2855224DEC827B8E3', serialNumber='2C48BB8E985262177D7F310C976D1FFC', certificateKinds='(
    "1.2.840.113635.100.6.1.12",
    "1.2.840.113635.100.6.1.2"
), issueDate='2025-11-25 13:31:44 +0000''>', entitlements='(null)', teamID='5P7MCR7S32', identifier='org.cocoapods.FirebaseCore', executablePath='<DVTFilePath:0xb01f73c00:'/Users/arbaz/Library/Developer/Xcode/Archives/2026-05-26/Any 26-05-26, 3.18 PM.xcarchive/Products/Applications/Any.app/Frameworks/FirebaseCore.framework/FirebaseCore'>', hardenedRuntime='0'>'> to: /var/folders/_m/2_1gbk9x14588s8nzfrq87sc0000gn/T/XcodeDistPipeline.~~~gOKcrU/entitlements~~~VYLrw5
2026-05-26 09:48:37 +0000  invoking codesign: <NSConcreteTask: 0xb16c16530; launchPath='/usr/bin/codesign', arguments='(
    "-f",
    "-s",
    5DCF0153A0F893FED9E836F2855224DEC827B8E3,
    "--entitlements",
    "/var/folders/_m/2_1gbk9x14588s8nzfrq87sc0000gn/T/XcodeDistPipeline.~~~gOKcrU/entitlements~~~VYLrw5",
    "--preserve-metadata=identifier,flags,runtime,launch-constraints,library-constraints",
    "--generate-entitlement-der",
    "--strip-disallowed-xattrs",
    "-vvv",
    "/var/folders/_m/2_1gbk9x14588s8nzfrq87sc0000gn/T/XcodeDistPipeline.~~~gOKcrU/Root/Payload/Any.app/Frameworks/FirebaseCore.framework"
)'>
2026-05-26 09:48:37 +0000  codesign output: /var/folders/_m/2_1gbk9x14588s8nzfrq87sc0000gn/T/XcodeDistPipeline.~~~gOKcrU/Root/Payload/Any.app/Frameworks/FirebaseCore.framework: replacing existing signature
/var/folders/_m/2_1gbk9x14588s8nzfrq87sc0000gn/T/XcodeDistPipeline.~~~gOKcrU/Root/Payload/Any.app/Frameworks/FirebaseCore.framework: signed bundle with Mach-O thin (arm64) [org.cocoapods.FirebaseCore]
2026-05-26 09:48:37 +0000  Entitlements for <IDEDistributionItem: 0xb01224480; bundleID='org.cocoapods.FirebaseCoreInternal', path='<DVTFilePath:0xb04680c40:'/Users/arbaz/Library/Developer/Xcode/Archives/2026-05-26/Any 26-05-26, 3.18 PM.xcarchive/Products/Applications/Any.app/Frameworks/FirebaseCoreInternal.framework'>', codeSigningInfo='<_DVTCodeSigningInformation_Path: 0xb012249c0; isSigned='1', isAdHocSigned='0', signingCertificate='<DVTSigningCertificate: 0xb0493ac40; name='Apple Development: Jonathan Herbsman (5NJ6Y2795G)', hash='5DCF0153A0F893FED9E836F2855224DEC827B8E3', serialNumber='2C48BB8E985262177D7F310C976D1FFC', certificateKinds='(
    "1.2.840.113635.100.6.1.12",
    "1.2.840.113635.100.6.1.2"
), issueDate='2025-11-25 13:31:44 +0000''>', entitlements='(null)', teamID='5P7MCR7S32', identifier='org.cocoapods.FirebaseCoreInternal', executablePath='<DVTFilePath:0xb04680bd0:'/Users/arbaz/Library/Developer/Xcode/Archives/2026-05-26/Any 26-05-26, 3.18 PM.xcarchive/Products/Applications/Any.app/Frameworks/FirebaseCoreInternal.framework/FirebaseCoreInternal'>', hardenedRuntime='0'>'>: {
}
2026-05-26 09:48:37 +0000  Associated App Clip Identifiers Filter: Skipping because "com.apple.developer.associated-appclip-app-identifiers" is not present
2026-05-26 09:48:37 +0000  Entitlements for <IDEDistributionItem: 0xb01224480; bundleID='org.cocoapods.FirebaseCoreInternal', path='<DVTFilePath:0xb04680c40:'/Users/arbaz/Library/Developer/Xcode/Archives/2026-05-26/Any 26-05-26, 3.18 PM.xcarchive/Products/Applications/Any.app/Frameworks/FirebaseCoreInternal.framework'>', codeSigningInfo='<_DVTCodeSigningInformation_Path: 0xb012249c0; isSigned='1', isAdHocSigned='0', signingCertificate='<DVTSigningCertificate: 0xb0493a040; name='Apple Development: Jonathan Herbsman (5NJ6Y2795G)', hash='5DCF0153A0F893FED9E836F2855224DEC827B8E3', serialNumber='2C48BB8E985262177D7F310C976D1FFC', certificateKinds='(
    "1.2.840.113635.100.6.1.12",
    "1.2.840.113635.100.6.1.2"
), issueDate='2025-11-25 13:31:44 +0000''>', entitlements='(null)', teamID='5P7MCR7S32', identifier='org.cocoapods.FirebaseCoreInternal', executablePath='<DVTFilePath:0xb04680bd0:'/Users/arbaz/Library/Developer/Xcode/Archives/2026-05-26/Any 26-05-26, 3.18 PM.xcarchive/Products/Applications/Any.app/Frameworks/FirebaseCoreInternal.framework/FirebaseCoreInternal'>', hardenedRuntime='0'>'> are: {
}
2026-05-26 09:48:37 +0000  Writing entitlements for <IDEDistributionItem: 0xb01224480; bundleID='org.cocoapods.FirebaseCoreInternal', path='<DVTFilePath:0xb04680c40:'/Users/arbaz/Library/Developer/Xcode/Archives/2026-05-26/Any 26-05-26, 3.18 PM.xcarchive/Products/Applications/Any.app/Frameworks/FirebaseCoreInternal.framework'>', codeSigningInfo='<_DVTCodeSigningInformation_Path: 0xb012249c0; isSigned='1', isAdHocSigned='0', signingCertificate='<DVTSigningCertificate: 0xb0493a040; name='Apple Development: Jonathan Herbsman (5NJ6Y2795G)', hash='5DCF0153A0F893FED9E836F2855224DEC827B8E3', serialNumber='2C48BB8E985262177D7F310C976D1FFC', certificateKinds='(
    "1.2.840.113635.100.6.1.12",
    "1.2.840.113635.100.6.1.2"
), issueDate='2025-11-25 13:31:44 +0000''>', entitlements='(null)', teamID='5P7MCR7S32', identifier='org.cocoapods.FirebaseCoreInternal', executablePath='<DVTFilePath:0xb04680bd0:'/Users/arbaz/Library/Developer/Xcode/Archives/2026-05-26/Any 26-05-26, 3.18 PM.xcarchive/Products/Applications/Any.app/Frameworks/FirebaseCoreInternal.framework/FirebaseCoreInternal'>', hardenedRuntime='0'>'> to: /var/folders/_m/2_1gbk9x14588s8nzfrq87sc0000gn/T/XcodeDistPipeline.~~~gOKcrU/entitlements~~~HChEDn
2026-05-26 09:48:37 +0000  invoking codesign: <NSConcreteTask: 0xb16c16530; launchPath='/usr/bin/codesign', arguments='(
    "-f",
    "-s",
    5DCF0153A0F893FED9E836F2855224DEC827B8E3,
    "--entitlements",
    "/var/folders/_m/2_1gbk9x14588s8nzfrq87sc0000gn/T/XcodeDistPipeline.~~~gOKcrU/entitlements~~~HChEDn",
    "--preserve-metadata=identifier,flags,runtime,launch-constraints,library-constraints",
    "--generate-entitlement-der",
    "--strip-disallowed-xattrs",
    "-vvv",
    "/var/folders/_m/2_1gbk9x14588s8nzfrq87sc0000gn/T/XcodeDistPipeline.~~~gOKcrU/Root/Payload/Any.app/Frameworks/FirebaseCoreInternal.framework"
)'>
2026-05-26 09:48:37 +0000  codesign output: /var/folders/_m/2_1gbk9x14588s8nzfrq87sc0000gn/T/XcodeDistPipeline.~~~gOKcrU/Root/Payload/Any.app/Frameworks/FirebaseCoreInternal.framework: replacing existing signature
/var/folders/_m/2_1gbk9x14588s8nzfrq87sc0000gn/T/XcodeDistPipeline.~~~gOKcrU/Root/Payload/Any.app/Frameworks/FirebaseCoreInternal.framework: signed bundle with Mach-O thin (arm64) [org.cocoapods.FirebaseCoreInternal]
2026-05-26 09:48:37 +0000  Entitlements for <IDEDistributionItem: 0xb01224420; bundleID='org.cocoapods.FirebaseInstallations', path='<DVTFilePath:0xb04680af0:'/Users/arbaz/Library/Developer/Xcode/Archives/2026-05-26/Any 26-05-26, 3.18 PM.xcarchive/Products/Applications/Any.app/Frameworks/FirebaseInstallations.framework'>', codeSigningInfo='<_DVTCodeSigningInformation_Path: 0xb01224180; isSigned='1', isAdHocSigned='0', signingCertificate='<DVTSigningCertificate: 0xb0493ac40; name='Apple Development: Jonathan Herbsman (5NJ6Y2795G)', hash='5DCF0153A0F893FED9E836F2855224DEC827B8E3', serialNumber='2C48BB8E985262177D7F310C976D1FFC', certificateKinds='(
    "1.2.840.113635.100.6.1.12",
    "1.2.840.113635.100.6.1.2"
), issueDate='2025-11-25 13:31:44 +0000''>', entitlements='(null)', teamID='5P7MCR7S32', identifier='org.cocoapods.FirebaseInstallations', executablePath='<DVTFilePath:0xb04680a80:'/Users/arbaz/Library/Developer/Xcode/Archives/2026-05-26/Any 26-05-26, 3.18 PM.xcarchive/Products/Applications/Any.app/Frameworks/FirebaseInstallations.framework/FirebaseInstallations'>', hardenedRuntime='0'>'>: {
}
2026-05-26 09:48:37 +0000  Associated App Clip Identifiers Filter: Skipping because "com.apple.developer.associated-appclip-app-identifiers" is not present
2026-05-26 09:48:37 +0000  Entitlements for <IDEDistributionItem: 0xb01224420; bundleID='org.cocoapods.FirebaseInstallations', path='<DVTFilePath:0xb04680af0:'/Users/arbaz/Library/Developer/Xcode/Archives/2026-05-26/Any 26-05-26, 3.18 PM.xcarchive/Products/Applications/Any.app/Frameworks/FirebaseInstallations.framework'>', codeSigningInfo='<_DVTCodeSigningInformation_Path: 0xb01224180; isSigned='1', isAdHocSigned='0', signingCertificate='<DVTSigningCertificate: 0xb0493a040; name='Apple Development: Jonathan Herbsman (5NJ6Y2795G)', hash='5DCF0153A0F893FED9E836F2855224DEC827B8E3', serialNumber='2C48BB8E985262177D7F310C976D1FFC', certificateKinds='(
    "1.2.840.113635.100.6.1.12",
    "1.2.840.113635.100.6.1.2"
), issueDate='2025-11-25 13:31:44 +0000''>', entitlements='(null)', teamID='5P7MCR7S32', identifier='org.cocoapods.FirebaseInstallations', executablePath='<DVTFilePath:0xb04680a80:'/Users/arbaz/Library/Developer/Xcode/Archives/2026-05-26/Any 26-05-26, 3.18 PM.xcarchive/Products/Applications/Any.app/Frameworks/FirebaseInstallations.framework/FirebaseInstallations'>', hardenedRuntime='0'>'> are: {
}
2026-05-26 09:48:37 +0000  Writing entitlements for <IDEDistributionItem: 0xb01224420; bundleID='org.cocoapods.FirebaseInstallations', path='<DVTFilePath:0xb04680af0:'/Users/arbaz/Library/Developer/Xcode/Archives/2026-05-26/Any 26-05-26, 3.18 PM.xcarchive/Products/Applications/Any.app/Frameworks/FirebaseInstallations.framework'>', codeSigningInfo='<_DVTCodeSigningInformation_Path: 0xb01224180; isSigned='1', isAdHocSigned='0', signingCertificate='<DVTSigningCertificate: 0xb0493a040; name='Apple Development: Jonathan Herbsman (5NJ6Y2795G)', hash='5DCF0153A0F893FED9E836F2855224DEC827B8E3', serialNumber='2C48BB8E985262177D7F310C976D1FFC', certificateKinds='(
    "1.2.840.113635.100.6.1.12",
    "1.2.840.113635.100.6.1.2"
), issueDate='2025-11-25 13:31:44 +0000''>', entitlements='(null)', teamID='5P7MCR7S32', identifier='org.cocoapods.FirebaseInstallations', executablePath='<DVTFilePath:0xb04680a80:'/Users/arbaz/Library/Developer/Xcode/Archives/2026-05-26/Any 26-05-26, 3.18 PM.xcarchive/Products/Applications/Any.app/Frameworks/FirebaseInstallations.framework/FirebaseInstallations'>', hardenedRuntime='0'>'> to: /var/folders/_m/2_1gbk9x14588s8nzfrq87sc0000gn/T/XcodeDistPipeline.~~~gOKcrU/entitlements~~~4eDwIB
2026-05-26 09:48:37 +0000  invoking codesign: <NSConcreteTask: 0xb16c16530; launchPath='/usr/bin/codesign', arguments='(
    "-f",
    "-s",
    5DCF0153A0F893FED9E836F2855224DEC827B8E3,
    "--entitlements",
    "/var/folders/_m/2_1gbk9x14588s8nzfrq87sc0000gn/T/XcodeDistPipeline.~~~gOKcrU/entitlements~~~4eDwIB",
    "--preserve-metadata=identifier,flags,runtime,launch-constraints,library-constraints",
    "--generate-entitlement-der",
    "--strip-disallowed-xattrs",
    "-vvv",
    "/var/folders/_m/2_1gbk9x14588s8nzfrq87sc0000gn/T/XcodeDistPipeline.~~~gOKcrU/Root/Payload/Any.app/Frameworks/FirebaseInstallations.framework"
)'>
2026-05-26 09:48:37 +0000  codesign output: /var/folders/_m/2_1gbk9x14588s8nzfrq87sc0000gn/T/XcodeDistPipeline.~~~gOKcrU/Root/Payload/Any.app/Frameworks/FirebaseInstallations.framework: replacing existing signature
/var/folders/_m/2_1gbk9x14588s8nzfrq87sc0000gn/T/XcodeDistPipeline.~~~gOKcrU/Root/Payload/Any.app/Frameworks/FirebaseInstallations.framework: signed bundle with Mach-O thin (arm64) [org.cocoapods.FirebaseInstallations]
2026-05-26 09:48:37 +0000  Entitlements for <IDEDistributionItem: 0xb01224b40; bundleID='org.cocoapods.FirebaseMessaging', path='<DVTFilePath:0xb046809a0:'/Users/arbaz/Library/Developer/Xcode/Archives/2026-05-26/Any 26-05-26, 3.18 PM.xcarchive/Products/Applications/Any.app/Frameworks/FirebaseMessaging.framework'>', codeSigningInfo='<_DVTCodeSigningInformation_Path: 0xb012243c0; isSigned='1', isAdHocSigned='0', signingCertificate='<DVTSigningCertificate: 0xb0493ac40; name='Apple Development: Jonathan Herbsman (5NJ6Y2795G)', hash='5DCF0153A0F893FED9E836F2855224DEC827B8E3', serialNumber='2C48BB8E985262177D7F310C976D1FFC', certificateKinds='(
    "1.2.840.113635.100.6.1.12",
    "1.2.840.113635.100.6.1.2"
), issueDate='2025-11-25 13:31:44 +0000''>', entitlements='(null)', teamID='5P7MCR7S32', identifier='org.cocoapods.FirebaseMessaging', executablePath='<DVTFilePath:0xb04680930:'/Users/arbaz/Library/Developer/Xcode/Archives/2026-05-26/Any 26-05-26, 3.18 PM.xcarchive/Products/Applications/Any.app/Frameworks/FirebaseMessaging.framework/FirebaseMessaging'>', hardenedRuntime='0'>'>: {
}
2026-05-26 09:48:37 +0000  Associated App Clip Identifiers Filter: Skipping because "com.apple.developer.associated-appclip-app-identifiers" is not present
2026-05-26 09:48:37 +0000  Entitlements for <IDEDistributionItem: 0xb01224b40; bundleID='org.cocoapods.FirebaseMessaging', path='<DVTFilePath:0xb046809a0:'/Users/arbaz/Library/Developer/Xcode/Archives/2026-05-26/Any 26-05-26, 3.18 PM.xcarchive/Products/Applications/Any.app/Frameworks/FirebaseMessaging.framework'>', codeSigningInfo='<_DVTCodeSigningInformation_Path: 0xb012243c0; isSigned='1', isAdHocSigned='0', signingCertificate='<DVTSigningCertificate: 0xb0493a040; name='Apple Development: Jonathan Herbsman (5NJ6Y2795G)', hash='5DCF0153A0F893FED9E836F2855224DEC827B8E3', serialNumber='2C48BB8E985262177D7F310C976D1FFC', certificateKinds='(
    "1.2.840.113635.100.6.1.12",
    "1.2.840.113635.100.6.1.2"
), issueDate='2025-11-25 13:31:44 +0000''>', entitlements='(null)', teamID='5P7MCR7S32', identifier='org.cocoapods.FirebaseMessaging', executablePath='<DVTFilePath:0xb04680930:'/Users/arbaz/Library/Developer/Xcode/Archives/2026-05-26/Any 26-05-26, 3.18 PM.xcarchive/Products/Applications/Any.app/Frameworks/FirebaseMessaging.framework/FirebaseMessaging'>', hardenedRuntime='0'>'> are: {
}
2026-05-26 09:48:37 +0000  Writing entitlements for <IDEDistributionItem: 0xb01224b40; bundleID='org.cocoapods.FirebaseMessaging', path='<DVTFilePath:0xb046809a0:'/Users/arbaz/Library/Developer/Xcode/Archives/2026-05-26/Any 26-05-26, 3.18 PM.xcarchive/Products/Applications/Any.app/Frameworks/FirebaseMessaging.framework'>', codeSigningInfo='<_DVTCodeSigningInformation_Path: 0xb012243c0; isSigned='1', isAdHocSigned='0', signingCertificate='<DVTSigningCertificate: 0xb0493a040; name='Apple Development: Jonathan Herbsman (5NJ6Y2795G)', hash='5DCF0153A0F893FED9E836F2855224DEC827B8E3', serialNumber='2C48BB8E985262177D7F310C976D1FFC', certificateKinds='(
    "1.2.840.113635.100.6.1.12",
    "1.2.840.113635.100.6.1.2"
), issueDate='2025-11-25 13:31:44 +0000''>', entitlements='(null)', teamID='5P7MCR7S32', identifier='org.cocoapods.FirebaseMessaging', executablePath='<DVTFilePath:0xb04680930:'/Users/arbaz/Library/Developer/Xcode/Archives/2026-05-26/Any 26-05-26, 3.18 PM.xcarchive/Products/Applications/Any.app/Frameworks/FirebaseMessaging.framework/FirebaseMessaging'>', hardenedRuntime='0'>'> to: /var/folders/_m/2_1gbk9x14588s8nzfrq87sc0000gn/T/XcodeDistPipeline.~~~gOKcrU/entitlements~~~8Hzb1p
2026-05-26 09:48:37 +0000  invoking codesign: <NSConcreteTask: 0xb16c16530; launchPath='/usr/bin/codesign', arguments='(
    "-f",
    "-s",
    5DCF0153A0F893FED9E836F2855224DEC827B8E3,
    "--entitlements",
    "/var/folders/_m/2_1gbk9x14588s8nzfrq87sc0000gn/T/XcodeDistPipeline.~~~gOKcrU/entitlements~~~8Hzb1p",
    "--preserve-metadata=identifier,flags,runtime,launch-constraints,library-constraints",
    "--generate-entitlement-der",
    "--strip-disallowed-xattrs",
    "-vvv",
    "/var/folders/_m/2_1gbk9x14588s8nzfrq87sc0000gn/T/XcodeDistPipeline.~~~gOKcrU/Root/Payload/Any.app/Frameworks/FirebaseMessaging.framework"
)'>
2026-05-26 09:48:37 +0000  codesign output: /var/folders/_m/2_1gbk9x14588s8nzfrq87sc0000gn/T/XcodeDistPipeline.~~~gOKcrU/Root/Payload/Any.app/Frameworks/FirebaseMessaging.framework: replacing existing signature
/var/folders/_m/2_1gbk9x14588s8nzfrq87sc0000gn/T/XcodeDistPipeline.~~~gOKcrU/Root/Payload/Any.app/Frameworks/FirebaseMessaging.framework: signed bundle with Mach-O thin (arm64) [org.cocoapods.FirebaseMessaging]
2026-05-26 09:48:37 +0000  Entitlements for <IDEDistributionItem: 0xb01225800; bundleID='org.cocoapods.GoogleDataTransport', path='<DVTFilePath:0xb04680850:'/Users/arbaz/Library/Developer/Xcode/Archives/2026-05-26/Any 26-05-26, 3.18 PM.xcarchive/Products/Applications/Any.app/Frameworks/GoogleDataTransport.framework'>', codeSigningInfo='<_DVTCodeSigningInformation_Path: 0xb012257a0; isSigned='1', isAdHocSigned='0', signingCertificate='<DVTSigningCertificate: 0xb0493ac40; name='Apple Development: Jonathan Herbsman (5NJ6Y2795G)', hash='5DCF0153A0F893FED9E836F2855224DEC827B8E3', serialNumber='2C48BB8E985262177D7F310C976D1FFC', certificateKinds='(
    "1.2.840.113635.100.6.1.12",
    "1.2.840.113635.100.6.1.2"
), issueDate='2025-11-25 13:31:44 +0000''>', entitlements='(null)', teamID='5P7MCR7S32', identifier='org.cocoapods.GoogleDataTransport', executablePath='<DVTFilePath:0xb046807e0:'/Users/arbaz/Library/Developer/Xcode/Archives/2026-05-26/Any 26-05-26, 3.18 PM.xcarchive/Products/Applications/Any.app/Frameworks/GoogleDataTransport.framework/GoogleDataTransport'>', hardenedRuntime='0'>'>: {
}
2026-05-26 09:48:37 +0000  Associated App Clip Identifiers Filter: Skipping because "com.apple.developer.associated-appclip-app-identifiers" is not present
2026-05-26 09:48:37 +0000  Entitlements for <IDEDistributionItem: 0xb01225800; bundleID='org.cocoapods.GoogleDataTransport', path='<DVTFilePath:0xb04680850:'/Users/arbaz/Library/Developer/Xcode/Archives/2026-05-26/Any 26-05-26, 3.18 PM.xcarchive/Products/Applications/Any.app/Frameworks/GoogleDataTransport.framework'>', codeSigningInfo='<_DVTCodeSigningInformation_Path: 0xb012257a0; isSigned='1', isAdHocSigned='0', signingCertificate='<DVTSigningCertificate: 0xb0493a040; name='Apple Development: Jonathan Herbsman (5NJ6Y2795G)', hash='5DCF0153A0F893FED9E836F2855224DEC827B8E3', serialNumber='2C48BB8E985262177D7F310C976D1FFC', certificateKinds='(
    "1.2.840.113635.100.6.1.12",
    "1.2.840.113635.100.6.1.2"
), issueDate='2025-11-25 13:31:44 +0000''>', entitlements='(null)', teamID='5P7MCR7S32', identifier='org.cocoapods.GoogleDataTransport', executablePath='<DVTFilePath:0xb046807e0:'/Users/arbaz/Library/Developer/Xcode/Archives/2026-05-26/Any 26-05-26, 3.18 PM.xcarchive/Products/Applications/Any.app/Frameworks/GoogleDataTransport.framework/GoogleDataTransport'>', hardenedRuntime='0'>'> are: {
}
2026-05-26 09:48:37 +0000  Writing entitlements for <IDEDistributionItem: 0xb01225800; bundleID='org.cocoapods.GoogleDataTransport', path='<DVTFilePath:0xb04680850:'/Users/arbaz/Library/Developer/Xcode/Archives/2026-05-26/Any 26-05-26, 3.18 PM.xcarchive/Products/Applications/Any.app/Frameworks/GoogleDataTransport.framework'>', codeSigningInfo='<_DVTCodeSigningInformation_Path: 0xb012257a0; isSigned='1', isAdHocSigned='0', signingCertificate='<DVTSigningCertificate: 0xb0493a040; name='Apple Development: Jonathan Herbsman (5NJ6Y2795G)', hash='5DCF0153A0F893FED9E836F2855224DEC827B8E3', serialNumber='2C48BB8E985262177D7F310C976D1FFC', certificateKinds='(
    "1.2.840.113635.100.6.1.12",
    "1.2.840.113635.100.6.1.2"
), issueDate='2025-11-25 13:31:44 +0000''>', entitlements='(null)', teamID='5P7MCR7S32', identifier='org.cocoapods.GoogleDataTransport', executablePath='<DVTFilePath:0xb046807e0:'/Users/arbaz/Library/Developer/Xcode/Archives/2026-05-26/Any 26-05-26, 3.18 PM.xcarchive/Products/Applications/Any.app/Frameworks/GoogleDataTransport.framework/GoogleDataTransport'>', hardenedRuntime='0'>'> to: /var/folders/_m/2_1gbk9x14588s8nzfrq87sc0000gn/T/XcodeDistPipeline.~~~gOKcrU/entitlements~~~wMGRic
2026-05-26 09:48:37 +0000  invoking codesign: <NSConcreteTask: 0xb16c16530; launchPath='/usr/bin/codesign', arguments='(
    "-f",
    "-s",
    5DCF0153A0F893FED9E836F2855224DEC827B8E3,
    "--entitlements",
    "/var/folders/_m/2_1gbk9x14588s8nzfrq87sc0000gn/T/XcodeDistPipeline.~~~gOKcrU/entitlements~~~wMGRic",
    "--preserve-metadata=identifier,flags,runtime,launch-constraints,library-constraints",
    "--generate-entitlement-der",
    "--strip-disallowed-xattrs",
    "-vvv",
    "/var/folders/_m/2_1gbk9x14588s8nzfrq87sc0000gn/T/XcodeDistPipeline.~~~gOKcrU/Root/Payload/Any.app/Frameworks/GoogleDataTransport.framework"
)'>
2026-05-26 09:48:37 +0000  codesign output: /var/folders/_m/2_1gbk9x14588s8nzfrq87sc0000gn/T/XcodeDistPipeline.~~~gOKcrU/Root/Payload/Any.app/Frameworks/GoogleDataTransport.framework: replacing existing signature
/var/folders/_m/2_1gbk9x14588s8nzfrq87sc0000gn/T/XcodeDistPipeline.~~~gOKcrU/Root/Payload/Any.app/Frameworks/GoogleDataTransport.framework: signed bundle with Mach-O thin (arm64) [org.cocoapods.GoogleDataTransport]
2026-05-26 09:48:37 +0000  Entitlements for <IDEDistributionItem: 0xb01225500; bundleID='org.cocoapods.GoogleUtilities', path='<DVTFilePath:0xb04680700:'/Users/arbaz/Library/Developer/Xcode/Archives/2026-05-26/Any 26-05-26, 3.18 PM.xcarchive/Products/Applications/Any.app/Frameworks/GoogleUtilities.framework'>', codeSigningInfo='<_DVTCodeSigningInformation_Path: 0xb012250e0; isSigned='1', isAdHocSigned='0', signingCertificate='<DVTSigningCertificate: 0xb0493ac40; name='Apple Development: Jonathan Herbsman (5NJ6Y2795G)', hash='5DCF0153A0F893FED9E836F2855224DEC827B8E3', serialNumber='2C48BB8E985262177D7F310C976D1FFC', certificateKinds='(
    "1.2.840.113635.100.6.1.12",
    "1.2.840.113635.100.6.1.2"
), issueDate='2025-11-25 13:31:44 +0000''>', entitlements='(null)', teamID='5P7MCR7S32', identifier='org.cocoapods.GoogleUtilities', executablePath='<DVTFilePath:0xb01869320:'/Users/arbaz/Library/Developer/Xcode/Archives/2026-05-26/Any 26-05-26, 3.18 PM.xcarchive/Products/Applications/Any.app/Frameworks/GoogleUtilities.framework/GoogleUtilities'>', hardenedRuntime='0'>'>: {
}
2026-05-26 09:48:37 +0000  Associated App Clip Identifiers Filter: Skipping because "com.apple.developer.associated-appclip-app-identifiers" is not present
2026-05-26 09:48:37 +0000  Entitlements for <IDEDistributionItem: 0xb01225500; bundleID='org.cocoapods.GoogleUtilities', path='<DVTFilePath:0xb04680700:'/Users/arbaz/Library/Developer/Xcode/Archives/2026-05-26/Any 26-05-26, 3.18 PM.xcarchive/Products/Applications/Any.app/Frameworks/GoogleUtilities.framework'>', codeSigningInfo='<_DVTCodeSigningInformation_Path: 0xb012250e0; isSigned='1', isAdHocSigned='0', signingCertificate='<DVTSigningCertificate: 0xb0493a040; name='Apple Development: Jonathan Herbsman (5NJ6Y2795G)', hash='5DCF0153A0F893FED9E836F2855224DEC827B8E3', serialNumber='2C48BB8E985262177D7F310C976D1FFC', certificateKinds='(
    "1.2.840.113635.100.6.1.12",
    "1.2.840.113635.100.6.1.2"
), issueDate='2025-11-25 13:31:44 +0000''>', entitlements='(null)', teamID='5P7MCR7S32', identifier='org.cocoapods.GoogleUtilities', executablePath='<DVTFilePath:0xb01869320:'/Users/arbaz/Library/Developer/Xcode/Archives/2026-05-26/Any 26-05-26, 3.18 PM.xcarchive/Products/Applications/Any.app/Frameworks/GoogleUtilities.framework/GoogleUtilities'>', hardenedRuntime='0'>'> are: {
}
2026-05-26 09:48:37 +0000  Writing entitlements for <IDEDistributionItem: 0xb01225500; bundleID='org.cocoapods.GoogleUtilities', path='<DVTFilePath:0xb04680700:'/Users/arbaz/Library/Developer/Xcode/Archives/2026-05-26/Any 26-05-26, 3.18 PM.xcarchive/Products/Applications/Any.app/Frameworks/GoogleUtilities.framework'>', codeSigningInfo='<_DVTCodeSigningInformation_Path: 0xb012250e0; isSigned='1', isAdHocSigned='0', signingCertificate='<DVTSigningCertificate: 0xb0493a040; name='Apple Development: Jonathan Herbsman (5NJ6Y2795G)', hash='5DCF0153A0F893FED9E836F2855224DEC827B8E3', serialNumber='2C48BB8E985262177D7F310C976D1FFC', certificateKinds='(
    "1.2.840.113635.100.6.1.12",
    "1.2.840.113635.100.6.1.2"
), issueDate='2025-11-25 13:31:44 +0000''>', entitlements='(null)', teamID='5P7MCR7S32', identifier='org.cocoapods.GoogleUtilities', executablePath='<DVTFilePath:0xb01869320:'/Users/arbaz/Library/Developer/Xcode/Archives/2026-05-26/Any 26-05-26, 3.18 PM.xcarchive/Products/Applications/Any.app/Frameworks/GoogleUtilities.framework/GoogleUtilities'>', hardenedRuntime='0'>'> to: /var/folders/_m/2_1gbk9x14588s8nzfrq87sc0000gn/T/XcodeDistPipeline.~~~gOKcrU/entitlements~~~jJ9wU0
2026-05-26 09:48:37 +0000  invoking codesign: <NSConcreteTask: 0xb16c16530; launchPath='/usr/bin/codesign', arguments='(
    "-f",
    "-s",
    5DCF0153A0F893FED9E836F2855224DEC827B8E3,
    "--entitlements",
    "/var/folders/_m/2_1gbk9x14588s8nzfrq87sc0000gn/T/XcodeDistPipeline.~~~gOKcrU/entitlements~~~jJ9wU0",
    "--preserve-metadata=identifier,flags,runtime,launch-constraints,library-constraints",
    "--generate-entitlement-der",
    "--strip-disallowed-xattrs",
    "-vvv",
    "/var/folders/_m/2_1gbk9x14588s8nzfrq87sc0000gn/T/XcodeDistPipeline.~~~gOKcrU/Root/Payload/Any.app/Frameworks/GoogleUtilities.framework"
)'>
2026-05-26 09:48:38 +0000  codesign output: /var/folders/_m/2_1gbk9x14588s8nzfrq87sc0000gn/T/XcodeDistPipeline.~~~gOKcrU/Root/Payload/Any.app/Frameworks/GoogleUtilities.framework: replacing existing signature
/var/folders/_m/2_1gbk9x14588s8nzfrq87sc0000gn/T/XcodeDistPipeline.~~~gOKcrU/Root/Payload/Any.app/Frameworks/GoogleUtilities.framework: signed bundle with Mach-O thin (arm64) [org.cocoapods.GoogleUtilities]
2026-05-26 09:48:38 +0000  Entitlements for <IDEDistributionItem: 0xb01225320; bundleID='org.cocoapods.IQKeyboardManagerSwift', path='<DVTFilePath:0xb0542a500:'/Users/arbaz/Library/Developer/Xcode/Archives/2026-05-26/Any 26-05-26, 3.18 PM.xcarchive/Products/Applications/Any.app/Frameworks/IQKeyboardManagerSwift.framework'>', codeSigningInfo='<_DVTCodeSigningInformation_Path: 0xb012252c0; isSigned='1', isAdHocSigned='0', signingCertificate='<DVTSigningCertificate: 0xb0493ac40; name='Apple Development: Jonathan Herbsman (5NJ6Y2795G)', hash='5DCF0153A0F893FED9E836F2855224DEC827B8E3', serialNumber='2C48BB8E985262177D7F310C976D1FFC', certificateKinds='(
    "1.2.840.113635.100.6.1.12",
    "1.2.840.113635.100.6.1.2"
), issueDate='2025-11-25 13:31:44 +0000''>', entitlements='(null)', teamID='5P7MCR7S32', identifier='org.cocoapods.IQKeyboardManagerSwift', executablePath='<DVTFilePath:0xb04682610:'/Users/arbaz/Library/Developer/Xcode/Archives/2026-05-26/Any 26-05-26, 3.18 PM.xcarchive/Products/Applications/Any.app/Frameworks/IQKeyboardManagerSwift.framework/IQKeyboardManagerSwift'>', hardenedRuntime='0'>'>: {
}
2026-05-26 09:48:38 +0000  Associated App Clip Identifiers Filter: Skipping because "com.apple.developer.associated-appclip-app-identifiers" is not present
2026-05-26 09:48:38 +0000  Entitlements for <IDEDistributionItem: 0xb01225320; bundleID='org.cocoapods.IQKeyboardManagerSwift', path='<DVTFilePath:0xb0542a500:'/Users/arbaz/Library/Developer/Xcode/Archives/2026-05-26/Any 26-05-26, 3.18 PM.xcarchive/Products/Applications/Any.app/Frameworks/IQKeyboardManagerSwift.framework'>', codeSigningInfo='<_DVTCodeSigningInformation_Path: 0xb012252c0; isSigned='1', isAdHocSigned='0', signingCertificate='<DVTSigningCertificate: 0xb0493a040; name='Apple Development: Jonathan Herbsman (5NJ6Y2795G)', hash='5DCF0153A0F893FED9E836F2855224DEC827B8E3', serialNumber='2C48BB8E985262177D7F310C976D1FFC', certificateKinds='(
    "1.2.840.113635.100.6.1.12",
    "1.2.840.113635.100.6.1.2"
), issueDate='2025-11-25 13:31:44 +0000''>', entitlements='(null)', teamID='5P7MCR7S32', identifier='org.cocoapods.IQKeyboardManagerSwift', executablePath='<DVTFilePath:0xb04682610:'/Users/arbaz/Library/Developer/Xcode/Archives/2026-05-26/Any 26-05-26, 3.18 PM.xcarchive/Products/Applications/Any.app/Frameworks/IQKeyboardManagerSwift.framework/IQKeyboardManagerSwift'>', hardenedRuntime='0'>'> are: {
}
2026-05-26 09:48:38 +0000  Writing entitlements for <IDEDistributionItem: 0xb01225320; bundleID='org.cocoapods.IQKeyboardManagerSwift', path='<DVTFilePath:0xb0542a500:'/Users/arbaz/Library/Developer/Xcode/Archives/2026-05-26/Any 26-05-26, 3.18 PM.xcarchive/Products/Applications/Any.app/Frameworks/IQKeyboardManagerSwift.framework'>', codeSigningInfo='<_DVTCodeSigningInformation_Path: 0xb012252c0; isSigned='1', isAdHocSigned='0', signingCertificate='<DVTSigningCertificate: 0xb0493a040; name='Apple Development: Jonathan Herbsman (5NJ6Y2795G)', hash='5DCF0153A0F893FED9E836F2855224DEC827B8E3', serialNumber='2C48BB8E985262177D7F310C976D1FFC', certificateKinds='(
    "1.2.840.113635.100.6.1.12",
    "1.2.840.113635.100.6.1.2"
), issueDate='2025-11-25 13:31:44 +0000''>', entitlements='(null)', teamID='5P7MCR7S32', identifier='org.cocoapods.IQKeyboardManagerSwift', executablePath='<DVTFilePath:0xb04682610:'/Users/arbaz/Library/Developer/Xcode/Archives/2026-05-26/Any 26-05-26, 3.18 PM.xcarchive/Products/Applications/Any.app/Frameworks/IQKeyboardManagerSwift.framework/IQKeyboardManagerSwift'>', hardenedRuntime='0'>'> to: /var/folders/_m/2_1gbk9x14588s8nzfrq87sc0000gn/T/XcodeDistPipeline.~~~gOKcrU/entitlements~~~zPDYr3
2026-05-26 09:48:38 +0000  invoking codesign: <NSConcreteTask: 0xb16c16530; launchPath='/usr/bin/codesign', arguments='(
    "-f",
    "-s",
    5DCF0153A0F893FED9E836F2855224DEC827B8E3,
    "--entitlements",
    "/var/folders/_m/2_1gbk9x14588s8nzfrq87sc0000gn/T/XcodeDistPipeline.~~~gOKcrU/entitlements~~~zPDYr3",
    "--preserve-metadata=identifier,flags,runtime,launch-constraints,library-constraints",
    "--generate-entitlement-der",
    "--strip-disallowed-xattrs",
    "-vvv",
    "/var/folders/_m/2_1gbk9x14588s8nzfrq87sc0000gn/T/XcodeDistPipeline.~~~gOKcrU/Root/Payload/Any.app/Frameworks/IQKeyboardManagerSwift.framework"
)'>
2026-05-26 09:48:38 +0000  codesign output: /var/folders/_m/2_1gbk9x14588s8nzfrq87sc0000gn/T/XcodeDistPipeline.~~~gOKcrU/Root/Payload/Any.app/Frameworks/IQKeyboardManagerSwift.framework: replacing existing signature
/var/folders/_m/2_1gbk9x14588s8nzfrq87sc0000gn/T/XcodeDistPipeline.~~~gOKcrU/Root/Payload/Any.app/Frameworks/IQKeyboardManagerSwift.framework: signed bundle with Mach-O thin (arm64) [org.cocoapods.IQKeyboardManagerSwift]
2026-05-26 09:48:38 +0000  Entitlements for <IDEDistributionItem: 0xb01225740; bundleID='org.cocoapods.InputMask', path='<DVTFilePath:0xb046805b0:'/Users/arbaz/Library/Developer/Xcode/Archives/2026-05-26/Any 26-05-26, 3.18 PM.xcarchive/Products/Applications/Any.app/Frameworks/InputMask.framework'>', codeSigningInfo='<_DVTCodeSigningInformation_Path: 0xb012256e0; isSigned='1', isAdHocSigned='0', signingCertificate='<DVTSigningCertificate: 0xb0493ac40; name='Apple Development: Jonathan Herbsman (5NJ6Y2795G)', hash='5DCF0153A0F893FED9E836F2855224DEC827B8E3', serialNumber='2C48BB8E985262177D7F310C976D1FFC', certificateKinds='(
    "1.2.840.113635.100.6.1.12",
    "1.2.840.113635.100.6.1.2"
), issueDate='2025-11-25 13:31:44 +0000''>', entitlements='(null)', teamID='5P7MCR7S32', identifier='org.cocoapods.InputMask', executablePath='<DVTFilePath:0xb018698c0:'/Users/arbaz/Library/Developer/Xcode/Archives/2026-05-26/Any 26-05-26, 3.18 PM.xcarchive/Products/Applications/Any.app/Frameworks/InputMask.framework/InputMask'>', hardenedRuntime='0'>'>: {
}
2026-05-26 09:48:38 +0000  Associated App Clip Identifiers Filter: Skipping because "com.apple.developer.associated-appclip-app-identifiers" is not present
2026-05-26 09:48:38 +0000  Entitlements for <IDEDistributionItem: 0xb01225740; bundleID='org.cocoapods.InputMask', path='<DVTFilePath:0xb046805b0:'/Users/arbaz/Library/Developer/Xcode/Archives/2026-05-26/Any 26-05-26, 3.18 PM.xcarchive/Products/Applications/Any.app/Frameworks/InputMask.framework'>', codeSigningInfo='<_DVTCodeSigningInformation_Path: 0xb012256e0; isSigned='1', isAdHocSigned='0', signingCertificate='<DVTSigningCertificate: 0xb0493a040; name='Apple Development: Jonathan Herbsman (5NJ6Y2795G)', hash='5DCF0153A0F893FED9E836F2855224DEC827B8E3', serialNumber='2C48BB8E985262177D7F310C976D1FFC', certificateKinds='(
    "1.2.840.113635.100.6.1.12",
    "1.2.840.113635.100.6.1.2"
), issueDate='2025-11-25 13:31:44 +0000''>', entitlements='(null)', teamID='5P7MCR7S32', identifier='org.cocoapods.InputMask', executablePath='<DVTFilePath:0xb018698c0:'/Users/arbaz/Library/Developer/Xcode/Archives/2026-05-26/Any 26-05-26, 3.18 PM.xcarchive/Products/Applications/Any.app/Frameworks/InputMask.framework/InputMask'>', hardenedRuntime='0'>'> are: {
}
2026-05-26 09:48:38 +0000  Writing entitlements for <IDEDistributionItem: 0xb01225740; bundleID='org.cocoapods.InputMask', path='<DVTFilePath:0xb046805b0:'/Users/arbaz/Library/Developer/Xcode/Archives/2026-05-26/Any 26-05-26, 3.18 PM.xcarchive/Products/Applications/Any.app/Frameworks/InputMask.framework'>', codeSigningInfo='<_DVTCodeSigningInformation_Path: 0xb012256e0; isSigned='1', isAdHocSigned='0', signingCertificate='<DVTSigningCertificate: 0xb0493a040; name='Apple Development: Jonathan Herbsman (5NJ6Y2795G)', hash='5DCF0153A0F893FED9E836F2855224DEC827B8E3', serialNumber='2C48BB8E985262177D7F310C976D1FFC', certificateKinds='(
    "1.2.840.113635.100.6.1.12",
    "1.2.840.113635.100.6.1.2"
), issueDate='2025-11-25 13:31:44 +0000''>', entitlements='(null)', teamID='5P7MCR7S32', identifier='org.cocoapods.InputMask', executablePath='<DVTFilePath:0xb018698c0:'/Users/arbaz/Library/Developer/Xcode/Archives/2026-05-26/Any 26-05-26, 3.18 PM.xcarchive/Products/Applications/Any.app/Frameworks/InputMask.framework/InputMask'>', hardenedRuntime='0'>'> to: /var/folders/_m/2_1gbk9x14588s8nzfrq87sc0000gn/T/XcodeDistPipeline.~~~gOKcrU/entitlements~~~EYMSvd
2026-05-26 09:48:38 +0000  invoking codesign: <NSConcreteTask: 0xb16c16530; launchPath='/usr/bin/codesign', arguments='(
    "-f",
    "-s",
    5DCF0153A0F893FED9E836F2855224DEC827B8E3,
    "--entitlements",
    "/var/folders/_m/2_1gbk9x14588s8nzfrq87sc0000gn/T/XcodeDistPipeline.~~~gOKcrU/entitlements~~~EYMSvd",
    "--preserve-metadata=identifier,flags,runtime,launch-constraints,library-constraints",
    "--generate-entitlement-der",
    "--strip-disallowed-xattrs",
    "-vvv",
    "/var/folders/_m/2_1gbk9x14588s8nzfrq87sc0000gn/T/XcodeDistPipeline.~~~gOKcrU/Root/Payload/Any.app/Frameworks/InputMask.framework"
)'>
2026-05-26 09:48:38 +0000  codesign output: /var/folders/_m/2_1gbk9x14588s8nzfrq87sc0000gn/T/XcodeDistPipeline.~~~gOKcrU/Root/Payload/Any.app/Frameworks/InputMask.framework: replacing existing signature
/var/folders/_m/2_1gbk9x14588s8nzfrq87sc0000gn/T/XcodeDistPipeline.~~~gOKcrU/Root/Payload/Any.app/Frameworks/InputMask.framework: signed bundle with Mach-O thin (arm64) [org.cocoapods.InputMask]
2026-05-26 09:48:38 +0000  Entitlements for <IDEDistributionItem: 0xb01224540; bundleID='org.cocoapods.OTPFieldView', path='<DVTFilePath:0xb04682370:'/Users/arbaz/Library/Developer/Xcode/Archives/2026-05-26/Any 26-05-26, 3.18 PM.xcarchive/Products/Applications/Any.app/Frameworks/OTPFieldView.framework'>', codeSigningInfo='<_DVTCodeSigningInformation_Path: 0xb012244e0; isSigned='1', isAdHocSigned='0', signingCertificate='<DVTSigningCertificate: 0xb0493ac40; name='Apple Development: Jonathan Herbsman (5NJ6Y2795G)', hash='5DCF0153A0F893FED9E836F2855224DEC827B8E3', serialNumber='2C48BB8E985262177D7F310C976D1FFC', certificateKinds='(
    "1.2.840.113635.100.6.1.12",
    "1.2.840.113635.100.6.1.2"
), issueDate='2025-11-25 13:31:44 +0000''>', entitlements='(null)', teamID='5P7MCR7S32', identifier='org.cocoapods.OTPFieldView', executablePath='<DVTFilePath:0xb0186aac0:'/Users/arbaz/Library/Developer/Xcode/Archives/2026-05-26/Any 26-05-26, 3.18 PM.xcarchive/Products/Applications/Any.app/Frameworks/OTPFieldView.framework/OTPFieldView'>', hardenedRuntime='0'>'>: {
}
2026-05-26 09:48:38 +0000  Associated App Clip Identifiers Filter: Skipping because "com.apple.developer.associated-appclip-app-identifiers" is not present
2026-05-26 09:48:38 +0000  Entitlements for <IDEDistributionItem: 0xb01224540; bundleID='org.cocoapods.OTPFieldView', path='<DVTFilePath:0xb04682370:'/Users/arbaz/Library/Developer/Xcode/Archives/2026-05-26/Any 26-05-26, 3.18 PM.xcarchive/Products/Applications/Any.app/Frameworks/OTPFieldView.framework'>', codeSigningInfo='<_DVTCodeSigningInformation_Path: 0xb012244e0; isSigned='1', isAdHocSigned='0', signingCertificate='<DVTSigningCertificate: 0xb0493a040; name='Apple Development: Jonathan Herbsman (5NJ6Y2795G)', hash='5DCF0153A0F893FED9E836F2855224DEC827B8E3', serialNumber='2C48BB8E985262177D7F310C976D1FFC', certificateKinds='(
    "1.2.840.113635.100.6.1.12",
    "1.2.840.113635.100.6.1.2"
), issueDate='2025-11-25 13:31:44 +0000''>', entitlements='(null)', teamID='5P7MCR7S32', identifier='org.cocoapods.OTPFieldView', executablePath='<DVTFilePath:0xb0186aac0:'/Users/arbaz/Library/Developer/Xcode/Archives/2026-05-26/Any 26-05-26, 3.18 PM.xcarchive/Products/Applications/Any.app/Frameworks/OTPFieldView.framework/OTPFieldView'>', hardenedRuntime='0'>'> are: {
}
2026-05-26 09:48:38 +0000  Writing entitlements for <IDEDistributionItem: 0xb01224540; bundleID='org.cocoapods.OTPFieldView', path='<DVTFilePath:0xb04682370:'/Users/arbaz/Library/Developer/Xcode/Archives/2026-05-26/Any 26-05-26, 3.18 PM.xcarchive/Products/Applications/Any.app/Frameworks/OTPFieldView.framework'>', codeSigningInfo='<_DVTCodeSigningInformation_Path: 0xb012244e0; isSigned='1', isAdHocSigned='0', signingCertificate='<DVTSigningCertificate: 0xb0493a040; name='Apple Development: Jonathan Herbsman (5NJ6Y2795G)', hash='5DCF0153A0F893FED9E836F2855224DEC827B8E3', serialNumber='2C48BB8E985262177D7F310C976D1FFC', certificateKinds='(
    "1.2.840.113635.100.6.1.12",
    "1.2.840.113635.100.6.1.2"
), issueDate='2025-11-25 13:31:44 +0000''>', entitlements='(null)', teamID='5P7MCR7S32', identifier='org.cocoapods.OTPFieldView', executablePath='<DVTFilePath:0xb0186aac0:'/Users/arbaz/Library/Developer/Xcode/Archives/2026-05-26/Any 26-05-26, 3.18 PM.xcarchive/Products/Applications/Any.app/Frameworks/OTPFieldView.framework/OTPFieldView'>', hardenedRuntime='0'>'> to: /var/folders/_m/2_1gbk9x14588s8nzfrq87sc0000gn/T/XcodeDistPipeline.~~~gOKcrU/entitlements~~~NzD8P3
2026-05-26 09:48:38 +0000  invoking codesign: <NSConcreteTask: 0xb16c16530; launchPath='/usr/bin/codesign', arguments='(
    "-f",
    "-s",
    5DCF0153A0F893FED9E836F2855224DEC827B8E3,
    "--entitlements",
    "/var/folders/_m/2_1gbk9x14588s8nzfrq87sc0000gn/T/XcodeDistPipeline.~~~gOKcrU/entitlements~~~NzD8P3",
    "--preserve-metadata=identifier,flags,runtime,launch-constraints,library-constraints",
    "--generate-entitlement-der",
    "--strip-disallowed-xattrs",
    "-vvv",
    "/var/folders/_m/2_1gbk9x14588s8nzfrq87sc0000gn/T/XcodeDistPipeline.~~~gOKcrU/Root/Payload/Any.app/Frameworks/OTPFieldView.framework"
)'>
2026-05-26 09:48:38 +0000  codesign output: /var/folders/_m/2_1gbk9x14588s8nzfrq87sc0000gn/T/XcodeDistPipeline.~~~gOKcrU/Root/Payload/Any.app/Frameworks/OTPFieldView.framework: replacing existing signature
/var/folders/_m/2_1gbk9x14588s8nzfrq87sc0000gn/T/XcodeDistPipeline.~~~gOKcrU/Root/Payload/Any.app/Frameworks/OTPFieldView.framework: signed bundle with Mach-O thin (arm64) [org.cocoapods.OTPFieldView]
2026-05-26 09:48:38 +0000  Entitlements for <IDEDistributionItem: 0xb01224360; bundleID='org.cocoapods.RswiftResources', path='<DVTFilePath:0xb04682300:'/Users/arbaz/Library/Developer/Xcode/Archives/2026-05-26/Any 26-05-26, 3.18 PM.xcarchive/Products/Applications/Any.app/Frameworks/RswiftResources.framework'>', codeSigningInfo='<_DVTCodeSigningInformation_Path: 0xb012241e0; isSigned='1', isAdHocSigned='0', signingCertificate='<DVTSigningCertificate: 0xb0493ac40; name='Apple Development: Jonathan Herbsman (5NJ6Y2795G)', hash='5DCF0153A0F893FED9E836F2855224DEC827B8E3', serialNumber='2C48BB8E985262177D7F310C976D1FFC', certificateKinds='(
    "1.2.840.113635.100.6.1.12",
    "1.2.840.113635.100.6.1.2"
), issueDate='2025-11-25 13:31:44 +0000''>', entitlements='(null)', teamID='5P7MCR7S32', identifier='org.cocoapods.RswiftResources', executablePath='<DVTFilePath:0xb0186ae20:'/Users/arbaz/Library/Developer/Xcode/Archives/2026-05-26/Any 26-05-26, 3.18 PM.xcarchive/Products/Applications/Any.app/Frameworks/RswiftResources.framework/RswiftResources'>', hardenedRuntime='0'>'>: {
}
2026-05-26 09:48:38 +0000  Associated App Clip Identifiers Filter: Skipping because "com.apple.developer.associated-appclip-app-identifiers" is not present
2026-05-26 09:48:38 +0000  Entitlements for <IDEDistributionItem: 0xb01224360; bundleID='org.cocoapods.RswiftResources', path='<DVTFilePath:0xb04682300:'/Users/arbaz/Library/Developer/Xcode/Archives/2026-05-26/Any 26-05-26, 3.18 PM.xcarchive/Products/Applications/Any.app/Frameworks/RswiftResources.framework'>', codeSigningInfo='<_DVTCodeSigningInformation_Path: 0xb012241e0; isSigned='1', isAdHocSigned='0', signingCertificate='<DVTSigningCertificate: 0xb0493a040; name='Apple Development: Jonathan Herbsman (5NJ6Y2795G)', hash='5DCF0153A0F893FED9E836F2855224DEC827B8E3', serialNumber='2C48BB8E985262177D7F310C976D1FFC', certificateKinds='(
    "1.2.840.113635.100.6.1.12",
    "1.2.840.113635.100.6.1.2"
), issueDate='2025-11-25 13:31:44 +0000''>', entitlements='(null)', teamID='5P7MCR7S32', identifier='org.cocoapods.RswiftResources', executablePath='<DVTFilePath:0xb0186ae20:'/Users/arbaz/Library/Developer/Xcode/Archives/2026-05-26/Any 26-05-26, 3.18 PM.xcarchive/Products/Applications/Any.app/Frameworks/RswiftResources.framework/RswiftResources'>', hardenedRuntime='0'>'> are: {
}
2026-05-26 09:48:38 +0000  Writing entitlements for <IDEDistributionItem: 0xb01224360; bundleID='org.cocoapods.RswiftResources', path='<DVTFilePath:0xb04682300:'/Users/arbaz/Library/Developer/Xcode/Archives/2026-05-26/Any 26-05-26, 3.18 PM.xcarchive/Products/Applications/Any.app/Frameworks/RswiftResources.framework'>', codeSigningInfo='<_DVTCodeSigningInformation_Path: 0xb012241e0; isSigned='1', isAdHocSigned='0', signingCertificate='<DVTSigningCertificate: 0xb0493a040; name='Apple Development: Jonathan Herbsman (5NJ6Y2795G)', hash='5DCF0153A0F893FED9E836F2855224DEC827B8E3', serialNumber='2C48BB8E985262177D7F310C976D1FFC', certificateKinds='(
    "1.2.840.113635.100.6.1.12",
    "1.2.840.113635.100.6.1.2"
), issueDate='2025-11-25 13:31:44 +0000''>', entitlements='(null)', teamID='5P7MCR7S32', identifier='org.cocoapods.RswiftResources', executablePath='<DVTFilePath:0xb0186ae20:'/Users/arbaz/Library/Developer/Xcode/Archives/2026-05-26/Any 26-05-26, 3.18 PM.xcarchive/Products/Applications/Any.app/Frameworks/RswiftResources.framework/RswiftResources'>', hardenedRuntime='0'>'> to: /var/folders/_m/2_1gbk9x14588s8nzfrq87sc0000gn/T/XcodeDistPipeline.~~~gOKcrU/entitlements~~~mN319d
2026-05-26 09:48:38 +0000  invoking codesign: <NSConcreteTask: 0xb16c16530; launchPath='/usr/bin/codesign', arguments='(
    "-f",
    "-s",
    5DCF0153A0F893FED9E836F2855224DEC827B8E3,
    "--entitlements",
    "/var/folders/_m/2_1gbk9x14588s8nzfrq87sc0000gn/T/XcodeDistPipeline.~~~gOKcrU/entitlements~~~mN319d",
    "--preserve-metadata=identifier,flags,runtime,launch-constraints,library-constraints",
    "--generate-entitlement-der",
    "--strip-disallowed-xattrs",
    "-vvv",
    "/var/folders/_m/2_1gbk9x14588s8nzfrq87sc0000gn/T/XcodeDistPipeline.~~~gOKcrU/Root/Payload/Any.app/Frameworks/RswiftResources.framework"
)'>
2026-05-26 09:48:38 +0000  codesign output: /var/folders/_m/2_1gbk9x14588s8nzfrq87sc0000gn/T/XcodeDistPipeline.~~~gOKcrU/Root/Payload/Any.app/Frameworks/RswiftResources.framework: replacing existing signature
/var/folders/_m/2_1gbk9x14588s8nzfrq87sc0000gn/T/XcodeDistPipeline.~~~gOKcrU/Root/Payload/Any.app/Frameworks/RswiftResources.framework: signed bundle with Mach-O thin (arm64) [org.cocoapods.RswiftResources]
2026-05-26 09:48:38 +0000  Entitlements for <IDEDistributionItem: 0xb01225680; bundleID='org.cocoapods.SDWebImage', path='<DVTFilePath:0xb04682290:'/Users/arbaz/Library/Developer/Xcode/Archives/2026-05-26/Any 26-05-26, 3.18 PM.xcarchive/Products/Applications/Any.app/Frameworks/SDWebImage.framework'>', codeSigningInfo='<_DVTCodeSigningInformation_Path: 0xb01225620; isSigned='1', isAdHocSigned='0', signingCertificate='<DVTSigningCertificate: 0xb0493ac40; name='Apple Development: Jonathan Herbsman (5NJ6Y2795G)', hash='5DCF0153A0F893FED9E836F2855224DEC827B8E3', serialNumber='2C48BB8E985262177D7F310C976D1FFC', certificateKinds='(
    "1.2.840.113635.100.6.1.12",
    "1.2.840.113635.100.6.1.2"
), issueDate='2025-11-25 13:31:44 +0000''>', entitlements='(null)', teamID='5P7MCR7S32', identifier='org.cocoapods.SDWebImage', executablePath='<DVTFilePath:0xb0186b180:'/Users/arbaz/Library/Developer/Xcode/Archives/2026-05-26/Any 26-05-26, 3.18 PM.xcarchive/Products/Applications/Any.app/Frameworks/SDWebImage.framework/SDWebImage'>', hardenedRuntime='0'>'>: {
}
2026-05-26 09:48:38 +0000  Associated App Clip Identifiers Filter: Skipping because "com.apple.developer.associated-appclip-app-identifiers" is not present
2026-05-26 09:48:38 +0000  Entitlements for <IDEDistributionItem: 0xb01225680; bundleID='org.cocoapods.SDWebImage', path='<DVTFilePath:0xb04682290:'/Users/arbaz/Library/Developer/Xcode/Archives/2026-05-26/Any 26-05-26, 3.18 PM.xcarchive/Products/Applications/Any.app/Frameworks/SDWebImage.framework'>', codeSigningInfo='<_DVTCodeSigningInformation_Path: 0xb01225620; isSigned='1', isAdHocSigned='0', signingCertificate='<DVTSigningCertificate: 0xb0493a040; name='Apple Development: Jonathan Herbsman (5NJ6Y2795G)', hash='5DCF0153A0F893FED9E836F2855224DEC827B8E3', serialNumber='2C48BB8E985262177D7F310C976D1FFC', certificateKinds='(
    "1.2.840.113635.100.6.1.12",
    "1.2.840.113635.100.6.1.2"
), issueDate='2025-11-25 13:31:44 +0000''>', entitlements='(null)', teamID='5P7MCR7S32', identifier='org.cocoapods.SDWebImage', executablePath='<DVTFilePath:0xb0186b180:'/Users/arbaz/Library/Developer/Xcode/Archives/2026-05-26/Any 26-05-26, 3.18 PM.xcarchive/Products/Applications/Any.app/Frameworks/SDWebImage.framework/SDWebImage'>', hardenedRuntime='0'>'> are: {
}
2026-05-26 09:48:38 +0000  Writing entitlements for <IDEDistributionItem: 0xb01225680; bundleID='org.cocoapods.SDWebImage', path='<DVTFilePath:0xb04682290:'/Users/arbaz/Library/Developer/Xcode/Archives/2026-05-26/Any 26-05-26, 3.18 PM.xcarchive/Products/Applications/Any.app/Frameworks/SDWebImage.framework'>', codeSigningInfo='<_DVTCodeSigningInformation_Path: 0xb01225620; isSigned='1', isAdHocSigned='0', signingCertificate='<DVTSigningCertificate: 0xb0493a040; name='Apple Development: Jonathan Herbsman (5NJ6Y2795G)', hash='5DCF0153A0F893FED9E836F2855224DEC827B8E3', serialNumber='2C48BB8E985262177D7F310C976D1FFC', certificateKinds='(
    "1.2.840.113635.100.6.1.12",
    "1.2.840.113635.100.6.1.2"
), issueDate='2025-11-25 13:31:44 +0000''>', entitlements='(null)', teamID='5P7MCR7S32', identifier='org.cocoapods.SDWebImage', executablePath='<DVTFilePath:0xb0186b180:'/Users/arbaz/Library/Developer/Xcode/Archives/2026-05-26/Any 26-05-26, 3.18 PM.xcarchive/Products/Applications/Any.app/Frameworks/SDWebImage.framework/SDWebImage'>', hardenedRuntime='0'>'> to: /var/folders/_m/2_1gbk9x14588s8nzfrq87sc0000gn/T/XcodeDistPipeline.~~~gOKcrU/entitlements~~~VLPqwj
2026-05-26 09:48:38 +0000  invoking codesign: <NSConcreteTask: 0xb16c16530; launchPath='/usr/bin/codesign', arguments='(
    "-f",
    "-s",
    5DCF0153A0F893FED9E836F2855224DEC827B8E3,
    "--entitlements",
    "/var/folders/_m/2_1gbk9x14588s8nzfrq87sc0000gn/T/XcodeDistPipeline.~~~gOKcrU/entitlements~~~VLPqwj",
    "--preserve-metadata=identifier,flags,runtime,launch-constraints,library-constraints",
    "--generate-entitlement-der",
    "--strip-disallowed-xattrs",
    "-vvv",
    "/var/folders/_m/2_1gbk9x14588s8nzfrq87sc0000gn/T/XcodeDistPipeline.~~~gOKcrU/Root/Payload/Any.app/Frameworks/SDWebImage.framework"
)'>
2026-05-26 09:48:38 +0000  codesign output: /var/folders/_m/2_1gbk9x14588s8nzfrq87sc0000gn/T/XcodeDistPipeline.~~~gOKcrU/Root/Payload/Any.app/Frameworks/SDWebImage.framework: replacing existing signature
/var/folders/_m/2_1gbk9x14588s8nzfrq87sc0000gn/T/XcodeDistPipeline.~~~gOKcrU/Root/Payload/Any.app/Frameworks/SDWebImage.framework: signed bundle with Mach-O thin (arm64) [org.cocoapods.SDWebImage]
2026-05-26 09:48:38 +0000  Entitlements for <IDEDistributionItem: 0xb01225a40; bundleID='org.cocoapods.SVProgressHUD', path='<DVTFilePath:0xb04682220:'/Users/arbaz/Library/Developer/Xcode/Archives/2026-05-26/Any 26-05-26, 3.18 PM.xcarchive/Products/Applications/Any.app/Frameworks/SVProgressHUD.framework'>', codeSigningInfo='<_DVTCodeSigningInformation_Path: 0xb012259e0; isSigned='1', isAdHocSigned='0', signingCertificate='<DVTSigningCertificate: 0xb0493ac40; name='Apple Development: Jonathan Herbsman (5NJ6Y2795G)', hash='5DCF0153A0F893FED9E836F2855224DEC827B8E3', serialNumber='2C48BB8E985262177D7F310C976D1FFC', certificateKinds='(
    "1.2.840.113635.100.6.1.12",
    "1.2.840.113635.100.6.1.2"
), issueDate='2025-11-25 13:31:44 +0000''>', entitlements='(null)', teamID='5P7MCR7S32', identifier='org.cocoapods.SVProgressHUD', executablePath='<DVTFilePath:0xb0186b540:'/Users/arbaz/Library/Developer/Xcode/Archives/2026-05-26/Any 26-05-26, 3.18 PM.xcarchive/Products/Applications/Any.app/Frameworks/SVProgressHUD.framework/SVProgressHUD'>', hardenedRuntime='0'>'>: {
}
2026-05-26 09:48:38 +0000  Associated App Clip Identifiers Filter: Skipping because "com.apple.developer.associated-appclip-app-identifiers" is not present
2026-05-26 09:48:38 +0000  Entitlements for <IDEDistributionItem: 0xb01225a40; bundleID='org.cocoapods.SVProgressHUD', path='<DVTFilePath:0xb04682220:'/Users/arbaz/Library/Developer/Xcode/Archives/2026-05-26/Any 26-05-26, 3.18 PM.xcarchive/Products/Applications/Any.app/Frameworks/SVProgressHUD.framework'>', codeSigningInfo='<_DVTCodeSigningInformation_Path: 0xb012259e0; isSigned='1', isAdHocSigned='0', signingCertificate='<DVTSigningCertificate: 0xb0493a040; name='Apple Development: Jonathan Herbsman (5NJ6Y2795G)', hash='5DCF0153A0F893FED9E836F2855224DEC827B8E3', serialNumber='2C48BB8E985262177D7F310C976D1FFC', certificateKinds='(
    "1.2.840.113635.100.6.1.12",
    "1.2.840.113635.100.6.1.2"
), issueDate='2025-11-25 13:31:44 +0000''>', entitlements='(null)', teamID='5P7MCR7S32', identifier='org.cocoapods.SVProgressHUD', executablePath='<DVTFilePath:0xb0186b540:'/Users/arbaz/Library/Developer/Xcode/Archives/2026-05-26/Any 26-05-26, 3.18 PM.xcarchive/Products/Applications/Any.app/Frameworks/SVProgressHUD.framework/SVProgressHUD'>', hardenedRuntime='0'>'> are: {
}
2026-05-26 09:48:38 +0000  Writing entitlements for <IDEDistributionItem: 0xb01225a40; bundleID='org.cocoapods.SVProgressHUD', path='<DVTFilePath:0xb04682220:'/Users/arbaz/Library/Developer/Xcode/Archives/2026-05-26/Any 26-05-26, 3.18 PM.xcarchive/Products/Applications/Any.app/Frameworks/SVProgressHUD.framework'>', codeSigningInfo='<_DVTCodeSigningInformation_Path: 0xb012259e0; isSigned='1', isAdHocSigned='0', signingCertificate='<DVTSigningCertificate: 0xb0493a040; name='Apple Development: Jonathan Herbsman (5NJ6Y2795G)', hash='5DCF0153A0F893FED9E836F2855224DEC827B8E3', serialNumber='2C48BB8E985262177D7F310C976D1FFC', certificateKinds='(
    "1.2.840.113635.100.6.1.12",
    "1.2.840.113635.100.6.1.2"
), issueDate='2025-11-25 13:31:44 +0000''>', entitlements='(null)', teamID='5P7MCR7S32', identifier='org.cocoapods.SVProgressHUD', executablePath='<DVTFilePath:0xb0186b540:'/Users/arbaz/Library/Developer/Xcode/Archives/2026-05-26/Any 26-05-26, 3.18 PM.xcarchive/Products/Applications/Any.app/Frameworks/SVProgressHUD.framework/SVProgressHUD'>', hardenedRuntime='0'>'> to: /var/folders/_m/2_1gbk9x14588s8nzfrq87sc0000gn/T/XcodeDistPipeline.~~~gOKcrU/entitlements~~~vtdq7f
2026-05-26 09:48:38 +0000  invoking codesign: <NSConcreteTask: 0xb16c16530; launchPath='/usr/bin/codesign', arguments='(
    "-f",
    "-s",
    5DCF0153A0F893FED9E836F2855224DEC827B8E3,
    "--entitlements",
    "/var/folders/_m/2_1gbk9x14588s8nzfrq87sc0000gn/T/XcodeDistPipeline.~~~gOKcrU/entitlements~~~vtdq7f",
    "--preserve-metadata=identifier,flags,runtime,launch-constraints,library-constraints",
    "--generate-entitlement-der",
    "--strip-disallowed-xattrs",
    "-vvv",
    "/var/folders/_m/2_1gbk9x14588s8nzfrq87sc0000gn/T/XcodeDistPipeline.~~~gOKcrU/Root/Payload/Any.app/Frameworks/SVProgressHUD.framework"
)'>
2026-05-26 09:48:38 +0000  codesign output: /var/folders/_m/2_1gbk9x14588s8nzfrq87sc0000gn/T/XcodeDistPipeline.~~~gOKcrU/Root/Payload/Any.app/Frameworks/SVProgressHUD.framework: replacing existing signature
/var/folders/_m/2_1gbk9x14588s8nzfrq87sc0000gn/T/XcodeDistPipeline.~~~gOKcrU/Root/Payload/Any.app/Frameworks/SVProgressHUD.framework: signed bundle with Mach-O thin (arm64) [org.cocoapods.SVProgressHUD]
2026-05-26 09:48:38 +0000  Entitlements for <IDEDistributionItem: 0xb01224f00; bundleID='org.cocoapods.SwiftyJSON', path='<DVTFilePath:0xb04680150:'/Users/arbaz/Library/Developer/Xcode/Archives/2026-05-26/Any 26-05-26, 3.18 PM.xcarchive/Products/Applications/Any.app/Frameworks/SwiftyJSON.framework'>', codeSigningInfo='<_DVTCodeSigningInformation_Path: 0xb01224ea0; isSigned='1', isAdHocSigned='0', signingCertificate='<DVTSigningCertificate: 0xb0493ac40; name='Apple Development: Jonathan Herbsman (5NJ6Y2795G)', hash='5DCF0153A0F893FED9E836F2855224DEC827B8E3', serialNumber='2C48BB8E985262177D7F310C976D1FFC', certificateKinds='(
    "1.2.840.113635.100.6.1.12",
    "1.2.840.113635.100.6.1.2"
), issueDate='2025-11-25 13:31:44 +0000''>', entitlements='(null)', teamID='5P7MCR7S32', identifier='org.cocoapods.SwiftyJSON', executablePath='<DVTFilePath:0xb01f64180:'/Users/arbaz/Library/Developer/Xcode/Archives/2026-05-26/Any 26-05-26, 3.18 PM.xcarchive/Products/Applications/Any.app/Frameworks/SwiftyJSON.framework/SwiftyJSON'>', hardenedRuntime='0'>'>: {
}
2026-05-26 09:48:38 +0000  Associated App Clip Identifiers Filter: Skipping because "com.apple.developer.associated-appclip-app-identifiers" is not present
2026-05-26 09:48:38 +0000  Entitlements for <IDEDistributionItem: 0xb01224f00; bundleID='org.cocoapods.SwiftyJSON', path='<DVTFilePath:0xb04680150:'/Users/arbaz/Library/Developer/Xcode/Archives/2026-05-26/Any 26-05-26, 3.18 PM.xcarchive/Products/Applications/Any.app/Frameworks/SwiftyJSON.framework'>', codeSigningInfo='<_DVTCodeSigningInformation_Path: 0xb01224ea0; isSigned='1', isAdHocSigned='0', signingCertificate='<DVTSigningCertificate: 0xb0493a040; name='Apple Development: Jonathan Herbsman (5NJ6Y2795G)', hash='5DCF0153A0F893FED9E836F2855224DEC827B8E3', serialNumber='2C48BB8E985262177D7F310C976D1FFC', certificateKinds='(
    "1.2.840.113635.100.6.1.12",
    "1.2.840.113635.100.6.1.2"
), issueDate='2025-11-25 13:31:44 +0000''>', entitlements='(null)', teamID='5P7MCR7S32', identifier='org.cocoapods.SwiftyJSON', executablePath='<DVTFilePath:0xb01f64180:'/Users/arbaz/Library/Developer/Xcode/Archives/2026-05-26/Any 26-05-26, 3.18 PM.xcarchive/Products/Applications/Any.app/Frameworks/SwiftyJSON.framework/SwiftyJSON'>', hardenedRuntime='0'>'> are: {
}
2026-05-26 09:48:38 +0000  Writing entitlements for <IDEDistributionItem: 0xb01224f00; bundleID='org.cocoapods.SwiftyJSON', path='<DVTFilePath:0xb04680150:'/Users/arbaz/Library/Developer/Xcode/Archives/2026-05-26/Any 26-05-26, 3.18 PM.xcarchive/Products/Applications/Any.app/Frameworks/SwiftyJSON.framework'>', codeSigningInfo='<_DVTCodeSigningInformation_Path: 0xb01224ea0; isSigned='1', isAdHocSigned='0', signingCertificate='<DVTSigningCertificate: 0xb0493a040; name='Apple Development: Jonathan Herbsman (5NJ6Y2795G)', hash='5DCF0153A0F893FED9E836F2855224DEC827B8E3', serialNumber='2C48BB8E985262177D7F310C976D1FFC', certificateKinds='(
    "1.2.840.113635.100.6.1.12",
    "1.2.840.113635.100.6.1.2"
), issueDate='2025-11-25 13:31:44 +0000''>', entitlements='(null)', teamID='5P7MCR7S32', identifier='org.cocoapods.SwiftyJSON', executablePath='<DVTFilePath:0xb01f64180:'/Users/arbaz/Library/Developer/Xcode/Archives/2026-05-26/Any 26-05-26, 3.18 PM.xcarchive/Products/Applications/Any.app/Frameworks/SwiftyJSON.framework/SwiftyJSON'>', hardenedRuntime='0'>'> to: /var/folders/_m/2_1gbk9x14588s8nzfrq87sc0000gn/T/XcodeDistPipeline.~~~gOKcrU/entitlements~~~1Fk5kQ
2026-05-26 09:48:38 +0000  invoking codesign: <NSConcreteTask: 0xb16c16530; launchPath='/usr/bin/codesign', arguments='(
    "-f",
    "-s",
    5DCF0153A0F893FED9E836F2855224DEC827B8E3,
    "--entitlements",
    "/var/folders/_m/2_1gbk9x14588s8nzfrq87sc0000gn/T/XcodeDistPipeline.~~~gOKcrU/entitlements~~~1Fk5kQ",
    "--preserve-metadata=identifier,flags,runtime,launch-constraints,library-constraints",
    "--generate-entitlement-der",
    "--strip-disallowed-xattrs",
    "-vvv",
    "/var/folders/_m/2_1gbk9x14588s8nzfrq87sc0000gn/T/XcodeDistPipeline.~~~gOKcrU/Root/Payload/Any.app/Frameworks/SwiftyJSON.framework"
)'>
2026-05-26 09:48:38 +0000  codesign output: /var/folders/_m/2_1gbk9x14588s8nzfrq87sc0000gn/T/XcodeDistPipeline.~~~gOKcrU/Root/Payload/Any.app/Frameworks/SwiftyJSON.framework: replacing existing signature
/var/folders/_m/2_1gbk9x14588s8nzfrq87sc0000gn/T/XcodeDistPipeline.~~~gOKcrU/Root/Payload/Any.app/Frameworks/SwiftyJSON.framework: signed bundle with Mach-O thin (arm64) [org.cocoapods.SwiftyJSON]
2026-05-26 09:48:38 +0000  Entitlements for <IDEDistributionItem: 0xb01225980; bundleID='org.cocoapods.libwebp', path='<DVTFilePath:0xb046825a0:'/Users/arbaz/Library/Developer/Xcode/Archives/2026-05-26/Any 26-05-26, 3.18 PM.xcarchive/Products/Applications/Any.app/Frameworks/libwebp.framework'>', codeSigningInfo='<_DVTCodeSigningInformation_Path: 0xb01225920; isSigned='1', isAdHocSigned='0', signingCertificate='<DVTSigningCertificate: 0xb0493ac40; name='Apple Development: Jonathan Herbsman (5NJ6Y2795G)', hash='5DCF0153A0F893FED9E836F2855224DEC827B8E3', serialNumber='2C48BB8E985262177D7F310C976D1FFC', certificateKinds='(
    "1.2.840.113635.100.6.1.12",
    "1.2.840.113635.100.6.1.2"
), issueDate='2025-11-25 13:31:44 +0000''>', entitlements='(null)', teamID='5P7MCR7S32', identifier='org.cocoapods.libwebp', executablePath='<DVTFilePath:0xb0186a2e0:'/Users/arbaz/Library/Developer/Xcode/Archives/2026-05-26/Any 26-05-26, 3.18 PM.xcarchive/Products/Applications/Any.app/Frameworks/libwebp.framework/libwebp'>', hardenedRuntime='0'>'>: {
}
2026-05-26 09:48:38 +0000  Associated App Clip Identifiers Filter: Skipping because "com.apple.developer.associated-appclip-app-identifiers" is not present
2026-05-26 09:48:38 +0000  Entitlements for <IDEDistributionItem: 0xb01225980; bundleID='org.cocoapods.libwebp', path='<DVTFilePath:0xb046825a0:'/Users/arbaz/Library/Developer/Xcode/Archives/2026-05-26/Any 26-05-26, 3.18 PM.xcarchive/Products/Applications/Any.app/Frameworks/libwebp.framework'>', codeSigningInfo='<_DVTCodeSigningInformation_Path: 0xb01225920; isSigned='1', isAdHocSigned='0', signingCertificate='<DVTSigningCertificate: 0xb0493a040; name='Apple Development: Jonathan Herbsman (5NJ6Y2795G)', hash='5DCF0153A0F893FED9E836F2855224DEC827B8E3', serialNumber='2C48BB8E985262177D7F310C976D1FFC', certificateKinds='(
    "1.2.840.113635.100.6.1.12",
    "1.2.840.113635.100.6.1.2"
), issueDate='2025-11-25 13:31:44 +0000''>', entitlements='(null)', teamID='5P7MCR7S32', identifier='org.cocoapods.libwebp', executablePath='<DVTFilePath:0xb0186a2e0:'/Users/arbaz/Library/Developer/Xcode/Archives/2026-05-26/Any 26-05-26, 3.18 PM.xcarchive/Products/Applications/Any.app/Frameworks/libwebp.framework/libwebp'>', hardenedRuntime='0'>'> are: {
}
2026-05-26 09:48:38 +0000  Writing entitlements for <IDEDistributionItem: 0xb01225980; bundleID='org.cocoapods.libwebp', path='<DVTFilePath:0xb046825a0:'/Users/arbaz/Library/Developer/Xcode/Archives/2026-05-26/Any 26-05-26, 3.18 PM.xcarchive/Products/Applications/Any.app/Frameworks/libwebp.framework'>', codeSigningInfo='<_DVTCodeSigningInformation_Path: 0xb01225920; isSigned='1', isAdHocSigned='0', signingCertificate='<DVTSigningCertificate: 0xb0493a040; name='Apple Development: Jonathan Herbsman (5NJ6Y2795G)', hash='5DCF0153A0F893FED9E836F2855224DEC827B8E3', serialNumber='2C48BB8E985262177D7F310C976D1FFC', certificateKinds='(
    "1.2.840.113635.100.6.1.12",
    "1.2.840.113635.100.6.1.2"
), issueDate='2025-11-25 13:31:44 +0000''>', entitlements='(null)', teamID='5P7MCR7S32', identifier='org.cocoapods.libwebp', executablePath='<DVTFilePath:0xb0186a2e0:'/Users/arbaz/Library/Developer/Xcode/Archives/2026-05-26/Any 26-05-26, 3.18 PM.xcarchive/Products/Applications/Any.app/Frameworks/libwebp.framework/libwebp'>', hardenedRuntime='0'>'> to: /var/folders/_m/2_1gbk9x14588s8nzfrq87sc0000gn/T/XcodeDistPipeline.~~~gOKcrU/entitlements~~~t56MyC
2026-05-26 09:48:38 +0000  invoking codesign: <NSConcreteTask: 0xb16c16530; launchPath='/usr/bin/codesign', arguments='(
    "-f",
    "-s",
    5DCF0153A0F893FED9E836F2855224DEC827B8E3,
    "--entitlements",
    "/var/folders/_m/2_1gbk9x14588s8nzfrq87sc0000gn/T/XcodeDistPipeline.~~~gOKcrU/entitlements~~~t56MyC",
    "--preserve-metadata=identifier,flags,runtime,launch-constraints,library-constraints",
    "--generate-entitlement-der",
    "--strip-disallowed-xattrs",
    "-vvv",
    "/var/folders/_m/2_1gbk9x14588s8nzfrq87sc0000gn/T/XcodeDistPipeline.~~~gOKcrU/Root/Payload/Any.app/Frameworks/libwebp.framework"
)'>
2026-05-26 09:48:38 +0000  codesign output: /var/folders/_m/2_1gbk9x14588s8nzfrq87sc0000gn/T/XcodeDistPipeline.~~~gOKcrU/Root/Payload/Any.app/Frameworks/libwebp.framework: replacing existing signature
/var/folders/_m/2_1gbk9x14588s8nzfrq87sc0000gn/T/XcodeDistPipeline.~~~gOKcrU/Root/Payload/Any.app/Frameworks/libwebp.framework: signed bundle with Mach-O thin (arm64) [org.cocoapods.libwebp]
2026-05-26 09:48:38 +0000  Entitlements for <IDEDistributionItem: 0xb01224e40; bundleID='org.cocoapods.nanopb', path='<DVTFilePath:0xb04682530:'/Users/arbaz/Library/Developer/Xcode/Archives/2026-05-26/Any 26-05-26, 3.18 PM.xcarchive/Products/Applications/Any.app/Frameworks/nanopb.framework'>', codeSigningInfo='<_DVTCodeSigningInformation_Path: 0xb01224de0; isSigned='1', isAdHocSigned='0', signingCertificate='<DVTSigningCertificate: 0xb0493ac40; name='Apple Development: Jonathan Herbsman (5NJ6Y2795G)', hash='5DCF0153A0F893FED9E836F2855224DEC827B8E3', serialNumber='2C48BB8E985262177D7F310C976D1FFC', certificateKinds='(
    "1.2.840.113635.100.6.1.12",
    "1.2.840.113635.100.6.1.2"
), issueDate='2025-11-25 13:31:44 +0000''>', entitlements='(null)', teamID='5P7MCR7S32', identifier='org.cocoapods.nanopb', executablePath='<DVTFilePath:0xb0186a640:'/Users/arbaz/Library/Developer/Xcode/Archives/2026-05-26/Any 26-05-26, 3.18 PM.xcarchive/Products/Applications/Any.app/Frameworks/nanopb.framework/nanopb'>', hardenedRuntime='0'>'>: {
}
2026-05-26 09:48:38 +0000  Associated App Clip Identifiers Filter: Skipping because "com.apple.developer.associated-appclip-app-identifiers" is not present
2026-05-26 09:48:38 +0000  Entitlements for <IDEDistributionItem: 0xb01224e40; bundleID='org.cocoapods.nanopb', path='<DVTFilePath:0xb04682530:'/Users/arbaz/Library/Developer/Xcode/Archives/2026-05-26/Any 26-05-26, 3.18 PM.xcarchive/Products/Applications/Any.app/Frameworks/nanopb.framework'>', codeSigningInfo='<_DVTCodeSigningInformation_Path: 0xb01224de0; isSigned='1', isAdHocSigned='0', signingCertificate='<DVTSigningCertificate: 0xb0493a040; name='Apple Development: Jonathan Herbsman (5NJ6Y2795G)', hash='5DCF0153A0F893FED9E836F2855224DEC827B8E3', serialNumber='2C48BB8E985262177D7F310C976D1FFC', certificateKinds='(
    "1.2.840.113635.100.6.1.12",
    "1.2.840.113635.100.6.1.2"
), issueDate='2025-11-25 13:31:44 +0000''>', entitlements='(null)', teamID='5P7MCR7S32', identifier='org.cocoapods.nanopb', executablePath='<DVTFilePath:0xb0186a640:'/Users/arbaz/Library/Developer/Xcode/Archives/2026-05-26/Any 26-05-26, 3.18 PM.xcarchive/Products/Applications/Any.app/Frameworks/nanopb.framework/nanopb'>', hardenedRuntime='0'>'> are: {
}
2026-05-26 09:48:38 +0000  Writing entitlements for <IDEDistributionItem: 0xb01224e40; bundleID='org.cocoapods.nanopb', path='<DVTFilePath:0xb04682530:'/Users/arbaz/Library/Developer/Xcode/Archives/2026-05-26/Any 26-05-26, 3.18 PM.xcarchive/Products/Applications/Any.app/Frameworks/nanopb.framework'>', codeSigningInfo='<_DVTCodeSigningInformation_Path: 0xb01224de0; isSigned='1', isAdHocSigned='0', signingCertificate='<DVTSigningCertificate: 0xb0493a040; name='Apple Development: Jonathan Herbsman (5NJ6Y2795G)', hash='5DCF0153A0F893FED9E836F2855224DEC827B8E3', serialNumber='2C48BB8E985262177D7F310C976D1FFC', certificateKinds='(
    "1.2.840.113635.100.6.1.12",
    "1.2.840.113635.100.6.1.2"
), issueDate='2025-11-25 13:31:44 +0000''>', entitlements='(null)', teamID='5P7MCR7S32', identifier='org.cocoapods.nanopb', executablePath='<DVTFilePath:0xb0186a640:'/Users/arbaz/Library/Developer/Xcode/Archives/2026-05-26/Any 26-05-26, 3.18 PM.xcarchive/Products/Applications/Any.app/Frameworks/nanopb.framework/nanopb'>', hardenedRuntime='0'>'> to: /var/folders/_m/2_1gbk9x14588s8nzfrq87sc0000gn/T/XcodeDistPipeline.~~~gOKcrU/entitlements~~~0L8FOZ
2026-05-26 09:48:38 +0000  invoking codesign: <NSConcreteTask: 0xb16c16530; launchPath='/usr/bin/codesign', arguments='(
    "-f",
    "-s",
    5DCF0153A0F893FED9E836F2855224DEC827B8E3,
    "--entitlements",
    "/var/folders/_m/2_1gbk9x14588s8nzfrq87sc0000gn/T/XcodeDistPipeline.~~~gOKcrU/entitlements~~~0L8FOZ",
    "--preserve-metadata=identifier,flags,runtime,launch-constraints,library-constraints",
    "--generate-entitlement-der",
    "--strip-disallowed-xattrs",
    "-vvv",
    "/var/folders/_m/2_1gbk9x14588s8nzfrq87sc0000gn/T/XcodeDistPipeline.~~~gOKcrU/Root/Payload/Any.app/Frameworks/nanopb.framework"
)'>
2026-05-26 09:48:38 +0000  codesign output: /var/folders/_m/2_1gbk9x14588s8nzfrq87sc0000gn/T/XcodeDistPipeline.~~~gOKcrU/Root/Payload/Any.app/Frameworks/nanopb.framework: replacing existing signature
/var/folders/_m/2_1gbk9x14588s8nzfrq87sc0000gn/T/XcodeDistPipeline.~~~gOKcrU/Root/Payload/Any.app/Frameworks/nanopb.framework: signed bundle with Mach-O thin (arm64) [org.cocoapods.nanopb]
2026-05-26 09:48:38 +0000  Entitlements for <IDEDistributionItem: 0xb01225b00; bundleID='com.rapidzz.AnyApp', path='<DVTFilePath:0xb01871740:'/Users/arbaz/Library/Developer/Xcode/Archives/2026-05-26/Any 26-05-26, 3.18 PM.xcarchive/Products/Applications/Any.app'>', codeSigningInfo='<_DVTCodeSigningInformation_Path: 0xb01225aa0; isSigned='1', isAdHocSigned='0', signingCertificate='<DVTSigningCertificate: 0xb0493ac40; name='Apple Development: Jonathan Herbsman (5NJ6Y2795G)', hash='5DCF0153A0F893FED9E836F2855224DEC827B8E3', serialNumber='2C48BB8E985262177D7F310C976D1FFC', certificateKinds='(
    "1.2.840.113635.100.6.1.12",
    "1.2.840.113635.100.6.1.2"
), issueDate='2025-11-25 13:31:44 +0000''>', entitlements='{
    "application-identifier" = "5P7MCR7S32.com.rapidzz.AnyApp";
    "aps-environment" = development;
    "com.apple.developer.team-identifier" = 5P7MCR7S32;
    "get-task-allow" = 1;
}', teamID='5P7MCR7S32', identifier='com.rapidzz.AnyApp', executablePath='<DVTFilePath:0xb01871a40:'/Users/arbaz/Library/Developer/Xcode/Archives/2026-05-26/Any 26-05-26, 3.18 PM.xcarchive/Products/Applications/Any.app/Any'>', hardenedRuntime='0'>'>: {
    "application-identifier" = "5P7MCR7S32.com.rapidzz.AnyApp";
    "aps-environment" = development;
    "com.apple.developer.team-identifier" = 5P7MCR7S32;
    "get-task-allow" = 1;
}
2026-05-26 09:48:38 +0000  Associated App Clip Identifiers Filter: Skipping because "com.apple.developer.associated-appclip-app-identifiers" is not present
2026-05-26 09:48:38 +0000  Entitlements for <IDEDistributionItem: 0xb01225b00; bundleID='com.rapidzz.AnyApp', path='<DVTFilePath:0xb01871740:'/Users/arbaz/Library/Developer/Xcode/Archives/2026-05-26/Any 26-05-26, 3.18 PM.xcarchive/Products/Applications/Any.app'>', codeSigningInfo='<_DVTCodeSigningInformation_Path: 0xb01225aa0; isSigned='1', isAdHocSigned='0', signingCertificate='<DVTSigningCertificate: 0xb0493a040; name='Apple Development: Jonathan Herbsman (5NJ6Y2795G)', hash='5DCF0153A0F893FED9E836F2855224DEC827B8E3', serialNumber='2C48BB8E985262177D7F310C976D1FFC', certificateKinds='(
    "1.2.840.113635.100.6.1.12",
    "1.2.840.113635.100.6.1.2"
), issueDate='2025-11-25 13:31:44 +0000''>', entitlements='{
    "application-identifier" = "5P7MCR7S32.com.rapidzz.AnyApp";
    "aps-environment" = development;
    "com.apple.developer.team-identifier" = 5P7MCR7S32;
    "get-task-allow" = 1;
}', teamID='5P7MCR7S32', identifier='com.rapidzz.AnyApp', executablePath='<DVTFilePath:0xb01871a40:'/Users/arbaz/Library/Developer/Xcode/Archives/2026-05-26/Any 26-05-26, 3.18 PM.xcarchive/Products/Applications/Any.app/Any'>', hardenedRuntime='0'>'> are: {
    "application-identifier" = "5P7MCR7S32.com.rapidzz.AnyApp";
    "aps-environment" = development;
    "com.apple.developer.team-identifier" = 5P7MCR7S32;
    "get-task-allow" = 1;
}
2026-05-26 09:48:38 +0000  Writing entitlements for <IDEDistributionItem: 0xb01225b00; bundleID='com.rapidzz.AnyApp', path='<DVTFilePath:0xb01871740:'/Users/arbaz/Library/Developer/Xcode/Archives/2026-05-26/Any 26-05-26, 3.18 PM.xcarchive/Products/Applications/Any.app'>', codeSigningInfo='<_DVTCodeSigningInformation_Path: 0xb01225aa0; isSigned='1', isAdHocSigned='0', signingCertificate='<DVTSigningCertificate: 0xb0493a040; name='Apple Development: Jonathan Herbsman (5NJ6Y2795G)', hash='5DCF0153A0F893FED9E836F2855224DEC827B8E3', serialNumber='2C48BB8E985262177D7F310C976D1FFC', certificateKinds='(
    "1.2.840.113635.100.6.1.12",
    "1.2.840.113635.100.6.1.2"
), issueDate='2025-11-25 13:31:44 +0000''>', entitlements='{
    "application-identifier" = "5P7MCR7S32.com.rapidzz.AnyApp";
    "aps-environment" = development;
    "com.apple.developer.team-identifier" = 5P7MCR7S32;
    "get-task-allow" = 1;
}', teamID='5P7MCR7S32', identifier='com.rapidzz.AnyApp', executablePath='<DVTFilePath:0xb01871a40:'/Users/arbaz/Library/Developer/Xcode/Archives/2026-05-26/Any 26-05-26, 3.18 PM.xcarchive/Products/Applications/Any.app/Any'>', hardenedRuntime='0'>'> to: /var/folders/_m/2_1gbk9x14588s8nzfrq87sc0000gn/T/XcodeDistPipeline.~~~gOKcrU/entitlements~~~dcsbJy
2026-05-26 09:48:38 +0000  invoking codesign: <NSConcreteTask: 0xb16c16530; launchPath='/usr/bin/codesign', arguments='(
    "-f",
    "-s",
    5DCF0153A0F893FED9E836F2855224DEC827B8E3,
    "--entitlements",
    "/var/folders/_m/2_1gbk9x14588s8nzfrq87sc0000gn/T/XcodeDistPipeline.~~~gOKcrU/entitlements~~~dcsbJy",
    "--preserve-metadata=identifier,flags,runtime,launch-constraints,library-constraints",
    "--generate-entitlement-der",
    "--strip-disallowed-xattrs",
    "-vvv",
    "/var/folders/_m/2_1gbk9x14588s8nzfrq87sc0000gn/T/XcodeDistPipeline.~~~gOKcrU/Root/Payload/Any.app"
)'>
2026-05-26 09:48:38 +0000  codesign output: /var/folders/_m/2_1gbk9x14588s8nzfrq87sc0000gn/T/XcodeDistPipeline.~~~gOKcrU/Root/Payload/Any.app: replacing existing signature
/var/folders/_m/2_1gbk9x14588s8nzfrq87sc0000gn/T/XcodeDistPipeline.~~~gOKcrU/Root/Payload/Any.app: signed app bundle with Mach-O thin (arm64) [com.rapidzz.AnyApp]
2026-05-26 09:48:38 +0000  Processing step: IDEDistributionZipODRItemStep
2026-05-26 09:48:38 +0000  Skipping step: IDEDistributionZipODRItemStep because it said so
2026-05-26 09:48:38 +0000  Skipping step: IDEDistributionZipODRItemStep because it said so
2026-05-26 09:48:38 +0000  Skipping step: IDEDistributionZipODRItemStep because it said so
2026-05-26 09:48:38 +0000  Skipping step: IDEDistributionZipODRItemStep because it said so
2026-05-26 09:48:38 +0000  Skipping step: IDEDistributionZipODRItemStep because it said so
2026-05-26 09:48:38 +0000  Skipping step: IDEDistributionZipODRItemStep because it said so
2026-05-26 09:48:38 +0000  Skipping step: IDEDistributionZipODRItemStep because it said so
2026-05-26 09:48:38 +0000  Skipping step: IDEDistributionZipODRItemStep because it said so
2026-05-26 09:48:38 +0000  Skipping step: IDEDistributionZipODRItemStep because it said so
2026-05-26 09:48:38 +0000  Skipping step: IDEDistributionZipODRItemStep because it said so
2026-05-26 09:48:38 +0000  Skipping step: IDEDistributionZipODRItemStep because it said so
2026-05-26 09:48:38 +0000  Skipping step: IDEDistributionZipODRItemStep because it said so
2026-05-26 09:48:38 +0000  Skipping step: IDEDistributionZipODRItemStep because it said so
2026-05-26 09:48:38 +0000  Skipping step: IDEDistributionZipODRItemStep because it said so
2026-05-26 09:48:38 +0000  Skipping step: IDEDistributionZipODRItemStep because it said so
2026-05-26 09:48:38 +0000  Skipping step: IDEDistributionZipODRItemStep because it said so
2026-05-26 09:48:38 +0000  Skipping step: IDEDistributionZipODRItemStep because it said so
2026-05-26 09:48:38 +0000  Skipping step: IDEDistributionZipODRItemStep because it said so
2026-05-26 09:48:38 +0000  Skipping step: IDEDistributionZipODRItemStep because it said so
2026-05-26 09:48:38 +0000  Skipping step: IDEDistributionZipODRItemStep because it said so
2026-05-26 09:48:38 +0000  Skipping step: IDEDistributionZipODRItemStep because it said so
2026-05-26 09:48:38 +0000  Processing step: IDEDistributionCreateIPAStep
2026-05-26 09:48:38 +0000  Running /usr/bin/ditto '-V' '-c' '-k' '--norsrc' '/var/folders/_m/2_1gbk9x14588s8nzfrq87sc0000gn/T/XcodeDistPipeline.~~~gOKcrU/Root' '/var/folders/_m/2_1gbk9x14588s8nzfrq87sc0000gn/T/XcodeDistPipeline.~~~gOKcrU/Packages/Any.ipa'
2026-05-26 09:48:38 +0000  >>> Copying /var/folders/_m/2_1gbk9x14588s8nzfrq87sc0000gn/T/XcodeDistPipeline.~~~gOKcrU/Root 
2026-05-26 09:48:38 +0000  copying file ./Payload/Any.app/_CodeSignature/CodeResources ... 
2026-05-26 09:48:38 +0000  382315 bytes for ./Payload/Any.app/_CodeSignature/CodeResources
2026-05-26 09:48:38 +0000  copying file ./Payload/Any.app/DateCollectionCell.nib ... 
2026-05-26 09:48:38 +0000  4813 bytes for ./Payload/Any.app/DateCollectionCell.nib
2026-05-26 09:48:38 +0000  copying file ./Payload/Any.app/WorkerShiftTimeCell.nib ... 
2026-05-26 09:48:38 +0000  6392 bytes for ./Payload/Any.app/WorkerShiftTimeCell.nib
2026-05-26 09:48:38 +0000  copying file ./Payload/Any.app/AllJobTypeCell.nib ... 
2026-05-26 09:48:38 +0000  4075 bytes for ./Payload/Any.app/AllJobTypeCell.nib
2026-05-26 09:48:38 +0000  copying file ./Payload/Any.app/Stripe_StripeConnect.bundle/de.lproj/Localizable.strings ... 
2026-05-26 09:48:38 +0000  199 bytes for ./Payload/Any.app/Stripe_StripeConnect.bundle/de.lproj/Localizable.strings
2026-05-26 09:48:38 +0000  copying file ./Payload/Any.app/Stripe_StripeConnect.bundle/lt-LT.lproj/Localizable.strings ... 
2026-05-26 09:48:38 +0000  159 bytes for ./Payload/Any.app/Stripe_StripeConnect.bundle/lt-LT.lproj/Localizable.strings
2026-05-26 09:48:38 +0000  copying file ./Payload/Any.app/Stripe_StripeConnect.bundle/zh-Hans.lproj/Localizable.strings ... 
2026-05-26 09:48:38 +0000  139 bytes for ./Payload/Any.app/Stripe_StripeConnect.bundle/zh-Hans.lproj/Localizable.strings
2026-05-26 09:48:38 +0000  copying file ./Payload/Any.app/Stripe_StripeConnect.bundle/ja.lproj/Localizable.strings ... 
2026-05-26 09:48:38 +0000  181 bytes for ./Payload/Any.app/Stripe_StripeConnect.bundle/ja.lproj/Localizable.strings
2026-05-26 09:48:38 +0000  copying file ./Payload/Any.app/Stripe_StripeConnect.bundle/el-GR.lproj/Localizable.strings ... 
2026-05-26 09:48:38 +0000  235 bytes for ./Payload/Any.app/Stripe_StripeConnect.bundle/el-GR.lproj/Localizable.strings
2026-05-26 09:48:38 +0000  copying file ./Payload/Any.app/Stripe_StripeConnect.bundle/ms-MY.lproj/Localizable.strings ... 
2026-05-26 09:48:38 +0000  177 bytes for ./Payload/Any.app/Stripe_StripeConnect.bundle/ms-MY.lproj/Localizable.strings
2026-05-26 09:48:38 +0000  copying file ./Payload/Any.app/Stripe_StripeConnect.bundle/en.lproj/Localizable.strings ... 
2026-05-26 09:48:38 +0000  342 bytes for ./Payload/Any.app/Stripe_StripeConnect.bundle/en.lproj/Localizable.strings
2026-05-26 09:48:38 +0000  copying file ./Payload/Any.app/Stripe_StripeConnect.bundle/zh-HK.lproj/Localizable.strings ... 
2026-05-26 09:48:38 +0000  139 bytes for ./Payload/Any.app/Stripe_StripeConnect.bundle/zh-HK.lproj/Localizable.strings
2026-05-26 09:48:38 +0000  copying file ./Payload/Any.app/Stripe_StripeConnect.bundle/mt.lproj/Localizable.strings ... 
2026-05-26 09:48:38 +0000  205 bytes for ./Payload/Any.app/Stripe_StripeConnect.bundle/mt.lproj/Localizable.strings
2026-05-26 09:48:38 +0000  copying file ./Payload/Any.app/Stripe_StripeConnect.bundle/nb.lproj/Localizable.strings ... 
2026-05-26 09:48:38 +0000  144 bytes for ./Payload/Any.app/Stripe_StripeConnect.bundle/nb.lproj/Localizable.strings
2026-05-26 09:48:38 +0000  copying file ./Payload/Any.app/Stripe_StripeConnect.bundle/ca-ES.lproj/Localizable.strings ... 
2026-05-26 09:48:38 +0000  165 bytes for ./Payload/Any.app/Stripe_StripeConnect.bundle/ca-ES.lproj/Localizable.strings
2026-05-26 09:48:38 +0000  copying file ./Payload/Any.app/Stripe_StripeConnect.bundle/en-GB.lproj/Localizable.strings ... 
2026-05-26 09:48:38 +0000  157 bytes for ./Payload/Any.app/Stripe_StripeConnect.bundle/en-GB.lproj/Localizable.strings
2026-05-26 09:48:38 +0000  copying file ./Payload/Any.app/Stripe_StripeConnect.bundle/es.lproj/Localizable.strings ... 
2026-05-26 09:48:38 +0000  176 bytes for ./Payload/Any.app/Stripe_StripeConnect.bundle/es.lproj/Localizable.strings
2026-05-26 09:48:38 +0000  copying file ./Payload/Any.app/Stripe_StripeConnect.bundle/da.lproj/Localizable.strings ... 
2026-05-26 09:48:38 +0000  155 bytes for ./Payload/Any.app/Stripe_StripeConnect.bundle/da.lproj/Localizable.strings
2026-05-26 09:48:38 +0000  copying file ./Payload/Any.app/Stripe_StripeConnect.bundle/es-419.lproj/Localizable.strings ... 
2026-05-26 09:48:38 +0000  171 bytes for ./Payload/Any.app/Stripe_StripeConnect.bundle/es-419.lproj/Localizable.strings
2026-05-26 09:48:38 +0000  copying file ./Payload/Any.app/Stripe_StripeConnect.bundle/it.lproj/Localizable.strings ... 
2026-05-26 09:48:38 +0000  162 bytes for ./Payload/Any.app/Stripe_StripeConnect.bundle/it.lproj/Localizable.strings
2026-05-26 09:48:38 +0000  copying file ./Payload/Any.app/Stripe_StripeConnect.bundle/fr-CA.lproj/Localizable.strings ... 
2026-05-26 09:48:38 +0000  171 bytes for ./Payload/Any.app/Stripe_StripeConnect.bundle/fr-CA.lproj/Localizable.strings
2026-05-26 09:48:38 +0000  copying file ./Payload/Any.app/Stripe_StripeConnect.bundle/bg-BG.lproj/Localizable.strings ... 
2026-05-26 09:48:38 +0000  218 bytes for ./Payload/Any.app/Stripe_StripeConnect.bundle/bg-BG.lproj/Localizable.strings
2026-05-26 09:48:38 +0000  copying file ./Payload/Any.app/Stripe_StripeConnect.bundle/sv.lproj/Localizable.strings ... 
2026-05-26 09:48:38 +0000  166 bytes for ./Payload/Any.app/Stripe_StripeConnect.bundle/sv.lproj/Localizable.strings
2026-05-26 09:48:38 +0000  copying file ./Payload/Any.app/Stripe_StripeConnect.bundle/ko.lproj/Localizable.strings ... 
2026-05-26 09:48:38 +0000  189 bytes for ./Payload/Any.app/Stripe_StripeConnect.bundle/ko.lproj/Localizable.strings
2026-05-26 09:48:38 +0000  copying file ./Payload/Any.app/Stripe_StripeConnect.bundle/fil.lproj/Localizable.strings ... 
2026-05-26 09:48:38 +0000  162 bytes for ./Payload/Any.app/Stripe_StripeConnect.bundle/fil.lproj/Localizable.strings
2026-05-26 09:48:38 +0000  copying file ./Payload/Any.app/Stripe_StripeConnect.bundle/zh-Hant.lproj/Localizable.strings ... 
2026-05-26 09:48:38 +0000  145 bytes for ./Payload/Any.app/Stripe_StripeConnect.bundle/zh-Hant.lproj/Localizable.strings
2026-05-26 09:48:38 +0000  copying file ./Payload/Any.app/Stripe_StripeConnect.bundle/ro-RO.lproj/Localizable.strings ... 
2026-05-26 09:48:38 +0000  186 bytes for ./Payload/Any.app/Stripe_StripeConnect.bundle/ro-RO.lproj/Localizable.strings
2026-05-26 09:48:38 +0000  copying file ./Payload/Any.app/Stripe_StripeConnect.bundle/hu.lproj/Localizable.strings ... 
2026-05-26 09:48:38 +0000  171 bytes for ./Payload/Any.app/Stripe_StripeConnect.bundle/hu.lproj/Localizable.strings
2026-05-26 09:48:38 +0000  copying file ./Payload/Any.app/Stripe_StripeConnect.bundle/tr.lproj/Localizable.strings ... 
2026-05-26 09:48:38 +0000  180 bytes for ./Payload/Any.app/Stripe_StripeConnect.bundle/tr.lproj/Localizable.strings
2026-05-26 09:48:38 +0000  copying file ./Payload/Any.app/Stripe_StripeConnect.bundle/et-EE.lproj/Localizable.strings ... 
2026-05-26 09:48:38 +0000  163 bytes for ./Payload/Any.app/Stripe_StripeConnect.bundle/et-EE.lproj/Localizable.strings
2026-05-26 09:48:38 +0000  copying file ./Payload/Any.app/Stripe_StripeConnect.bundle/pt-BR.lproj/Localizable.strings ... 
2026-05-26 09:48:38 +0000  157 bytes for ./Payload/Any.app/Stripe_StripeConnect.bundle/pt-BR.lproj/Localizable.strings
2026-05-26 09:48:38 +0000  copying file ./Payload/Any.app/Stripe_StripeConnect.bundle/lv-LV.lproj/Localizable.strings ... 
2026-05-26 09:48:38 +0000  174 bytes for ./Payload/Any.app/Stripe_StripeConnect.bundle/lv-LV.lproj/Localizable.strings
2026-05-26 09:48:38 +0000  copying file ./Payload/Any.app/Stripe_StripeConnect.bundle/vi.lproj/Localizable.strings ... 
2026-05-26 09:48:38 +0000  175 bytes for ./Payload/Any.app/Stripe_StripeConnect.bundle/vi.lproj/Localizable.strings
2026-05-26 09:48:38 +0000  copying file ./Payload/Any.app/Stripe_StripeConnect.bundle/ru.lproj/Localizable.strings ... 
2026-05-26 09:48:38 +0000  245 bytes for ./Payload/Any.app/Stripe_StripeConnect.bundle/ru.lproj/Localizable.strings
2026-05-26 09:48:38 +0000  copying file ./Payload/Any.app/Stripe_StripeConnect.bundle/cs-CZ.lproj/Localizable.strings ... 
2026-05-26 09:48:38 +0000  168 bytes for ./Payload/Any.app/Stripe_StripeConnect.bundle/cs-CZ.lproj/Localizable.strings
2026-05-26 09:48:38 +0000  copying file ./Payload/Any.app/Stripe_StripeConnect.bundle/sk-SK.lproj/Localizable.strings ... 
2026-05-26 09:48:38 +0000  156 bytes for ./Payload/Any.app/Stripe_StripeConnect.bundle/sk-SK.lproj/Localizable.strings
2026-05-26 09:48:38 +0000  copying file ./Payload/Any.app/Stripe_StripeConnect.bundle/sl-SI.lproj/Localizable.strings ... 
2026-05-26 09:48:38 +0000  163 bytes for ./Payload/Any.app/Stripe_StripeConnect.bundle/sl-SI.lproj/Localizable.strings
2026-05-26 09:48:38 +0000  copying file ./Payload/Any.app/Stripe_StripeConnect.bundle/fr.lproj/Localizable.strings ... 
2026-05-26 09:48:38 +0000  171 bytes for ./Payload/Any.app/Stripe_StripeConnect.bundle/fr.lproj/Localizable.strings
2026-05-26 09:48:38 +0000  copying file ./Payload/Any.app/Stripe_StripeConnect.bundle/fi.lproj/Localizable.strings ... 
2026-05-26 09:48:38 +0000  154 bytes for ./Payload/Any.app/Stripe_StripeConnect.bundle/fi.lproj/Localizable.strings
2026-05-26 09:48:38 +0000  copying file ./Payload/Any.app/Stripe_StripeConnect.bundle/id.lproj/Localizable.strings ... 
2026-05-26 09:48:38 +0000  148 bytes for ./Payload/Any.app/Stripe_StripeConnect.bundle/id.lproj/Localizable.strings
2026-05-26 09:48:38 +0000  copying file ./Payload/Any.app/Stripe_StripeConnect.bundle/nl.lproj/Localizable.strings ... 
2026-05-26 09:48:38 +0000  163 bytes for ./Payload/Any.app/Stripe_StripeConnect.bundle/nl.lproj/Localizable.strings
2026-05-26 09:48:38 +0000  copying file ./Payload/Any.app/Stripe_StripeConnect.bundle/th.lproj/Localizable.strings ... 
2026-05-26 09:48:38 +0000  295 bytes for ./Payload/Any.app/Stripe_StripeConnect.bundle/th.lproj/Localizable.strings
2026-05-26 09:48:38 +0000  copying file ./Payload/Any.app/Stripe_StripeConnect.bundle/pl-PL.lproj/Localizable.strings ... 
2026-05-26 09:48:38 +0000  169 bytes for ./Payload/Any.app/Stripe_StripeConnect.bundle/pl-PL.lproj/Localizable.strings
2026-05-26 09:48:38 +0000  copying file ./Payload/Any.app/Stripe_StripeConnect.bundle/pt-PT.lproj/Localizable.strings ... 
2026-05-26 09:48:38 +0000  159 bytes for ./Payload/Any.app/Stripe_StripeConnect.bundle/pt-PT.lproj/Localizable.strings
2026-05-26 09:48:38 +0000  copying file ./Payload/Any.app/Stripe_StripeConnect.bundle/Info.plist ... 
2026-05-26 09:48:38 +0000  693 bytes for ./Payload/Any.app/Stripe_StripeConnect.bundle/Info.plist
2026-05-26 09:48:38 +0000  copying file ./Payload/Any.app/Stripe_StripeConnect.bundle/hr.lproj/Localizable.strings ... 
2026-05-26 09:48:38 +0000  164 bytes for ./Payload/Any.app/Stripe_StripeConnect.bundle/hr.lproj/Localizable.strings
2026-05-26 09:48:38 +0000  copying file ./Payload/Any.app/PreviousWorkerCell.nib ... 
2026-05-26 09:48:38 +0000  6699 bytes for ./Payload/Any.app/PreviousWorkerCell.nib
2026-05-26 09:48:38 +0000  copying file ./Payload/Any.app/ClientListCell.nib ... 
2026-05-26 09:48:38 +0000  8131 bytes for ./Payload/Any.app/ClientListCell.nib
2026-05-26 09:48:38 +0000  copying file ./Payload/Any.app/Stripe_StripePaymentsUI.bundle/de.lproj/Localizable.strings ... 
2026-05-26 09:48:38 +0000  2055 bytes for ./Payload/Any.app/Stripe_StripePaymentsUI.bundle/de.lproj/Localizable.strings
2026-05-26 09:48:38 +0000  copying file ./Payload/Any.app/Stripe_StripePaymentsUI.bundle/lt-LT.lproj/Localizable.strings ... 
2026-05-26 09:48:38 +0000  2170 bytes for ./Payload/Any.app/Stripe_StripePaymentsUI.bundle/lt-LT.lproj/Localizable.strings
2026-05-26 09:48:38 +0000  copying file ./Payload/Any.app/Stripe_StripePaymentsUI.bundle/zh-Hans.lproj/Localizable.strings ... 
2026-05-26 09:48:38 +0000  1938 bytes for ./Payload/Any.app/Stripe_StripePaymentsUI.bundle/zh-Hans.lproj/Localizable.strings
2026-05-26 09:48:38 +0000  copying file ./Payload/Any.app/Stripe_StripePaymentsUI.bundle/ja.lproj/Localizable.strings ... 
2026-05-26 09:48:38 +0000  2286 bytes for ./Payload/Any.app/Stripe_StripePaymentsUI.bundle/ja.lproj/Localizable.strings
2026-05-26 09:48:38 +0000  copying file ./Payload/Any.app/Stripe_StripePaymentsUI.bundle/el-GR.lproj/Localizable.strings ... 
2026-05-26 09:48:38 +0000  3051 bytes for ./Payload/Any.app/Stripe_StripePaymentsUI.bundle/el-GR.lproj/Localizable.strings
2026-05-26 09:48:38 +0000  copying file ./Payload/Any.app/Stripe_StripePaymentsUI.bundle/ms-MY.lproj/Localizable.strings ... 
2026-05-26 09:48:38 +0000  1973 bytes for ./Payload/Any.app/Stripe_StripePaymentsUI.bundle/ms-MY.lproj/Localizable.strings
2026-05-26 09:48:38 +0000  copying file ./Payload/Any.app/Stripe_StripePaymentsUI.bundle/en.lproj/Localizable.strings ... 
2026-05-26 09:48:38 +0000  4523 bytes for ./Payload/Any.app/Stripe_StripePaymentsUI.bundle/en.lproj/Localizable.strings
2026-05-26 09:48:38 +0000  copying file ./Payload/Any.app/Stripe_StripePaymentsUI.bundle/zh-HK.lproj/Localizable.strings ... 
2026-05-26 09:48:38 +0000  1947 bytes for ./Payload/Any.app/Stripe_StripePaymentsUI.bundle/zh-HK.lproj/Localizable.strings
2026-05-26 09:48:38 +0000  copying file ./Payload/Any.app/Stripe_StripePaymentsUI.bundle/mt.lproj/Localizable.strings ... 
2026-05-26 09:48:38 +0000  2230 bytes for ./Payload/Any.app/Stripe_StripePaymentsUI.bundle/mt.lproj/Localizable.strings
2026-05-26 09:48:38 +0000  copying file ./Payload/Any.app/Stripe_StripePaymentsUI.bundle/nb.lproj/Localizable.strings ... 
2026-05-26 09:48:38 +0000  1940 bytes for ./Payload/Any.app/Stripe_StripePaymentsUI.bundle/nb.lproj/Localizable.strings
2026-05-26 09:48:38 +0000  copying file ./Payload/Any.app/Stripe_StripePaymentsUI.bundle/ca-ES.lproj/Localizable.strings ... 
2026-05-26 09:48:38 +0000  2201 bytes for ./Payload/Any.app/Stripe_StripePaymentsUI.bundle/ca-ES.lproj/Localizable.strings
2026-05-26 09:48:38 +0000  copying file ./Payload/Any.app/Stripe_StripePaymentsUI.bundle/en-GB.lproj/Localizable.strings ... 
2026-05-26 09:48:38 +0000  1936 bytes for ./Payload/Any.app/Stripe_StripePaymentsUI.bundle/en-GB.lproj/Localizable.strings
2026-05-26 09:48:38 +0000  copying file ./Payload/Any.app/Stripe_StripePaymentsUI.bundle/es.lproj/Localizable.strings ... 
2026-05-26 09:48:38 +0000  2171 bytes for ./Payload/Any.app/Stripe_StripePaymentsUI.bundle/es.lproj/Localizable.strings
2026-05-26 09:48:38 +0000  copying file ./Payload/Any.app/Stripe_StripePaymentsUI.bundle/da.lproj/Localizable.strings ... 
2026-05-26 09:48:38 +0000  1934 bytes for ./Payload/Any.app/Stripe_StripePaymentsUI.bundle/da.lproj/Localizable.strings
2026-05-26 09:48:38 +0000  copying file ./Payload/Any.app/Stripe_StripePaymentsUI.bundle/es-419.lproj/Localizable.strings ... 
2026-05-26 09:48:38 +0000  2175 bytes for ./Payload/Any.app/Stripe_StripePaymentsUI.bundle/es-419.lproj/Localizable.strings
2026-05-26 09:48:38 +0000  copying file ./Payload/Any.app/Stripe_StripePaymentsUI.bundle/au_becs_bsb.json ... 
2026-05-26 09:48:38 +0000  7696 bytes for ./Payload/Any.app/Stripe_StripePaymentsUI.bundle/au_becs_bsb.json
2026-05-26 09:48:38 +0000  copying file ./Payload/Any.app/Stripe_StripePaymentsUI.bundle/it.lproj/Localizable.strings ... 
2026-05-26 09:48:38 +0000  2143 bytes for ./Payload/Any.app/Stripe_StripePaymentsUI.bundle/it.lproj/Localizable.strings
2026-05-26 09:48:38 +0000  copying file ./Payload/Any.app/Stripe_StripePaymentsUI.bundle/fr-CA.lproj/Localizable.strings ... 
2026-05-26 09:48:38 +0000  2220 bytes for ./Payload/Any.app/Stripe_StripePaymentsUI.bundle/fr-CA.lproj/Localizable.strings
2026-05-26 09:48:38 +0000  copying file ./Payload/Any.app/Stripe_StripePaymentsUI.bundle/bg-BG.lproj/Localizable.strings ... 
2026-05-26 09:48:38 +0000  2778 bytes for ./Payload/Any.app/Stripe_StripePaymentsUI.bundle/bg-BG.lproj/Localizable.strings
2026-05-26 09:48:38 +0000  copying file ./Payload/Any.app/Stripe_StripePaymentsUI.bundle/sv.lproj/Localizable.strings ... 
2026-05-26 09:48:38 +0000  1973 bytes for ./Payload/Any.app/Stripe_StripePaymentsUI.bundle/sv.lproj/Localizable.strings
2026-05-26 09:48:38 +0000  copying file ./Payload/Any.app/Stripe_StripePaymentsUI.bundle/ko.lproj/Localizable.strings ... 
2026-05-26 09:48:38 +0000  2143 bytes for ./Payload/Any.app/Stripe_StripePaymentsUI.bundle/ko.lproj/Localizable.strings
2026-05-26 09:48:38 +0000  copying file ./Payload/Any.app/Stripe_StripePaymentsUI.bundle/fil.lproj/Localizable.strings ... 
2026-05-26 09:48:38 +0000  2138 bytes for ./Payload/Any.app/Stripe_StripePaymentsUI.bundle/fil.lproj/Localizable.strings
2026-05-26 09:48:38 +0000  copying file ./Payload/Any.app/Stripe_StripePaymentsUI.bundle/zh-Hant.lproj/Localizable.strings ... 
2026-05-26 09:48:38 +0000  1911 bytes for ./Payload/Any.app/Stripe_StripePaymentsUI.bundle/zh-Hant.lproj/Localizable.strings
2026-05-26 09:48:38 +0000  copying file ./Payload/Any.app/Stripe_StripePaymentsUI.bundle/tk.lproj/Localizable.strings ... 
2026-05-26 09:48:38 +0000  0 bytes for ./Payload/Any.app/Stripe_StripePaymentsUI.bundle/tk.lproj/Localizable.strings
2026-05-26 09:48:38 +0000  copying file ./Payload/Any.app/Stripe_StripePaymentsUI.bundle/ro-RO.lproj/Localizable.strings ... 
2026-05-26 09:48:38 +0000  2111 bytes for ./Payload/Any.app/Stripe_StripePaymentsUI.bundle/ro-RO.lproj/Localizable.strings
2026-05-26 09:48:38 +0000  copying file ./Payload/Any.app/Stripe_StripePaymentsUI.bundle/hu.lproj/Localizable.strings ... 
2026-05-26 09:48:38 +0000  2072 bytes for ./Payload/Any.app/Stripe_StripePaymentsUI.bundle/hu.lproj/Localizable.strings
2026-05-26 09:48:38 +0000  copying file ./Payload/Any.app/Stripe_StripePaymentsUI.bundle/Assets.car ... 
2026-05-26 09:48:38 +0000  340968 bytes for ./Payload/Any.app/Stripe_StripePaymentsUI.bundle/Assets.car
2026-05-26 09:48:38 +0000  copying file ./Payload/Any.app/Stripe_StripePaymentsUI.bundle/tr.lproj/Localizable.strings ... 
2026-05-26 09:48:38 +0000  2001 bytes for ./Payload/Any.app/Stripe_StripePaymentsUI.bundle/tr.lproj/Localizable.strings
2026-05-26 09:48:38 +0000  copying file ./Payload/Any.app/Stripe_StripePaymentsUI.bundle/et-EE.lproj/Localizable.strings ... 
2026-05-26 09:48:38 +0000  1907 bytes for ./Payload/Any.app/Stripe_StripePaymentsUI.bundle/et-EE.lproj/Localizable.strings
2026-05-26 09:48:38 +0000  copying file ./Payload/Any.app/Stripe_StripePaymentsUI.bundle/pt-BR.lproj/Localizable.strings ... 
2026-05-26 09:48:38 +0000  1973 bytes for ./Payload/Any.app/Stripe_StripePaymentsUI.bundle/pt-BR.lproj/Localizable.strings
2026-05-26 09:48:38 +0000  copying file ./Payload/Any.app/Stripe_StripePaymentsUI.bundle/lv-LV.lproj/Localizable.strings ... 
2026-05-26 09:48:38 +0000  2078 bytes for ./Payload/Any.app/Stripe_StripePaymentsUI.bundle/lv-LV.lproj/Localizable.strings
2026-05-26 09:48:38 +0000  copying file ./Payload/Any.app/Stripe_StripePaymentsUI.bundle/vi.lproj/Localizable.strings ... 
2026-05-26 09:48:38 +0000  2234 bytes for ./Payload/Any.app/Stripe_StripePaymentsUI.bundle/vi.lproj/Localizable.strings
2026-05-26 09:48:38 +0000  copying file ./Payload/Any.app/Stripe_StripePaymentsUI.bundle/ru.lproj/Localizable.strings ... 
2026-05-26 09:48:38 +0000  2786 bytes for ./Payload/Any.app/Stripe_StripePaymentsUI.bundle/ru.lproj/Localizable.strings
2026-05-26 09:48:38 +0000  copying file ./Payload/Any.app/Stripe_StripePaymentsUI.bundle/cs-CZ.lproj/Localizable.strings ... 
2026-05-26 09:48:38 +0000  2071 bytes for ./Payload/Any.app/Stripe_StripePaymentsUI.bundle/cs-CZ.lproj/Localizable.strings
2026-05-26 09:48:38 +0000  copying file ./Payload/Any.app/Stripe_StripePaymentsUI.bundle/sk-SK.lproj/Localizable.strings ... 
2026-05-26 09:48:38 +0000  2161 bytes for ./Payload/Any.app/Stripe_StripePaymentsUI.bundle/sk-SK.lproj/Localizable.strings
2026-05-26 09:48:38 +0000  copying file ./Payload/Any.app/Stripe_StripePaymentsUI.bundle/sl-SI.lproj/Localizable.strings ... 
2026-05-26 09:48:38 +0000  2109 bytes for ./Payload/Any.app/Stripe_StripePaymentsUI.bundle/sl-SI.lproj/Localizable.strings
2026-05-26 09:48:38 +0000  copying file ./Payload/Any.app/Stripe_StripePaymentsUI.bundle/fr.lproj/Localizable.strings ... 
2026-05-26 09:48:38 +0000  2318 bytes for ./Payload/Any.app/Stripe_StripePaymentsUI.bundle/fr.lproj/Localizable.strings
2026-05-26 09:48:38 +0000  copying file ./Payload/Any.app/Stripe_StripePaymentsUI.bundle/fi.lproj/Localizable.strings ... 
2026-05-26 09:48:38 +0000  1993 bytes for ./Payload/Any.app/Stripe_StripePaymentsUI.bundle/fi.lproj/Localizable.strings
2026-05-26 09:48:38 +0000  copying file ./Payload/Any.app/Stripe_StripePaymentsUI.bundle/id.lproj/Localizable.strings ... 
2026-05-26 09:48:38 +0000  2021 bytes for ./Payload/Any.app/Stripe_StripePaymentsUI.bundle/id.lproj/Localizable.strings
2026-05-26 09:48:38 +0000  copying file ./Payload/Any.app/Stripe_StripePaymentsUI.bundle/nl.lproj/Localizable.strings ... 
2026-05-26 09:48:38 +0000  2029 bytes for ./Payload/Any.app/Stripe_StripePaymentsUI.bundle/nl.lproj/Localizable.strings
2026-05-26 09:48:38 +0000  copying file ./Payload/Any.app/Stripe_StripePaymentsUI.bundle/th.lproj/Localizable.strings ... 
2026-05-26 09:48:38 +0000  3219 bytes for ./Payload/Any.app/Stripe_StripePaymentsUI.bundle/th.lproj/Localizable.strings
2026-05-26 09:48:38 +0000  copying file ./Payload/Any.app/Stripe_StripePaymentsUI.bundle/pl-PL.lproj/Localizable.strings ... 
2026-05-26 09:48:38 +0000  2089 bytes for ./Payload/Any.app/Stripe_StripePaymentsUI.bundle/pl-PL.lproj/Localizable.strings
2026-05-26 09:48:38 +0000  copying file ./Payload/Any.app/Stripe_StripePaymentsUI.bundle/pt-PT.lproj/Localizable.strings ... 
2026-05-26 09:48:38 +0000  2124 bytes for ./Payload/Any.app/Stripe_StripePaymentsUI.bundle/pt-PT.lproj/Localizable.strings
2026-05-26 09:48:38 +0000  copying file ./Payload/Any.app/Stripe_StripePaymentsUI.bundle/Info.plist ... 
2026-05-26 09:48:38 +0000  699 bytes for ./Payload/Any.app/Stripe_StripePaymentsUI.bundle/Info.plist
2026-05-26 09:48:38 +0000  copying file ./Payload/Any.app/Stripe_StripePaymentsUI.bundle/hr.lproj/Localizable.strings ... 
2026-05-26 09:48:38 +0000  2057 bytes for ./Payload/Any.app/Stripe_StripePaymentsUI.bundle/hr.lproj/Localizable.strings
2026-05-26 09:48:38 +0000  copying file ./Payload/Any.app/WorkerDtCell.nib ... 
2026-05-26 09:48:38 +0000  4610 bytes for ./Payload/Any.app/WorkerDtCell.nib
2026-05-26 09:48:38 +0000  copying file ./Payload/Any.app/AppIcon60x60@2x.png ... 
2026-05-26 09:48:38 +0000  2930 bytes for ./Payload/Any.app/AppIcon60x60@2x.png
2026-05-26 09:48:38 +0000  copying file ./Payload/Any.app/TopBar.nib ... 
2026-05-26 09:48:38 +0000  9163 bytes for ./Payload/Any.app/TopBar.nib
2026-05-26 09:48:38 +0000  copying file ./Payload/Any.app/DateWiseCell.nib ... 
2026-05-26 09:48:38 +0000  4526 bytes for ./Payload/Any.app/DateWiseCell.nib
2026-05-26 09:48:38 +0000  copying file ./Payload/Any.app/Stripe_Stripe3DS2.bundle/de.lproj/Localizable.strings ... 
2026-05-26 09:48:38 +0000  1591 bytes for ./Payload/Any.app/Stripe_Stripe3DS2.bundle/de.lproj/Localizable.strings
2026-05-26 09:48:38 +0000  copying file ./Payload/Any.app/Stripe_Stripe3DS2.bundle/lt-LT.lproj/Localizable.strings ... 
2026-05-26 09:48:38 +0000  1775 bytes for ./Payload/Any.app/Stripe_Stripe3DS2.bundle/lt-LT.lproj/Localizable.strings
2026-05-26 09:48:38 +0000  copying file ./Payload/Any.app/Stripe_Stripe3DS2.bundle/zh-Hans.lproj/Localizable.strings ... 
2026-05-26 09:48:38 +0000  1483 bytes for ./Payload/Any.app/Stripe_Stripe3DS2.bundle/zh-Hans.lproj/Localizable.strings
2026-05-26 09:48:38 +0000  copying file ./Payload/Any.app/Stripe_Stripe3DS2.bundle/ja.lproj/Localizable.strings ... 
2026-05-26 09:48:38 +0000  1673 bytes for ./Payload/Any.app/Stripe_Stripe3DS2.bundle/ja.lproj/Localizable.strings
2026-05-26 09:48:38 +0000  copying file ./Payload/Any.app/Stripe_Stripe3DS2.bundle/el-GR.lproj/Localizable.strings ... 
2026-05-26 09:48:38 +0000  1775 bytes for ./Payload/Any.app/Stripe_Stripe3DS2.bundle/el-GR.lproj/Localizable.strings
2026-05-26 09:48:38 +0000  copying file ./Payload/Any.app/Stripe_Stripe3DS2.bundle/ms-MY.lproj/Localizable.strings ... 
2026-05-26 09:48:38 +0000  1775 bytes for ./Payload/Any.app/Stripe_Stripe3DS2.bundle/ms-MY.lproj/Localizable.strings
2026-05-26 09:48:38 +0000  copying file ./Payload/Any.app/Stripe_Stripe3DS2.bundle/en.lproj/Localizable.strings ... 
2026-05-26 09:48:38 +0000  1775 bytes for ./Payload/Any.app/Stripe_Stripe3DS2.bundle/en.lproj/Localizable.strings
2026-05-26 09:48:38 +0000  copying file ./Payload/Any.app/Stripe_Stripe3DS2.bundle/zh-HK.lproj/Localizable.strings ... 
2026-05-26 09:48:38 +0000  1470 bytes for ./Payload/Any.app/Stripe_Stripe3DS2.bundle/zh-HK.lproj/Localizable.strings
2026-05-26 09:48:38 +0000  copying file ./Payload/Any.app/Stripe_Stripe3DS2.bundle/mt.lproj/Localizable.strings ... 
2026-05-26 09:48:38 +0000  1598 bytes for ./Payload/Any.app/Stripe_Stripe3DS2.bundle/mt.lproj/Localizable.strings
2026-05-26 09:48:38 +0000  copying file ./Payload/Any.app/Stripe_Stripe3DS2.bundle/nb.lproj/Localizable.strings ... 
2026-05-26 09:48:38 +0000  1479 bytes for ./Payload/Any.app/Stripe_Stripe3DS2.bundle/nb.lproj/Localizable.strings
2026-05-26 09:48:38 +0000  copying file ./Payload/Any.app/Stripe_Stripe3DS2.bundle/ca-ES.lproj/Localizable.strings ... 
2026-05-26 09:48:38 +0000  1775 bytes for ./Payload/Any.app/Stripe_Stripe3DS2.bundle/ca-ES.lproj/Localizable.strings
2026-05-26 09:48:38 +0000  copying file ./Payload/Any.app/Stripe_Stripe3DS2.bundle/en-GB.lproj/Localizable.strings ... 
2026-05-26 09:48:38 +0000  1511 bytes for ./Payload/Any.app/Stripe_Stripe3DS2.bundle/en-GB.lproj/Localizable.strings
2026-05-26 09:48:38 +0000  copying file ./Payload/Any.app/Stripe_Stripe3DS2.bundle/es.lproj/Localizable.strings ... 
2026-05-26 09:48:38 +0000  1570 bytes for ./Payload/Any.app/Stripe_Stripe3DS2.bundle/es.lproj/Localizable.strings
2026-05-26 09:48:38 +0000  copying file ./Payload/Any.app/Stripe_Stripe3DS2.bundle/da.lproj/Localizable.strings ... 
2026-05-26 09:48:38 +0000  1530 bytes for ./Payload/Any.app/Stripe_Stripe3DS2.bundle/da.lproj/Localizable.strings
2026-05-26 09:48:38 +0000  copying file ./Payload/Any.app/Stripe_Stripe3DS2.bundle/es-419.lproj/Localizable.strings ... 
2026-05-26 09:48:38 +0000  1570 bytes for ./Payload/Any.app/Stripe_Stripe3DS2.bundle/es-419.lproj/Localizable.strings
2026-05-26 09:48:38 +0000  copying file ./Payload/Any.app/Stripe_Stripe3DS2.bundle/it.lproj/Localizable.strings ... 
2026-05-26 09:48:38 +0000  1584 bytes for ./Payload/Any.app/Stripe_Stripe3DS2.bundle/it.lproj/Localizable.strings
2026-05-26 09:48:38 +0000  copying file ./Payload/Any.app/Stripe_Stripe3DS2.bundle/fr-CA.lproj/Localizable.strings ... 
2026-05-26 09:48:38 +0000  1599 bytes for ./Payload/Any.app/Stripe_Stripe3DS2.bundle/fr-CA.lproj/Localizable.strings
2026-05-26 09:48:38 +0000  copying file ./Payload/Any.app/Stripe_Stripe3DS2.bundle/bg-BG.lproj/Localizable.strings ... 
2026-05-26 09:48:38 +0000  1775 bytes for ./Payload/Any.app/Stripe_Stripe3DS2.bundle/bg-BG.lproj/Localizable.strings
2026-05-26 09:48:38 +0000  copying file ./Payload/Any.app/Stripe_Stripe3DS2.bundle/sv.lproj/Localizable.strings ... 
2026-05-26 09:48:38 +0000  1490 bytes for ./Payload/Any.app/Stripe_Stripe3DS2.bundle/sv.lproj/Localizable.strings
2026-05-26 09:48:38 +0000  copying file ./Payload/Any.app/Stripe_Stripe3DS2.bundle/ko.lproj/Localizable.strings ... 
2026-05-26 09:48:38 +0000  1585 bytes for ./Payload/Any.app/Stripe_Stripe3DS2.bundle/ko.lproj/Localizable.strings
2026-05-26 09:48:38 +0000  copying file ./Payload/Any.app/Stripe_Stripe3DS2.bundle/fil.lproj/Localizable.strings ... 
2026-05-26 09:48:38 +0000  1775 bytes for ./Payload/Any.app/Stripe_Stripe3DS2.bundle/fil.lproj/Localizable.strings
2026-05-26 09:48:38 +0000  copying file ./Payload/Any.app/Stripe_Stripe3DS2.bundle/zh-Hant.lproj/Localizable.strings ... 
2026-05-26 09:48:38 +0000  1473 bytes for ./Payload/Any.app/Stripe_Stripe3DS2.bundle/zh-Hant.lproj/Localizable.strings
2026-05-26 09:48:38 +0000  copying file ./Payload/Any.app/Stripe_Stripe3DS2.bundle/ro-RO.lproj/Localizable.strings ... 
2026-05-26 09:48:38 +0000  1775 bytes for ./Payload/Any.app/Stripe_Stripe3DS2.bundle/ro-RO.lproj/Localizable.strings
2026-05-26 09:48:38 +0000  copying file ./Payload/Any.app/Stripe_Stripe3DS2.bundle/hu.lproj/Localizable.strings ... 
2026-05-26 09:48:38 +0000  1542 bytes for ./Payload/Any.app/Stripe_Stripe3DS2.bundle/hu.lproj/Localizable.strings
2026-05-26 09:48:38 +0000  copying file ./Payload/Any.app/Stripe_Stripe3DS2.bundle/Assets.car ... 
2026-05-26 09:48:38 +0000  107032 bytes for ./Payload/Any.app/Stripe_Stripe3DS2.bundle/Assets.car
2026-05-26 09:48:38 +0000  copying file ./Payload/Any.app/Stripe_Stripe3DS2.bundle/tr.lproj/Localizable.strings ... 
2026-05-26 09:48:38 +0000  1566 bytes for ./Payload/Any.app/Stripe_Stripe3DS2.bundle/tr.lproj/Localizable.strings
2026-05-26 09:48:38 +0000  copying file ./Payload/Any.app/Stripe_Stripe3DS2.bundle/et-EE.lproj/Localizable.strings ... 
2026-05-26 09:48:38 +0000  1775 bytes for ./Payload/Any.app/Stripe_Stripe3DS2.bundle/et-EE.lproj/Localizable.strings
2026-05-26 09:48:38 +0000  copying file ./Payload/Any.app/Stripe_Stripe3DS2.bundle/pt-BR.lproj/Localizable.strings ... 
2026-05-26 09:48:38 +0000  1564 bytes for ./Payload/Any.app/Stripe_Stripe3DS2.bundle/pt-BR.lproj/Localizable.strings
2026-05-26 09:48:38 +0000  copying file ./Payload/Any.app/Stripe_Stripe3DS2.bundle/lv-LV.lproj/Localizable.strings ... 
2026-05-26 09:48:38 +0000  1775 bytes for ./Payload/Any.app/Stripe_Stripe3DS2.bundle/lv-LV.lproj/Localizable.strings
2026-05-26 09:48:38 +0000  copying file ./Payload/Any.app/Stripe_Stripe3DS2.bundle/vi.lproj/Localizable.strings ... 
2026-05-26 09:48:38 +0000  1775 bytes for ./Payload/Any.app/Stripe_Stripe3DS2.bundle/vi.lproj/Localizable.strings
2026-05-26 09:48:38 +0000  copying file ./Payload/Any.app/Stripe_Stripe3DS2.bundle/PrivacyInfo.xcprivacy ... 
2026-05-26 09:48:38 +0000  972 bytes for ./Payload/Any.app/Stripe_Stripe3DS2.bundle/PrivacyInfo.xcprivacy
2026-05-26 09:48:38 +0000  copying file ./Payload/Any.app/Stripe_Stripe3DS2.bundle/ru.lproj/Localizable.strings ... 
2026-05-26 09:48:38 +0000  1956 bytes for ./Payload/Any.app/Stripe_Stripe3DS2.bundle/ru.lproj/Localizable.strings
2026-05-26 09:48:38 +0000  copying file ./Payload/Any.app/Stripe_Stripe3DS2.bundle/cs-CZ.lproj/Localizable.strings ... 
2026-05-26 09:48:38 +0000  1775 bytes for ./Payload/Any.app/Stripe_Stripe3DS2.bundle/cs-CZ.lproj/Localizable.strings
2026-05-26 09:48:38 +0000  copying file ./Payload/Any.app/Stripe_Stripe3DS2.bundle/sk-SK.lproj/Localizable.strings ... 
2026-05-26 09:48:38 +0000  1775 bytes for ./Payload/Any.app/Stripe_Stripe3DS2.bundle/sk-SK.lproj/Localizable.strings
2026-05-26 09:48:38 +0000  copying file ./Payload/Any.app/Stripe_Stripe3DS2.bundle/sl-SI.lproj/Localizable.strings ... 
2026-05-26 09:48:38 +0000  1775 bytes for ./Payload/Any.app/Stripe_Stripe3DS2.bundle/sl-SI.lproj/Localizable.strings
2026-05-26 09:48:38 +0000  copying file ./Payload/Any.app/Stripe_Stripe3DS2.bundle/fr.lproj/Localizable.strings ... 
2026-05-26 09:48:38 +0000  1597 bytes for ./Payload/Any.app/Stripe_Stripe3DS2.bundle/fr.lproj/Localizable.strings
2026-05-26 09:48:38 +0000  copying file ./Payload/Any.app/Stripe_Stripe3DS2.bundle/fi.lproj/Localizable.strings ... 
2026-05-26 09:48:38 +0000  1589 bytes for ./Payload/Any.app/Stripe_Stripe3DS2.bundle/fi.lproj/Localizable.strings
2026-05-26 09:48:38 +0000  copying file ./Payload/Any.app/Stripe_Stripe3DS2.bundle/id.lproj/Localizable.strings ... 
2026-05-26 09:48:38 +0000  1775 bytes for ./Payload/Any.app/Stripe_Stripe3DS2.bundle/id.lproj/Localizable.strings
2026-05-26 09:48:38 +0000  copying file ./Payload/Any.app/Stripe_Stripe3DS2.bundle/nl.lproj/Localizable.strings ... 
2026-05-26 09:48:38 +0000  1603 bytes for ./Payload/Any.app/Stripe_Stripe3DS2.bundle/nl.lproj/Localizable.strings
2026-05-26 09:48:38 +0000  copying file ./Payload/Any.app/Stripe_Stripe3DS2.bundle/pl-PL.lproj/Localizable.strings ... 
2026-05-26 09:48:38 +0000  1775 bytes for ./Payload/Any.app/Stripe_Stripe3DS2.bundle/pl-PL.lproj/Localizable.strings
2026-05-26 09:48:38 +0000  copying file ./Payload/Any.app/Stripe_Stripe3DS2.bundle/pt-PT.lproj/Localizable.strings ... 
2026-05-26 09:48:38 +0000  1592 bytes for ./Payload/Any.app/Stripe_Stripe3DS2.bundle/pt-PT.lproj/Localizable.strings
2026-05-26 09:48:38 +0000  copying file ./Payload/Any.app/Stripe_Stripe3DS2.bundle/Info.plist ... 
2026-05-26 09:48:38 +0000  687 bytes for ./Payload/Any.app/Stripe_Stripe3DS2.bundle/Info.plist
2026-05-26 09:48:38 +0000  copying file ./Payload/Any.app/Stripe_Stripe3DS2.bundle/hr.lproj/Localizable.strings ... 
2026-05-26 09:48:38 +0000  1775 bytes for ./Payload/Any.app/Stripe_Stripe3DS2.bundle/hr.lproj/Localizable.strings
2026-05-26 09:48:38 +0000  copying file ./Payload/Any.app/AddOutletCell.nib ... 
2026-05-26 09:48:38 +0000  6530 bytes for ./Payload/Any.app/AddOutletCell.nib
2026-05-26 09:48:38 +0000  copying file ./Payload/Any.app/Stripe_StripeCardScan.bundle/de.lproj/Localizable.strings ... 
2026-05-26 09:48:38 +0000  356 bytes for ./Payload/Any.app/Stripe_StripeCardScan.bundle/de.lproj/Localizable.strings
2026-05-26 09:48:38 +0000  copying file ./Payload/Any.app/Stripe_StripeCardScan.bundle/lt-LT.lproj/Localizable.strings ... 
2026-05-26 09:48:38 +0000  357 bytes for ./Payload/Any.app/Stripe_StripeCardScan.bundle/lt-LT.lproj/Localizable.strings
2026-05-26 09:48:38 +0000  copying file ./Payload/Any.app/Stripe_StripeCardScan.bundle/zh-Hans.lproj/Localizable.strings ... 
2026-05-26 09:48:38 +0000  301 bytes for ./Payload/Any.app/Stripe_StripeCardScan.bundle/zh-Hans.lproj/Localizable.strings
2026-05-26 09:48:38 +0000  copying file ./Payload/Any.app/Stripe_StripeCardScan.bundle/ja.lproj/Localizable.strings ... 
2026-05-26 09:48:38 +0000  406 bytes for ./Payload/Any.app/Stripe_StripeCardScan.bundle/ja.lproj/Localizable.strings
2026-05-26 09:48:38 +0000  copying file ./Payload/Any.app/Stripe_StripeCardScan.bundle/el-GR.lproj/Localizable.strings ... 
2026-05-26 09:48:38 +0000  555 bytes for ./Payload/Any.app/Stripe_StripeCardScan.bundle/el-GR.lproj/Localizable.strings
2026-05-26 09:48:38 +0000  copying file ./Payload/Any.app/Stripe_StripeCardScan.bundle/ms-MY.lproj/Localizable.strings ... 
2026-05-26 09:48:38 +0000  334 bytes for ./Payload/Any.app/Stripe_StripeCardScan.bundle/ms-MY.lproj/Localizable.strings
2026-05-26 09:48:38 +0000  copying file ./Payload/Any.app/Stripe_StripeCardScan.bundle/SSDOcr.mlmodelc/model.espresso.shape ... 
2026-05-26 09:48:38 +0000  9325 bytes for ./Payload/Any.app/Stripe_StripeCardScan.bundle/SSDOcr.mlmodelc/model.espresso.shape
2026-05-26 09:48:38 +0000  copying file ./Payload/Any.app/Stripe_StripeCardScan.bundle/SSDOcr.mlmodelc/model.espresso.net ... 
2026-05-26 09:48:38 +0000  49321 bytes for ./Payload/Any.app/Stripe_StripeCardScan.bundle/SSDOcr.mlmodelc/model.espresso.net
2026-05-26 09:48:38 +0000  copying file ./Payload/Any.app/Stripe_StripeCardScan.bundle/SSDOcr.mlmodelc/metadata.json ... 
2026-05-26 09:48:38 +0000  2539 bytes for ./Payload/Any.app/Stripe_StripeCardScan.bundle/SSDOcr.mlmodelc/metadata.json
2026-05-26 09:48:38 +0000  copying file ./Payload/Any.app/Stripe_StripeCardScan.bundle/SSDOcr.mlmodelc/model.espresso.weights ... 
2026-05-26 09:48:38 +0000  1653056 bytes for ./Payload/Any.app/Stripe_StripeCardScan.bundle/SSDOcr.mlmodelc/model.espresso.weights
2026-05-26 09:48:38 +0000  copying file ./Payload/Any.app/Stripe_StripeCardScan.bundle/SSDOcr.mlmodelc/model/coremldata.bin ... 
168 bytes for ./Payload/Any.app/Stripe_StripeCardScan.bundle/SSDOcr.mlmodelc/model/coremldata.bin
2026-05-26 09:48:38 +0000  copying file ./Payload/Any.app/Stripe_StripeCardScan.bundle/SSDOcr.mlmodelc/neural_network_optionals/coremldata.bin ... 
40 bytes for ./Payload/Any.app/Stripe_StripeCardScan.bundle/SSDOcr.mlmodelc/neural_network_optionals/coremldata.bin
2026-05-26 09:48:38 +0000  copying file ./Payload/Any.app/Stripe_StripeCardScan.bundle/SSDOcr.mlmodelc/coremldata.bin ... 
589 bytes for ./Payload/Any.app/Stripe_StripeCardScan.bundle/SSDOcr.mlmodelc/coremldata.bin
2026-05-26 09:48:38 +0000  copying file ./Payload/Any.app/Stripe_StripeCardScan.bundle/SSDOcr.mlmodelc/analytics/coremldata.bin ... 
2026-05-26 09:48:38 +0000  438 bytes for ./Payload/Any.app/Stripe_StripeCardScan.bundle/SSDOcr.mlmodelc/analytics/coremldata.bin
copying file ./Payload/Any.app/Stripe_StripeCardScan.bundle/en.lproj/Localizable.strings ... 
2026-05-26 09:48:38 +0000  654 bytes for ./Payload/Any.app/Stripe_StripeCardScan.bundle/en.lproj/Localizable.strings
2026-05-26 09:48:38 +0000  copying file ./Payload/Any.app/Stripe_StripeCardScan.bundle/zh-HK.lproj/Localizable.strings ... 
2026-05-26 09:48:38 +0000  298 bytes for ./Payload/Any.app/Stripe_StripeCardScan.bundle/zh-HK.lproj/Localizable.strings
copying file ./Payload/Any.app/Stripe_StripeCardScan.bundle/UxModel.mlmodelc/model.espresso.shape ... 
2026-05-26 09:48:38 +0000  18637 bytes for ./Payload/Any.app/Stripe_StripeCardScan.bundle/UxModel.mlmodelc/model.espresso.shape
copying file ./Payload/Any.app/Stripe_StripeCardScan.bundle/UxModel.mlmodelc/model.espresso.net ... 
2026-05-26 09:48:38 +0000  73664 bytes for ./Payload/Any.app/Stripe_StripeCardScan.bundle/UxModel.mlmodelc/model.espresso.net
copying file ./Payload/Any.app/Stripe_StripeCardScan.bundle/UxModel.mlmodelc/metadata.json ... 
2026-05-26 09:48:38 +0000  1526 bytes for ./Payload/Any.app/Stripe_StripeCardScan.bundle/UxModel.mlmodelc/metadata.json
2026-05-26 09:48:38 +0000  copying file ./Payload/Any.app/Stripe_StripeCardScan.bundle/UxModel.mlmodelc/model.espresso.weights ... 
2026-05-26 09:48:38 +0000  1381120 bytes for ./Payload/Any.app/Stripe_StripeCardScan.bundle/UxModel.mlmodelc/model.espresso.weights
2026-05-26 09:48:38 +0000  copying file ./Payload/Any.app/Stripe_StripeCardScan.bundle/UxModel.mlmodelc/model/coremldata.bin ... 
208 bytes for ./Payload/Any.app/Stripe_StripeCardScan.bundle/UxModel.mlmodelc/model/coremldata.bin
2026-05-26 09:48:38 +0000  copying file ./Payload/Any.app/Stripe_StripeCardScan.bundle/UxModel.mlmodelc/neural_network_optionals/coremldata.bin ... 
2026-05-26 09:48:38 +0000  40 bytes for ./Payload/Any.app/Stripe_StripeCardScan.bundle/UxModel.mlmodelc/neural_network_optionals/coremldata.bin
2026-05-26 09:48:38 +0000  copying file ./Payload/Any.app/Stripe_StripeCardScan.bundle/UxModel.mlmodelc/coremldata.bin ... 
2026-05-26 09:48:38 +0000  189 bytes for ./Payload/Any.app/Stripe_StripeCardScan.bundle/UxModel.mlmodelc/coremldata.bin
2026-05-26 09:48:38 +0000  copying file ./Payload/Any.app/Stripe_StripeCardScan.bundle/UxModel.mlmodelc/analytics/coremldata.bin ... 
2026-05-26 09:48:38 +0000  439 bytes for ./Payload/Any.app/Stripe_StripeCardScan.bundle/UxModel.mlmodelc/analytics/coremldata.bin
2026-05-26 09:48:38 +0000  copying file ./Payload/Any.app/Stripe_StripeCardScan.bundle/mt.lproj/Localizable.strings ... 
2026-05-26 09:48:38 +0000  368 bytes for ./Payload/Any.app/Stripe_StripeCardScan.bundle/mt.lproj/Localizable.strings
2026-05-26 09:48:38 +0000  copying file ./Payload/Any.app/Stripe_StripeCardScan.bundle/nb.lproj/Localizable.strings ... 
2026-05-26 09:48:38 +0000  314 bytes for ./Payload/Any.app/Stripe_StripeCardScan.bundle/nb.lproj/Localizable.strings
2026-05-26 09:48:38 +0000  copying file ./Payload/Any.app/Stripe_StripeCardScan.bundle/ca-ES.lproj/Localizable.strings ... 
2026-05-26 09:48:38 +0000  370 bytes for ./Payload/Any.app/Stripe_StripeCardScan.bundle/ca-ES.lproj/Localizable.strings
2026-05-26 09:48:38 +0000  copying file ./Payload/Any.app/Stripe_StripeCardScan.bundle/en-GB.lproj/Localizable.strings ... 
2026-05-26 09:48:38 +0000  308 bytes for ./Payload/Any.app/Stripe_StripeCardScan.bundle/en-GB.lproj/Localizable.strings
2026-05-26 09:48:38 +0000  copying file ./Payload/Any.app/Stripe_StripeCardScan.bundle/es.lproj/Localizable.strings ... 
2026-05-26 09:48:38 +0000  357 bytes for ./Payload/Any.app/Stripe_StripeCardScan.bundle/es.lproj/Localizable.strings
2026-05-26 09:48:38 +0000  copying file ./Payload/Any.app/Stripe_StripeCardScan.bundle/da.lproj/Localizable.strings ... 
2026-05-26 09:48:38 +0000  323 bytes for ./Payload/Any.app/Stripe_StripeCardScan.bundle/da.lproj/Localizable.strings
2026-05-26 09:48:38 +0000  copying file ./Payload/Any.app/Stripe_StripeCardScan.bundle/es-419.lproj/Localizable.strings ... 
2026-05-26 09:48:38 +0000  366 bytes for ./Payload/Any.app/Stripe_StripeCardScan.bundle/es-419.lproj/Localizable.strings
2026-05-26 09:48:38 +0000  copying file ./Payload/Any.app/Stripe_StripeCardScan.bundle/it.lproj/Localizable.strings ... 
2026-05-26 09:48:38 +0000  326 bytes for ./Payload/Any.app/Stripe_StripeCardScan.bundle/it.lproj/Localizable.strings
2026-05-26 09:48:38 +0000  copying file ./Payload/Any.app/Stripe_StripeCardScan.bundle/fr-CA.lproj/Localizable.strings ... 
2026-05-26 09:48:38 +0000  390 bytes for ./Payload/Any.app/Stripe_StripeCardScan.bundle/fr-CA.lproj/Localizable.strings
2026-05-26 09:48:38 +0000  copying file ./Payload/Any.app/Stripe_StripeCardScan.bundle/bg-BG.lproj/Localizable.strings ... 
2026-05-26 09:48:38 +0000  502 bytes for ./Payload/Any.app/Stripe_StripeCardScan.bundle/bg-BG.lproj/Localizable.strings
2026-05-26 09:48:38 +0000  copying file ./Payload/Any.app/Stripe_StripeCardScan.bundle/sv.lproj/Localizable.strings ... 
2026-05-26 09:48:38 +0000  343 bytes for ./Payload/Any.app/Stripe_StripeCardScan.bundle/sv.lproj/Localizable.strings
2026-05-26 09:48:38 +0000  copying file ./Payload/Any.app/Stripe_StripeCardScan.bundle/ko.lproj/Localizable.strings ... 
2026-05-26 09:48:38 +0000  337 bytes for ./Payload/Any.app/Stripe_StripeCardScan.bundle/ko.lproj/Localizable.strings
2026-05-26 09:48:38 +0000  copying file ./Payload/Any.app/Stripe_StripeCardScan.bundle/fil.lproj/Localizable.strings ... 
2026-05-26 09:48:38 +0000  368 bytes for ./Payload/Any.app/Stripe_StripeCardScan.bundle/fil.lproj/Localizable.strings
2026-05-26 09:48:38 +0000  copying file ./Payload/Any.app/Stripe_StripeCardScan.bundle/zh-Hant.lproj/Localizable.strings ... 
2026-05-26 09:48:38 +0000  298 bytes for ./Payload/Any.app/Stripe_StripeCardScan.bundle/zh-Hant.lproj/Localizable.strings
2026-05-26 09:48:38 +0000  copying file ./Payload/Any.app/Stripe_StripeCardScan.bundle/ro-RO.lproj/Localizable.strings ... 
2026-05-26 09:48:38 +0000  354 bytes for ./Payload/Any.app/Stripe_StripeCardScan.bundle/ro-RO.lproj/Localizable.strings
2026-05-26 09:48:38 +0000  copying file ./Payload/Any.app/Stripe_StripeCardScan.bundle/hu.lproj/Localizable.strings ... 
2026-05-26 09:48:38 +0000  342 bytes for ./Payload/Any.app/Stripe_StripeCardScan.bundle/hu.lproj/Localizable.strings
2026-05-26 09:48:38 +0000  copying file ./Payload/Any.app/Stripe_StripeCardScan.bundle/tr.lproj/Localizable.strings ... 
2026-05-26 09:48:38 +0000  341 bytes for ./Payload/Any.app/Stripe_StripeCardScan.bundle/tr.lproj/Localizable.strings
2026-05-26 09:48:38 +0000  copying file ./Payload/Any.app/Stripe_StripeCardScan.bundle/et-EE.lproj/Localizable.strings ... 
2026-05-26 09:48:38 +0000  319 bytes for ./Payload/Any.app/Stripe_StripeCardScan.bundle/et-EE.lproj/Localizable.strings
2026-05-26 09:48:38 +0000  copying file ./Payload/Any.app/Stripe_StripeCardScan.bundle/pt-BR.lproj/Localizable.strings ... 
2026-05-26 09:48:38 +0000  350 bytes for ./Payload/Any.app/Stripe_StripeCardScan.bundle/pt-BR.lproj/Localizable.strings
2026-05-26 09:48:38 +0000  copying file ./Payload/Any.app/Stripe_StripeCardScan.bundle/lv-LV.lproj/Localizable.strings ... 
2026-05-26 09:48:38 +0000  337 bytes for ./Payload/Any.app/Stripe_StripeCardScan.bundle/lv-LV.lproj/Localizable.strings
2026-05-26 09:48:38 +0000  copying file ./Payload/Any.app/Stripe_StripeCardScan.bundle/vi.lproj/Localizable.strings ... 
2026-05-26 09:48:38 +0000  354 bytes for ./Payload/Any.app/Stripe_StripeCardScan.bundle/vi.lproj/Localizable.strings
2026-05-26 09:48:38 +0000  copying file ./Payload/Any.app/Stripe_StripeCardScan.bundle/ru.lproj/Localizable.strings ... 
2026-05-26 09:48:38 +0000  448 bytes for ./Payload/Any.app/Stripe_StripeCardScan.bundle/ru.lproj/Localizable.strings
2026-05-26 09:48:38 +0000  copying file ./Payload/Any.app/Stripe_StripeCardScan.bundle/cs-CZ.lproj/Localizable.strings ... 
2026-05-26 09:48:38 +0000  338 bytes for ./Payload/Any.app/Stripe_StripeCardScan.bundle/cs-CZ.lproj/Localizable.strings
2026-05-26 09:48:38 +0000  copying file ./Payload/Any.app/Stripe_StripeCardScan.bundle/sk-SK.lproj/Localizable.strings ... 
2026-05-26 09:48:38 +0000  343 bytes for ./Payload/Any.app/Stripe_StripeCardScan.bundle/sk-SK.lproj/Localizable.strings
2026-05-26 09:48:38 +0000  copying file ./Payload/Any.app/Stripe_StripeCardScan.bundle/sl-SI.lproj/Localizable.strings ... 
2026-05-26 09:48:38 +0000  339 bytes for ./Payload/Any.app/Stripe_StripeCardScan.bundle/sl-SI.lproj/Localizable.strings
2026-05-26 09:48:38 +0000  copying file ./Payload/Any.app/Stripe_StripeCardScan.bundle/fr.lproj/Localizable.strings ... 
2026-05-26 09:48:38 +0000  413 bytes for ./Payload/Any.app/Stripe_StripeCardScan.bundle/fr.lproj/Localizable.strings
2026-05-26 09:48:38 +0000  copying file ./Payload/Any.app/Stripe_StripeCardScan.bundle/fi.lproj/Localizable.strings ... 
2026-05-26 09:48:38 +0000  345 bytes for ./Payload/Any.app/Stripe_StripeCardScan.bundle/fi.lproj/Localizable.strings
2026-05-26 09:48:38 +0000  copying file ./Payload/Any.app/Stripe_StripeCardScan.bundle/id.lproj/Localizable.strings ... 
2026-05-26 09:48:38 +0000  325 bytes for ./Payload/Any.app/Stripe_StripeCardScan.bundle/id.lproj/Localizable.strings
2026-05-26 09:48:38 +0000  copying file ./Payload/Any.app/Stripe_StripeCardScan.bundle/nl.lproj/Localizable.strings ... 
2026-05-26 09:48:38 +0000  352 bytes for ./Payload/Any.app/Stripe_StripeCardScan.bundle/nl.lproj/Localizable.strings
2026-05-26 09:48:38 +0000  copying file ./Payload/Any.app/Stripe_StripeCardScan.bundle/th.lproj/Localizable.strings ... 
2026-05-26 09:48:38 +0000  557 bytes for ./Payload/Any.app/Stripe_StripeCardScan.bundle/th.lproj/Localizable.strings
2026-05-26 09:48:38 +0000  copying file ./Payload/Any.app/Stripe_StripeCardScan.bundle/pl-PL.lproj/Localizable.strings ... 
2026-05-26 09:48:38 +0000  320 bytes for ./Payload/Any.app/Stripe_StripeCardScan.bundle/pl-PL.lproj/Localizable.strings
2026-05-26 09:48:38 +0000  copying file ./Payload/Any.app/Stripe_StripeCardScan.bundle/pt-PT.lproj/Localizable.strings ... 
2026-05-26 09:48:38 +0000  357 bytes for ./Payload/Any.app/Stripe_StripeCardScan.bundle/pt-PT.lproj/Localizable.strings
2026-05-26 09:48:38 +0000  copying file ./Payload/Any.app/Stripe_StripeCardScan.bundle/Info.plist ... 
2026-05-26 09:48:38 +0000  695 bytes for ./Payload/Any.app/Stripe_StripeCardScan.bundle/Info.plist
2026-05-26 09:48:38 +0000  copying file ./Payload/Any.app/Stripe_StripeCardScan.bundle/hr.lproj/Localizable.strings ... 
2026-05-26 09:48:38 +0000  306 bytes for ./Payload/Any.app/Stripe_StripeCardScan.bundle/hr.lproj/Localizable.strings
2026-05-26 09:48:38 +0000  copying file ./Payload/Any.app/GoogleService-Info.plist ... 
2026-05-26 09:48:38 +0000  657 bytes for ./Payload/Any.app/GoogleService-Info.plist
2026-05-26 09:48:38 +0000  copying file ./Payload/Any.app/Stripe_StripeIssuing.bundle/de.lproj/Localizable.strings ... 
2026-05-26 09:48:38 +0000  0 bytes for ./Payload/Any.app/Stripe_StripeIssuing.bundle/de.lproj/Localizable.strings
2026-05-26 09:48:38 +0000  copying file ./Payload/Any.app/Stripe_StripeIssuing.bundle/lt-LT.lproj/Localizable.strings ... 
2026-05-26 09:48:38 +0000  0 bytes for ./Payload/Any.app/Stripe_StripeIssuing.bundle/lt-LT.lproj/Localizable.strings
2026-05-26 09:48:38 +0000  copying file ./Payload/Any.app/Stripe_StripeIssuing.bundle/zh-Hans.lproj/Localizable.strings ... 
0 bytes for ./Payload/Any.app/Stripe_StripeIssuing.bundle/zh-Hans.lproj/Localizable.strings
2026-05-26 09:48:38 +0000  copying file ./Payload/Any.app/Stripe_StripeIssuing.bundle/ja.lproj/Localizable.strings ... 
2026-05-26 09:48:38 +0000  0 bytes for ./Payload/Any.app/Stripe_StripeIssuing.bundle/ja.lproj/Localizable.strings
2026-05-26 09:48:38 +0000  copying file ./Payload/Any.app/Stripe_StripeIssuing.bundle/el-GR.lproj/Localizable.strings ... 
2026-05-26 09:48:38 +0000  0 bytes for ./Payload/Any.app/Stripe_StripeIssuing.bundle/el-GR.lproj/Localizable.strings
2026-05-26 09:48:38 +0000  copying file ./Payload/Any.app/Stripe_StripeIssuing.bundle/ms-MY.lproj/Localizable.strings ... 
0 bytes for ./Payload/Any.app/Stripe_StripeIssuing.bundle/ms-MY.lproj/Localizable.strings
2026-05-26 09:48:38 +0000  copying file ./Payload/Any.app/Stripe_StripeIssuing.bundle/en.lproj/Localizable.strings ... 
2026-05-26 09:48:38 +0000  0 bytes for ./Payload/Any.app/Stripe_StripeIssuing.bundle/en.lproj/Localizable.strings
2026-05-26 09:48:38 +0000  copying file ./Payload/Any.app/Stripe_StripeIssuing.bundle/zh-HK.lproj/Localizable.strings ... 
2026-05-26 09:48:38 +0000  0 bytes for ./Payload/Any.app/Stripe_StripeIssuing.bundle/zh-HK.lproj/Localizable.strings
2026-05-26 09:48:38 +0000  copying file ./Payload/Any.app/Stripe_StripeIssuing.bundle/mt.lproj/Localizable.strings ... 
0 bytes for ./Payload/Any.app/Stripe_StripeIssuing.bundle/mt.lproj/Localizable.strings
2026-05-26 09:48:38 +0000  copying file ./Payload/Any.app/Stripe_StripeIssuing.bundle/nb.lproj/Localizable.strings ... 
2026-05-26 09:48:38 +0000  0 bytes for ./Payload/Any.app/Stripe_StripeIssuing.bundle/nb.lproj/Localizable.strings
2026-05-26 09:48:38 +0000  copying file ./Payload/Any.app/Stripe_StripeIssuing.bundle/ca-ES.lproj/Localizable.strings ... 
2026-05-26 09:48:38 +0000  0 bytes for ./Payload/Any.app/Stripe_StripeIssuing.bundle/ca-ES.lproj/Localizable.strings
2026-05-26 09:48:38 +0000  copying file ./Payload/Any.app/Stripe_StripeIssuing.bundle/en-GB.lproj/Localizable.strings ... 
2026-05-26 09:48:38 +0000  0 bytes for ./Payload/Any.app/Stripe_StripeIssuing.bundle/en-GB.lproj/Localizable.strings
2026-05-26 09:48:38 +0000  copying file ./Payload/Any.app/Stripe_StripeIssuing.bundle/es.lproj/Localizable.strings ... 
2026-05-26 09:48:38 +0000  0 bytes for ./Payload/Any.app/Stripe_StripeIssuing.bundle/es.lproj/Localizable.strings
2026-05-26 09:48:38 +0000  copying file ./Payload/Any.app/Stripe_StripeIssuing.bundle/da.lproj/Localizable.strings ... 
0 bytes for ./Payload/Any.app/Stripe_StripeIssuing.bundle/da.lproj/Localizable.strings
2026-05-26 09:48:38 +0000  copying file ./Payload/Any.app/Stripe_StripeIssuing.bundle/es-419.lproj/Localizable.strings ... 
2026-05-26 09:48:38 +0000  0 bytes for ./Payload/Any.app/Stripe_StripeIssuing.bundle/es-419.lproj/Localizable.strings
2026-05-26 09:48:38 +0000  copying file ./Payload/Any.app/Stripe_StripeIssuing.bundle/it.lproj/Localizable.strings ... 
2026-05-26 09:48:38 +0000  0 bytes for ./Payload/Any.app/Stripe_StripeIssuing.bundle/it.lproj/Localizable.strings
2026-05-26 09:48:38 +0000  copying file ./Payload/Any.app/Stripe_StripeIssuing.bundle/fr-CA.lproj/Localizable.strings ... 
2026-05-26 09:48:38 +0000  0 bytes for ./Payload/Any.app/Stripe_StripeIssuing.bundle/fr-CA.lproj/Localizable.strings
2026-05-26 09:48:38 +0000  copying file ./Payload/Any.app/Stripe_StripeIssuing.bundle/bg-BG.lproj/Localizable.strings ... 
0 bytes for ./Payload/Any.app/Stripe_StripeIssuing.bundle/bg-BG.lproj/Localizable.strings
2026-05-26 09:48:38 +0000  copying file ./Payload/Any.app/Stripe_StripeIssuing.bundle/sv.lproj/Localizable.strings ... 
2026-05-26 09:48:38 +0000  0 bytes for ./Payload/Any.app/Stripe_StripeIssuing.bundle/sv.lproj/Localizable.strings
2026-05-26 09:48:38 +0000  copying file ./Payload/Any.app/Stripe_StripeIssuing.bundle/ko.lproj/Localizable.strings ... 
2026-05-26 09:48:38 +0000  0 bytes for ./Payload/Any.app/Stripe_StripeIssuing.bundle/ko.lproj/Localizable.strings
2026-05-26 09:48:38 +0000  copying file ./Payload/Any.app/Stripe_StripeIssuing.bundle/fil.lproj/Localizable.strings ... 
2026-05-26 09:48:38 +0000  0 bytes for ./Payload/Any.app/Stripe_StripeIssuing.bundle/fil.lproj/Localizable.strings
2026-05-26 09:48:38 +0000  copying file ./Payload/Any.app/Stripe_StripeIssuing.bundle/zh-Hant.lproj/Localizable.strings ... 
0 bytes for ./Payload/Any.app/Stripe_StripeIssuing.bundle/zh-Hant.lproj/Localizable.strings
2026-05-26 09:48:38 +0000  copying file ./Payload/Any.app/Stripe_StripeIssuing.bundle/ro-RO.lproj/Localizable.strings ... 
2026-05-26 09:48:38 +0000  0 bytes for ./Payload/Any.app/Stripe_StripeIssuing.bundle/ro-RO.lproj/Localizable.strings
2026-05-26 09:48:38 +0000  copying file ./Payload/Any.app/Stripe_StripeIssuing.bundle/hu.lproj/Localizable.strings ... 
2026-05-26 09:48:38 +0000  0 bytes for ./Payload/Any.app/Stripe_StripeIssuing.bundle/hu.lproj/Localizable.strings
2026-05-26 09:48:38 +0000  copying file ./Payload/Any.app/Stripe_StripeIssuing.bundle/tr.lproj/Localizable.strings ... 
2026-05-26 09:48:38 +0000  0 bytes for ./Payload/Any.app/Stripe_StripeIssuing.bundle/tr.lproj/Localizable.strings
2026-05-26 09:48:38 +0000  copying file ./Payload/Any.app/Stripe_StripeIssuing.bundle/et-EE.lproj/Localizable.strings ... 
0 bytes for ./Payload/Any.app/Stripe_StripeIssuing.bundle/et-EE.lproj/Localizable.strings
2026-05-26 09:48:38 +0000  copying file ./Payload/Any.app/Stripe_StripeIssuing.bundle/pt-BR.lproj/Localizable.strings ... 
2026-05-26 09:48:38 +0000  0 bytes for ./Payload/Any.app/Stripe_StripeIssuing.bundle/pt-BR.lproj/Localizable.strings
2026-05-26 09:48:38 +0000  copying file ./Payload/Any.app/Stripe_StripeIssuing.bundle/lv-LV.lproj/Localizable.strings ... 
2026-05-26 09:48:38 +0000  0 bytes for ./Payload/Any.app/Stripe_StripeIssuing.bundle/lv-LV.lproj/Localizable.strings
2026-05-26 09:48:38 +0000  copying file ./Payload/Any.app/Stripe_StripeIssuing.bundle/vi.lproj/Localizable.strings ... 
0 bytes for ./Payload/Any.app/Stripe_StripeIssuing.bundle/vi.lproj/Localizable.strings
2026-05-26 09:48:38 +0000  copying file ./Payload/Any.app/Stripe_StripeIssuing.bundle/ru.lproj/Localizable.strings ... 
2026-05-26 09:48:38 +0000  0 bytes for ./Payload/Any.app/Stripe_StripeIssuing.bundle/ru.lproj/Localizable.strings
2026-05-26 09:48:38 +0000  copying file ./Payload/Any.app/Stripe_StripeIssuing.bundle/cs-CZ.lproj/Localizable.strings ... 
2026-05-26 09:48:38 +0000  0 bytes for ./Payload/Any.app/Stripe_StripeIssuing.bundle/cs-CZ.lproj/Localizable.strings
2026-05-26 09:48:38 +0000  copying file ./Payload/Any.app/Stripe_StripeIssuing.bundle/sk-SK.lproj/Localizable.strings ... 
2026-05-26 09:48:38 +0000  0 bytes for ./Payload/Any.app/Stripe_StripeIssuing.bundle/sk-SK.lproj/Localizable.strings
2026-05-26 09:48:38 +0000  copying file ./Payload/Any.app/Stripe_StripeIssuing.bundle/sl-SI.lproj/Localizable.strings ... 
2026-05-26 09:48:38 +0000  0 bytes for ./Payload/Any.app/Stripe_StripeIssuing.bundle/sl-SI.lproj/Localizable.strings
2026-05-26 09:48:38 +0000  copying file ./Payload/Any.app/Stripe_StripeIssuing.bundle/fr.lproj/Localizable.strings ... 
0 bytes for ./Payload/Any.app/Stripe_StripeIssuing.bundle/fr.lproj/Localizable.strings
2026-05-26 09:48:38 +0000  copying file ./Payload/Any.app/Stripe_StripeIssuing.bundle/fi.lproj/Localizable.strings ... 
2026-05-26 09:48:38 +0000  0 bytes for ./Payload/Any.app/Stripe_StripeIssuing.bundle/fi.lproj/Localizable.strings
2026-05-26 09:48:38 +0000  copying file ./Payload/Any.app/Stripe_StripeIssuing.bundle/id.lproj/Localizable.strings ... 
0 bytes for ./Payload/Any.app/Stripe_StripeIssuing.bundle/id.lproj/Localizable.strings
2026-05-26 09:48:38 +0000  copying file ./Payload/Any.app/Stripe_StripeIssuing.bundle/nl.lproj/Localizable.strings ... 
2026-05-26 09:48:38 +0000  0 bytes for ./Payload/Any.app/Stripe_StripeIssuing.bundle/nl.lproj/Localizable.strings
2026-05-26 09:48:38 +0000  copying file ./Payload/Any.app/Stripe_StripeIssuing.bundle/th.lproj/Localizable.strings ... 
0 bytes for ./Payload/Any.app/Stripe_StripeIssuing.bundle/th.lproj/Localizable.strings
2026-05-26 09:48:38 +0000  copying file ./Payload/Any.app/Stripe_StripeIssuing.bundle/pl-PL.lproj/Localizable.strings ... 
2026-05-26 09:48:38 +0000  0 bytes for ./Payload/Any.app/Stripe_StripeIssuing.bundle/pl-PL.lproj/Localizable.strings
2026-05-26 09:48:38 +0000  copying file ./Payload/Any.app/Stripe_StripeIssuing.bundle/pt-PT.lproj/Localizable.strings ... 
0 bytes for ./Payload/Any.app/Stripe_StripeIssuing.bundle/pt-PT.lproj/Localizable.strings
2026-05-26 09:48:38 +0000  copying file ./Payload/Any.app/Stripe_StripeIssuing.bundle/Info.plist ... 
2026-05-26 09:48:38 +0000  693 bytes for ./Payload/Any.app/Stripe_StripeIssuing.bundle/Info.plist
2026-05-26 09:48:38 +0000  copying file ./Payload/Any.app/Stripe_StripeIssuing.bundle/hr.lproj/Localizable.strings ... 
2026-05-26 09:48:38 +0000  0 bytes for ./Payload/Any.app/Stripe_StripeIssuing.bundle/hr.lproj/Localizable.strings
2026-05-26 09:48:38 +0000  copying file ./Payload/Any.app/WeeklyRateCell.nib ... 
2026-05-26 09:48:38 +0000  7568 bytes for ./Payload/Any.app/WeeklyRateCell.nib
2026-05-26 09:48:38 +0000  copying file ./Payload/Any.app/BookingCell.nib ... 
2026-05-26 09:48:38 +0000  9801 bytes for ./Payload/Any.app/BookingCell.nib
2026-05-26 09:48:38 +0000  copying file ./Payload/Any.app/CurrentShiftCell.nib ... 
2026-05-26 09:48:38 +0000  10859 bytes for ./Payload/Any.app/CurrentShiftCell.nib
2026-05-26 09:48:38 +0000  copying file ./Payload/Any.app/Base.lproj/LaunchScreen.storyboardc/01J-lp-oVM-view-Ze5-6b-2t3.nib ... 
2026-05-26 09:48:38 +0000  3041 bytes for ./Payload/Any.app/Base.lproj/LaunchScreen.storyboardc/01J-lp-oVM-view-Ze5-6b-2t3.nib
2026-05-26 09:48:38 +0000  copying file ./Payload/Any.app/Base.lproj/LaunchScreen.storyboardc/UIViewController-01J-lp-oVM.nib ... 
2026-05-26 09:48:38 +0000  924 bytes for ./Payload/Any.app/Base.lproj/LaunchScreen.storyboardc/UIViewController-01J-lp-oVM.nib
2026-05-26 09:48:38 +0000  copying file ./Payload/Any.app/Base.lproj/LaunchScreen.storyboardc/Info.plist ... 
258 bytes for ./Payload/Any.app/Base.lproj/LaunchScreen.storyboardc/Info.plist
2026-05-26 09:48:38 +0000  copying file ./Payload/Any.app/Any ... 
2026-05-26 09:48:39 +0000  14143024 bytes for ./Payload/Any.app/Any
2026-05-26 09:48:39 +0000  copying file ./Payload/Any.app/Main.storyboardc/Plf-Ue-ekQ-view-gta-nv-41u.nib ... 
2026-05-26 09:48:39 +0000  9025 bytes for ./Payload/Any.app/Main.storyboardc/Plf-Ue-ekQ-view-gta-nv-41u.nib
copying file ./Payload/Any.app/Main.storyboardc/7JL-Mn-b8w-view-Wra-51-aGe.nib ... 
2026-05-26 09:48:39 +0000  8537 bytes for ./Payload/Any.app/Main.storyboardc/7JL-Mn-b8w-view-Wra-51-aGe.nib
copying file ./Payload/Any.app/Main.storyboardc/LandingVC.nib ... 
2026-05-26 09:48:39 +0000  1136 bytes for ./Payload/Any.app/Main.storyboardc/LandingVC.nib
2026-05-26 09:48:39 +0000  copying file ./Payload/Any.app/Main.storyboardc/BookingRequestVC.nib ... 
2026-05-26 09:48:39 +0000  1151 bytes for ./Payload/Any.app/Main.storyboardc/BookingRequestVC.nib
2026-05-26 09:48:39 +0000  copying file ./Payload/Any.app/Main.storyboardc/HistoryVC.nib ... 
2026-05-26 09:48:39 +0000  1136 bytes for ./Payload/Any.app/Main.storyboardc/HistoryVC.nib
2026-05-26 09:48:39 +0000  copying file ./Payload/Any.app/Main.storyboardc/wfW-c2-1Ia-view-VzY-0a-gfd.nib ... 
2026-05-26 09:48:39 +0000  21049 bytes for ./Payload/Any.app/Main.storyboardc/wfW-c2-1Ia-view-VzY-0a-gfd.nib
copying file ./Payload/Any.app/Main.storyboardc/fr6-9I-3ZM-view-Fp6-oU-seN.nib ... 
2026-05-26 09:48:39 +0000  7064 bytes for ./Payload/Any.app/Main.storyboardc/fr6-9I-3ZM-view-Fp6-oU-seN.nib
2026-05-26 09:48:39 +0000  copying file ./Payload/Any.app/Main.storyboardc/Bog-pV-ESI-view-Plh-Dd-ckR.nib ... 
2026-05-26 09:48:39 +0000  9390 bytes for ./Payload/Any.app/Main.storyboardc/Bog-pV-ESI-view-Plh-Dd-ckR.nib
2026-05-26 09:48:39 +0000  copying file ./Payload/Any.app/Main.storyboardc/PopUpSameVC.nib ... 
2026-05-26 09:48:39 +0000  1141 bytes for ./Payload/Any.app/Main.storyboardc/PopUpSameVC.nib
2026-05-26 09:48:39 +0000  copying file ./Payload/Any.app/Main.storyboardc/ov2-CP-FgV-view-TJI-Tx-OPd.nib ... 
2026-05-26 09:48:39 +0000  4088 bytes for ./Payload/Any.app/Main.storyboardc/ov2-CP-FgV-view-TJI-Tx-OPd.nib
2026-05-26 09:48:39 +0000  copying file ./Payload/Any.app/Main.storyboardc/thF-Bx-8Lf-view-8y7-8P-aGU.nib ... 
2026-05-26 09:48:39 +0000  10802 bytes for ./Payload/Any.app/Main.storyboardc/thF-Bx-8Lf-view-8y7-8P-aGU.nib
2026-05-26 09:48:39 +0000  copying file ./Payload/Any.app/Main.storyboardc/P9H-BS-fAW-view-2fl-d7-Wal.nib ... 
2026-05-26 09:48:39 +0000  19988 bytes for ./Payload/Any.app/Main.storyboardc/P9H-BS-fAW-view-2fl-d7-Wal.nib
copying file ./Payload/Any.app/Main.storyboardc/2bj-AV-3R1-view-V43-Z5-i60.nib ... 
2026-05-26 09:48:39 +0000  19945 bytes for ./Payload/Any.app/Main.storyboardc/2bj-AV-3R1-view-V43-Z5-i60.nib
copying file ./Payload/Any.app/Main.storyboardc/JobConfirmedVC.nib ... 
2026-05-26 09:48:39 +0000  1044 bytes for ./Payload/Any.app/Main.storyboardc/JobConfirmedVC.nib
2026-05-26 09:48:39 +0000  copying file ./Payload/Any.app/Main.storyboardc/PopUpVC.nib ... 
2026-05-26 09:48:39 +0000  1132 bytes for ./Payload/Any.app/Main.storyboardc/PopUpVC.nib
2026-05-26 09:48:39 +0000  copying file ./Payload/Any.app/Main.storyboardc/UserChat.nib ... 
2026-05-26 09:48:39 +0000  1105 bytes for ./Payload/Any.app/Main.storyboardc/UserChat.nib
2026-05-26 09:48:39 +0000  copying file ./Payload/Any.app/Main.storyboardc/4uO-iS-PmA-view-FRc-rG-lvI.nib ... 
2026-05-26 09:48:39 +0000  11000 bytes for ./Payload/Any.app/Main.storyboardc/4uO-iS-PmA-view-FRc-rG-lvI.nib
2026-05-26 09:48:39 +0000  copying file ./Payload/Any.app/Main.storyboardc/PopPasswordChangedVC.nib ... 
2026-05-26 09:48:39 +0000  1159 bytes for ./Payload/Any.app/Main.storyboardc/PopPasswordChangedVC.nib
2026-05-26 09:48:39 +0000  copying file ./Payload/Any.app/Main.storyboardc/njH-2m-SPi-view-9No-me-uI6.nib ... 
2026-05-26 09:48:39 +0000  12677 bytes for ./Payload/Any.app/Main.storyboardc/njH-2m-SPi-view-9No-me-uI6.nib
2026-05-26 09:48:39 +0000  copying file ./Payload/Any.app/Main.storyboardc/UserRatingVC.nib ... 
2026-05-26 09:48:39 +0000  1172 bytes for ./Payload/Any.app/Main.storyboardc/UserRatingVC.nib
2026-05-26 09:48:39 +0000  copying file ./Payload/Any.app/Main.storyboardc/ZlI-9r-Xqj-view-gCM-BX-I6u.nib ... 
2026-05-26 09:48:39 +0000  6197 bytes for ./Payload/Any.app/Main.storyboardc/ZlI-9r-Xqj-view-gCM-BX-I6u.nib
2026-05-26 09:48:39 +0000  copying file ./Payload/Any.app/Main.storyboardc/S7n-jm-9ZZ-view-TQX-bB-UNn.nib ... 
2026-05-26 09:48:39 +0000  8463 bytes for ./Payload/Any.app/Main.storyboardc/S7n-jm-9ZZ-view-TQX-bB-UNn.nib
2026-05-26 09:48:39 +0000  copying file ./Payload/Any.app/Main.storyboardc/PopUpRejectVC.nib ... 
2026-05-26 09:48:39 +0000  1145 bytes for ./Payload/Any.app/Main.storyboardc/PopUpRejectVC.nib
2026-05-26 09:48:39 +0000  copying file ./Payload/Any.app/Main.storyboardc/sZ0-v3-bf5-view-1cJ-ii-Am8.nib ... 
2026-05-26 09:48:39 +0000  16068 bytes for ./Payload/Any.app/Main.storyboardc/sZ0-v3-bf5-view-1cJ-ii-Am8.nib
copying file ./Payload/Any.app/Main.storyboardc/kyP-Nh-tF9-view-wev-eM-GMO.nib ... 
2026-05-26 09:48:39 +0000  12599 bytes for ./Payload/Any.app/Main.storyboardc/kyP-Nh-tF9-view-wev-eM-GMO.nib
2026-05-26 09:48:39 +0000  copying file ./Payload/Any.app/Main.storyboardc/WalletVC.nib ... 
2026-05-26 09:48:39 +0000  1134 bytes for ./Payload/Any.app/Main.storyboardc/WalletVC.nib
2026-05-26 09:48:39 +0000  copying file ./Payload/Any.app/Main.storyboardc/D7P-WF-gO7-view-JYf-xs-dzF.nib ... 
2026-05-26 09:48:39 +0000  26377 bytes for ./Payload/Any.app/Main.storyboardc/D7P-WF-gO7-view-JYf-xs-dzF.nib
copying file ./Payload/Any.app/Main.storyboardc/C7b-11-7u3-view-kKr-6A-7i2.nib ... 
2026-05-26 09:48:39 +0000  10989 bytes for ./Payload/Any.app/Main.storyboardc/C7b-11-7u3-view-kKr-6A-7i2.nib
2026-05-26 09:48:39 +0000  copying file ./Payload/Any.app/Main.storyboardc/55g-Vc-aLC-view-y7m-Ai-SND.nib ... 
2026-05-26 09:48:39 +0000  9488 bytes for ./Payload/Any.app/Main.storyboardc/55g-Vc-aLC-view-y7m-Ai-SND.nib
2026-05-26 09:48:39 +0000  copying file ./Payload/Any.app/Main.storyboardc/RegistrationSuccessVC.nib ... 
2026-05-26 09:48:39 +0000  1058 bytes for ./Payload/Any.app/Main.storyboardc/RegistrationSuccessVC.nib
2026-05-26 09:48:39 +0000  copying file ./Payload/Any.app/Main.storyboardc/PopupjobTypeVC.nib ... 
2026-05-26 09:48:39 +0000  1147 bytes for ./Payload/Any.app/Main.storyboardc/PopupjobTypeVC.nib
2026-05-26 09:48:39 +0000  copying file ./Payload/Any.app/Main.storyboardc/jvK-Yd-oQV-view-Kfg-Tt-WOQ.nib ... 
2026-05-26 09:48:39 +0000  8844 bytes for ./Payload/Any.app/Main.storyboardc/jvK-Yd-oQV-view-Kfg-Tt-WOQ.nib
2026-05-26 09:48:39 +0000  copying file ./Payload/Any.app/Main.storyboardc/UINavigationController-smJ-8W-EOe.nib ... 
2026-05-26 09:48:39 +0000  1938 bytes for ./Payload/Any.app/Main.storyboardc/UINavigationController-smJ-8W-EOe.nib
2026-05-26 09:48:39 +0000  copying file ./Payload/Any.app/Main.storyboardc/vy0-m2-K8K-view-a8S-I3-mI3.nib ... 
2026-05-26 09:48:39 +0000  9583 bytes for ./Payload/Any.app/Main.storyboardc/vy0-m2-K8K-view-a8S-I3-mI3.nib
2026-05-26 09:48:39 +0000  copying file ./Payload/Any.app/Main.storyboardc/PopUpBookingConfirmVC.nib ... 
2026-05-26 09:48:39 +0000  1161 bytes for ./Payload/Any.app/Main.storyboardc/PopUpBookingConfirmVC.nib
2026-05-26 09:48:39 +0000  copying file ./Payload/Any.app/Main.storyboardc/VYG-u7-0oy-view-sFO-ia-C8P.nib ... 
2026-05-26 09:48:39 +0000  16088 bytes for ./Payload/Any.app/Main.storyboardc/VYG-u7-0oy-view-sFO-ia-C8P.nib
copying file ./Payload/Any.app/Main.storyboardc/n1k-nG-tQw-view-bHr-Ca-E7O.nib ... 
2026-05-26 09:48:39 +0000  17376 bytes for ./Payload/Any.app/Main.storyboardc/n1k-nG-tQw-view-bHr-Ca-E7O.nib
copying file ./Payload/Any.app/Main.storyboardc/75b-5h-Vqh-view-1LY-gs-SEz.nib ... 
2026-05-26 09:48:39 +0000  7463 bytes for ./Payload/Any.app/Main.storyboardc/75b-5h-Vqh-view-1LY-gs-SEz.nib
2026-05-26 09:48:39 +0000  copying file ./Payload/Any.app/Main.storyboardc/TabBarClientVC.nib ... 
2026-05-26 09:48:39 +0000  4930 bytes for ./Payload/Any.app/Main.storyboardc/TabBarClientVC.nib
2026-05-26 09:48:39 +0000  copying file ./Payload/Any.app/Main.storyboardc/ProfileSettingVC.nib ... 
2026-05-26 09:48:39 +0000  1048 bytes for ./Payload/Any.app/Main.storyboardc/ProfileSettingVC.nib
2026-05-26 09:48:39 +0000  copying file ./Payload/Any.app/Main.storyboardc/kIx-4k-wG5-view-NP1-Es-qsV.nib ... 
2026-05-26 09:48:39 +0000  8025 bytes for ./Payload/Any.app/Main.storyboardc/kIx-4k-wG5-view-NP1-Es-qsV.nib
2026-05-26 09:48:39 +0000  copying file ./Payload/Any.app/Main.storyboardc/nxo-6j-l9J-view-QFn-uR-opM.nib ... 
2026-05-26 09:48:39 +0000  8036 bytes for ./Payload/Any.app/Main.storyboardc/nxo-6j-l9J-view-QFn-uR-opM.nib
2026-05-26 09:48:39 +0000  copying file ./Payload/Any.app/Main.storyboardc/WalletTypeVC.nib ... 
2026-05-26 09:48:39 +0000  1040 bytes for ./Payload/Any.app/Main.storyboardc/WalletTypeVC.nib
2026-05-26 09:48:39 +0000  copying file ./Payload/Any.app/Main.storyboardc/hhK-za-mfK-view-rhd-ps-jsB.nib ... 
2026-05-26 09:48:39 +0000  5406 bytes for ./Payload/Any.app/Main.storyboardc/hhK-za-mfK-view-rhd-ps-jsB.nib
2026-05-26 09:48:39 +0000  copying file ./Payload/Any.app/Main.storyboardc/PublishJobVC.nib ... 
2026-05-26 09:48:39 +0000  1143 bytes for ./Payload/Any.app/Main.storyboardc/PublishJobVC.nib
2026-05-26 09:48:39 +0000  copying file ./Payload/Any.app/Main.storyboardc/AddAdminVC.nib ... 
2026-05-26 09:48:39 +0000  1139 bytes for ./Payload/Any.app/Main.storyboardc/AddAdminVC.nib
2026-05-26 09:48:39 +0000  copying file ./Payload/Any.app/Main.storyboardc/WishlistVC.nib ... 
2026-05-26 09:48:39 +0000  1139 bytes for ./Payload/Any.app/Main.storyboardc/WishlistVC.nib
2026-05-26 09:48:39 +0000  copying file ./Payload/Any.app/Main.storyboardc/SetCustomDateRateVC.nib ... 
2026-05-26 09:48:39 +0000  1054 bytes for ./Payload/Any.app/Main.storyboardc/SetCustomDateRateVC.nib
2026-05-26 09:48:39 +0000  copying file ./Payload/Any.app/Main.storyboardc/CurrentShiftVC.nib ... 
2026-05-26 09:48:39 +0000  1147 bytes for ./Payload/Any.app/Main.storyboardc/CurrentShiftVC.nib
2026-05-26 09:48:39 +0000  copying file ./Payload/Any.app/Main.storyboardc/fs2-KH-ziU-view-3EK-l9-FWR.nib ... 
2026-05-26 09:48:39 +0000  7796 bytes for ./Payload/Any.app/Main.storyboardc/fs2-KH-ziU-view-3EK-l9-FWR.nib
2026-05-26 09:48:39 +0000  copying file ./Payload/Any.app/Main.storyboardc/ClientSigningDetailVC.nib ... 
2026-05-26 09:48:39 +0000  1058 bytes for ./Payload/Any.app/Main.storyboardc/ClientSigningDetailVC.nib
2026-05-26 09:48:39 +0000  copying file ./Payload/Any.app/Main.storyboardc/NotificationVC.nib ... 
2026-05-26 09:48:39 +0000  1176 bytes for ./Payload/Any.app/Main.storyboardc/NotificationVC.nib
2026-05-26 09:48:39 +0000  copying file ./Payload/Any.app/Main.storyboardc/ConfirmJobPostVC.nib ... 
2026-05-26 09:48:39 +0000  1048 bytes for ./Payload/Any.app/Main.storyboardc/ConfirmJobPostVC.nib
2026-05-26 09:48:39 +0000  copying file ./Payload/Any.app/Main.storyboardc/EditProfileVC.nib ... 
2026-05-26 09:48:39 +0000  1145 bytes for ./Payload/Any.app/Main.storyboardc/EditProfileVC.nib
2026-05-26 09:48:39 +0000  copying file ./Payload/Any.app/Main.storyboardc/h7V-Qt-s3b-view-9Xu-Su-QAv.nib ... 
2026-05-26 09:48:39 +0000  10831 bytes for ./Payload/Any.app/Main.storyboardc/h7V-Qt-s3b-view-9Xu-Su-QAv.nib
2026-05-26 09:48:39 +0000  copying file ./Payload/Any.app/Main.storyboardc/481-JP-NfH-view-tVC-I6-Ifh.nib ... 
2026-05-26 09:48:39 +0000  8256 bytes for ./Payload/Any.app/Main.storyboardc/481-JP-NfH-view-tVC-I6-Ifh.nib
2026-05-26 09:48:39 +0000  copying file ./Payload/Any.app/Main.storyboardc/PopUpBeforeBooking.nib ... 
2026-05-26 09:48:39 +0000  1155 bytes for ./Payload/Any.app/Main.storyboardc/PopUpBeforeBooking.nib
2026-05-26 09:48:39 +0000  copying file ./Payload/Any.app/Main.storyboardc/PaymentVC.nib ... 
2026-05-26 09:48:39 +0000  1392 bytes for ./Payload/Any.app/Main.storyboardc/PaymentVC.nib
2026-05-26 09:48:39 +0000  copying file ./Payload/Any.app/Main.storyboardc/RequestVC.nib ... 
2026-05-26 09:48:39 +0000  1136 bytes for ./Payload/Any.app/Main.storyboardc/RequestVC.nib
2026-05-26 09:48:39 +0000  copying file ./Payload/Any.app/Main.storyboardc/1KE-1n-vtz-view-UsM-Fh-jzG.nib ... 
2026-05-26 09:48:39 +0000  23205 bytes for ./Payload/Any.app/Main.storyboardc/1KE-1n-vtz-view-UsM-Fh-jzG.nib
copying file ./Payload/Any.app/Main.storyboardc/PCG-pm-zLa-view-SeB-Ep-XDG.nib ... 
2026-05-26 09:48:39 +0000  23925 bytes for ./Payload/Any.app/Main.storyboardc/PCG-pm-zLa-view-SeB-Ep-XDG.nib
copying file ./Payload/Any.app/Main.storyboardc/SelectAllJobTypesVC.nib ... 
2026-05-26 09:48:39 +0000  1054 bytes for ./Payload/Any.app/Main.storyboardc/SelectAllJobTypesVC.nib
2026-05-26 09:48:39 +0000  copying file ./Payload/Any.app/Main.storyboardc/PasswordOtpVC.nib ... 
2026-05-26 09:48:39 +0000  1145 bytes for ./Payload/Any.app/Main.storyboardc/PasswordOtpVC.nib
2026-05-26 09:48:39 +0000  copying file ./Payload/Any.app/Main.storyboardc/h13-wX-z2v-view-Txc-DV-kSB.nib ... 
2026-05-26 09:48:39 +0000  12344 bytes for ./Payload/Any.app/Main.storyboardc/h13-wX-z2v-view-Txc-DV-kSB.nib
2026-05-26 09:48:39 +0000  copying file ./Payload/Any.app/Main.storyboardc/ResetPasswordVC.nib ... 
2026-05-26 09:48:39 +0000  1149 bytes for ./Payload/Any.app/Main.storyboardc/ResetPasswordVC.nib
2026-05-26 09:48:39 +0000  copying file ./Payload/Any.app/Main.storyboardc/NgX-GY-9K4-view-XYe-Wp-Ite.nib ... 
2026-05-26 09:48:39 +0000  9353 bytes for ./Payload/Any.app/Main.storyboardc/NgX-GY-9K4-view-XYe-Wp-Ite.nib
2026-05-26 09:48:39 +0000  copying file ./Payload/Any.app/Main.storyboardc/listAdminVC.nib ... 
2026-05-26 09:48:39 +0000  1141 bytes for ./Payload/Any.app/Main.storyboardc/listAdminVC.nib
2026-05-26 09:48:39 +0000  copying file ./Payload/Any.app/Main.storyboardc/bhy-Hn-Who-view-Jhe-M3-b45.nib ... 
2026-05-26 09:48:39 +0000  4907 bytes for ./Payload/Any.app/Main.storyboardc/bhy-Hn-Who-view-Jhe-M3-b45.nib
2026-05-26 09:48:39 +0000  copying file ./Payload/Any.app/Main.storyboardc/WorkerSigningDetailVC.nib ... 
2026-05-26 09:48:39 +0000  1058 bytes for ./Payload/Any.app/Main.storyboardc/WorkerSigningDetailVC.nib
2026-05-26 09:48:39 +0000  copying file ./Payload/Any.app/Main.storyboardc/BookingCompleteDetailVC.nib ... 
2026-05-26 09:48:39 +0000  1165 bytes for ./Payload/Any.app/Main.storyboardc/BookingCompleteDetailVC.nib
2026-05-26 09:48:39 +0000  copying file ./Payload/Any.app/Main.storyboardc/jqd-QQ-6OQ-view-HBo-7w-Fgq.nib ... 
2026-05-26 09:48:39 +0000  9044 bytes for ./Payload/Any.app/Main.storyboardc/jqd-QQ-6OQ-view-HBo-7w-Fgq.nib
2026-05-26 09:48:39 +0000  copying file ./Payload/Any.app/Main.storyboardc/hsN-dF-e9q-view-Cwu-cr-blA.nib ... 
2026-05-26 09:48:39 +0000  3352 bytes for ./Payload/Any.app/Main.storyboardc/hsN-dF-e9q-view-Cwu-cr-blA.nib
2026-05-26 09:48:39 +0000  copying file ./Payload/Any.app/Main.storyboardc/SetRateVC.nib ... 
2026-05-26 09:48:39 +0000  1136 bytes for ./Payload/Any.app/Main.storyboardc/SetRateVC.nib
2026-05-26 09:48:39 +0000  copying file ./Payload/Any.app/Main.storyboardc/AddRatingReviewVC.nib ... 
2026-05-26 09:48:39 +0000  1182 bytes for ./Payload/Any.app/Main.storyboardc/AddRatingReviewVC.nib
2026-05-26 09:48:39 +0000  copying file ./Payload/Any.app/Main.storyboardc/TermsAndCondVC.nib ... 
2026-05-26 09:48:39 +0000  1147 bytes for ./Payload/Any.app/Main.storyboardc/TermsAndCondVC.nib
2026-05-26 09:48:39 +0000  copying file ./Payload/Any.app/Main.storyboardc/xpx-zh-sGK-view-ilq-DH-dKP.nib ... 
2026-05-26 09:48:39 +0000  5586 bytes for ./Payload/Any.app/Main.storyboardc/xpx-zh-sGK-view-ilq-DH-dKP.nib
2026-05-26 09:48:39 +0000  copying file ./Payload/Any.app/Main.storyboardc/ReferFriendVC.nib ... 
2026-05-26 09:48:39 +0000  1145 bytes for ./Payload/Any.app/Main.storyboardc/ReferFriendVC.nib
2026-05-26 09:48:39 +0000  copying file ./Payload/Any.app/Main.storyboardc/AddressPickerVC.nib ... 
2026-05-26 09:48:39 +0000  1046 bytes for ./Payload/Any.app/Main.storyboardc/AddressPickerVC.nib
2026-05-26 09:48:39 +0000  copying file ./Payload/Any.app/Main.storyboardc/ChangePAssVC.nib ... 
2026-05-26 09:48:39 +0000  1143 bytes for ./Payload/Any.app/Main.storyboardc/ChangePAssVC.nib
2026-05-26 09:48:39 +0000  copying file ./Payload/Any.app/Main.storyboardc/Ew4-DP-Wcb-view-wrL-PC-lfu.nib ... 
2026-05-26 09:48:39 +0000  15171 bytes for ./Payload/Any.app/Main.storyboardc/Ew4-DP-Wcb-view-wrL-PC-lfu.nib
2026-05-26 09:48:39 +0000  copying file ./Payload/Any.app/Main.storyboardc/ubh-ue-hed-view-pgQ-ne-fOw.nib ... 
2026-05-26 09:48:39 +0000  5624 bytes for ./Payload/Any.app/Main.storyboardc/ubh-ue-hed-view-pgQ-ne-fOw.nib
2026-05-26 09:48:39 +0000  copying file ./Payload/Any.app/Main.storyboardc/UrgentBookingVC.nib ... 
2026-05-26 09:48:39 +0000  1149 bytes for ./Payload/Any.app/Main.storyboardc/UrgentBookingVC.nib
2026-05-26 09:48:39 +0000  copying file ./Payload/Any.app/Main.storyboardc/kdR-4b-fdk-view-jx8-M9-5bx.nib ... 
2026-05-26 09:48:39 +0000  30118 bytes for ./Payload/Any.app/Main.storyboardc/kdR-4b-fdk-view-jx8-M9-5bx.nib
2026-05-26 09:48:39 +0000  copying file ./Payload/Any.app/Main.storyboardc/CalenderPickervC.nib ... 
2026-05-26 09:48:39 +0000  1048 bytes for ./Payload/Any.app/Main.storyboardc/CalenderPickervC.nib
2026-05-26 09:48:39 +0000  copying file ./Payload/Any.app/Main.storyboardc/bd7-dG-qxJ-view-W7R-t6-bNb.nib ... 
2026-05-26 09:48:39 +0000  31332 bytes for ./Payload/Any.app/Main.storyboardc/bd7-dG-qxJ-view-W7R-t6-bNb.nib
copying file ./Payload/Any.app/Main.storyboardc/1Da-WC-kUw-view-oVR-67-oHu.nib ... 
2026-05-26 09:48:39 +0000  6069 bytes for ./Payload/Any.app/Main.storyboardc/1Da-WC-kUw-view-oVR-67-oHu.nib
2026-05-26 09:48:39 +0000  copying file ./Payload/Any.app/Main.storyboardc/HomeVC.nib ... 
2026-05-26 09:48:39 +0000  1130 bytes for ./Payload/Any.app/Main.storyboardc/HomeVC.nib
2026-05-26 09:48:39 +0000  copying file ./Payload/Any.app/Main.storyboardc/RequestByDateVC.nib ... 
2026-05-26 09:48:39 +0000  1149 bytes for ./Payload/Any.app/Main.storyboardc/RequestByDateVC.nib
2026-05-26 09:48:39 +0000  copying file ./Payload/Any.app/Main.storyboardc/mPn-aA-7o9-view-h4S-yR-K4O.nib ... 
2026-05-26 09:48:39 +0000  13497 bytes for ./Payload/Any.app/Main.storyboardc/mPn-aA-7o9-view-h4S-yR-K4O.nib
2026-05-26 09:48:39 +0000  copying file ./Payload/Any.app/Main.storyboardc/BookingDetailVC.nib ... 
2026-05-26 09:48:39 +0000  1149 bytes for ./Payload/Any.app/Main.storyboardc/BookingDetailVC.nib
2026-05-26 09:48:39 +0000  copying file ./Payload/Any.app/Main.storyboardc/ClientJobVC.nib ... 
2026-05-26 09:48:39 +0000  1141 bytes for ./Payload/Any.app/Main.storyboardc/ClientJobVC.nib
2026-05-26 09:48:39 +0000  copying file ./Payload/Any.app/Main.storyboardc/RXR-FJ-c9R-view-UEi-62-cfe.nib ... 
2026-05-26 09:48:39 +0000  11010 bytes for ./Payload/Any.app/Main.storyboardc/RXR-FJ-c9R-view-UEi-62-cfe.nib
2026-05-26 09:48:39 +0000  copying file ./Payload/Any.app/Main.storyboardc/V54-Xg-W6d-view-gnB-Pz-beR.nib ... 
2026-05-26 09:48:39 +0000  9708 bytes for ./Payload/Any.app/Main.storyboardc/V54-Xg-W6d-view-gnB-Pz-beR.nib
2026-05-26 09:48:39 +0000  copying file ./Payload/Any.app/Main.storyboardc/2t0-8L-ehq-view-6e1-d4-6VS.nib ... 
2026-05-26 09:48:39 +0000  20708 bytes for ./Payload/Any.app/Main.storyboardc/2t0-8L-ehq-view-6e1-d4-6VS.nib
copying file ./Payload/Any.app/Main.storyboardc/PopUpApprovalVC.nib ... 
2026-05-26 09:48:39 +0000  1149 bytes for ./Payload/Any.app/Main.storyboardc/PopUpApprovalVC.nib
2026-05-26 09:48:39 +0000  copying file ./Payload/Any.app/Main.storyboardc/UserTabBar.nib ... 
2026-05-26 09:48:39 +0000  5402 bytes for ./Payload/Any.app/Main.storyboardc/UserTabBar.nib
2026-05-26 09:48:39 +0000  copying file ./Payload/Any.app/Main.storyboardc/ChatConversationVC.nib ... 
2026-05-26 09:48:39 +0000  1155 bytes for ./Payload/Any.app/Main.storyboardc/ChatConversationVC.nib
2026-05-26 09:48:39 +0000  copying file ./Payload/Any.app/Main.storyboardc/LoginTypeVC.nib ... 
2026-05-26 09:48:39 +0000  1141 bytes for ./Payload/Any.app/Main.storyboardc/LoginTypeVC.nib
2026-05-26 09:48:39 +0000  copying file ./Payload/Any.app/Main.storyboardc/SaveCardVC.nib ... 
2026-05-26 09:48:39 +0000  1036 bytes for ./Payload/Any.app/Main.storyboardc/SaveCardVC.nib
2026-05-26 09:48:39 +0000  copying file ./Payload/Any.app/Main.storyboardc/PopUpSimpleVC.nib ... 
2026-05-26 09:48:39 +0000  1145 bytes for ./Payload/Any.app/Main.storyboardc/PopUpSimpleVC.nib
2026-05-26 09:48:39 +0000  copying file ./Payload/Any.app/Main.storyboardc/NewBookingVC.nib ... 
2026-05-26 09:48:39 +0000  1143 bytes for ./Payload/Any.app/Main.storyboardc/NewBookingVC.nib
2026-05-26 09:48:39 +0000  copying file ./Payload/Any.app/Main.storyboardc/tsl-Ih-0p2-view-J2x-Ww-qrg.nib ... 
2026-05-26 09:48:39 +0000  8554 bytes for ./Payload/Any.app/Main.storyboardc/tsl-Ih-0p2-view-J2x-Ww-qrg.nib
2026-05-26 09:48:39 +0000  copying file ./Payload/Any.app/Main.storyboardc/mxo-eI-yDJ-view-lxt-yj-3W0.nib ... 
2026-05-26 09:48:39 +0000  25652 bytes for ./Payload/Any.app/Main.storyboardc/mxo-eI-yDJ-view-lxt-yj-3W0.nib
copying file ./Payload/Any.app/Main.storyboardc/EX7-pb-j86-view-n9h-Mk-wBx.nib ... 
2026-05-26 09:48:39 +0000  10030 bytes for ./Payload/Any.app/Main.storyboardc/EX7-pb-j86-view-n9h-Mk-wBx.nib
2026-05-26 09:48:39 +0000  copying file ./Payload/Any.app/Main.storyboardc/vp9-7z-bU8-view-E6K-ti-a7E.nib ... 
2026-05-26 09:48:39 +0000  18938 bytes for ./Payload/Any.app/Main.storyboardc/vp9-7z-bU8-view-E6K-ti-a7E.nib
copying file ./Payload/Any.app/Main.storyboardc/GfH-rU-Gpv-view-XV5-iz-qFR.nib ... 
2026-05-26 09:48:39 +0000  4003 bytes for ./Payload/Any.app/Main.storyboardc/GfH-rU-Gpv-view-XV5-iz-qFR.nib
2026-05-26 09:48:39 +0000  copying file ./Payload/Any.app/Main.storyboardc/d3x-N9-buF-view-g9R-e8-AXb.nib ... 
2026-05-26 09:48:39 +0000  23188 bytes for ./Payload/Any.app/Main.storyboardc/d3x-N9-buF-view-g9R-e8-AXb.nib
copying file ./Payload/Any.app/Main.storyboardc/ForgotPasswordVC.nib ... 
2026-05-26 09:48:39 +0000  1151 bytes for ./Payload/Any.app/Main.storyboardc/ForgotPasswordVC.nib
2026-05-26 09:48:39 +0000  copying file ./Payload/Any.app/Main.storyboardc/PopUPNoBreakVC.nib ... 
2026-05-26 09:48:39 +0000  1147 bytes for ./Payload/Any.app/Main.storyboardc/PopUPNoBreakVC.nib
2026-05-26 09:48:39 +0000  copying file ./Payload/Any.app/Main.storyboardc/OtpVC.nib ... 
2026-05-26 09:48:39 +0000  1025 bytes for ./Payload/Any.app/Main.storyboardc/OtpVC.nib
2026-05-26 09:48:39 +0000  copying file ./Payload/Any.app/Main.storyboardc/bIj-cu-K9o-view-85U-Rk-6Wo.nib ... 
2026-05-26 09:48:39 +0000  4920 bytes for ./Payload/Any.app/Main.storyboardc/bIj-cu-K9o-view-85U-Rk-6Wo.nib
2026-05-26 09:48:39 +0000  copying file ./Payload/Any.app/Main.storyboardc/PopClockInVC.nib ... 
2026-05-26 09:48:39 +0000  1143 bytes for ./Payload/Any.app/Main.storyboardc/PopClockInVC.nib
2026-05-26 09:48:39 +0000  copying file ./Payload/Any.app/Main.storyboardc/y3i-eb-Val-view-YF6-lt-4Wv.nib ... 
2026-05-26 09:48:39 +0000  16128 bytes for ./Payload/Any.app/Main.storyboardc/y3i-eb-Val-view-YF6-lt-4Wv.nib
copying file ./Payload/Any.app/Main.storyboardc/ZHI-fc-KGg-view-xgv-OZ-Nxr.nib ... 
2026-05-26 09:48:39 +0000  4983 bytes for ./Payload/Any.app/Main.storyboardc/ZHI-fc-KGg-view-xgv-OZ-Nxr.nib
2026-05-26 09:48:39 +0000  copying file ./Payload/Any.app/Main.storyboardc/fZL-Gc-LQh-view-4dd-q5-C5Y.nib ... 
2026-05-26 09:48:39 +0000  10355 bytes for ./Payload/Any.app/Main.storyboardc/fZL-Gc-LQh-view-4dd-q5-C5Y.nib
2026-05-26 09:48:39 +0000  copying file ./Payload/Any.app/Main.storyboardc/Info.plist ... 
2026-05-26 09:48:39 +0000  2579 bytes for ./Payload/Any.app/Main.storyboardc/Info.plist
2026-05-26 09:48:39 +0000  copying file ./Payload/Any.app/Main.storyboardc/OutletVC.nib ... 
2026-05-26 09:48:39 +0000  1163 bytes for ./Payload/Any.app/Main.storyboardc/OutletVC.nib
2026-05-26 09:48:39 +0000  copying file ./Payload/Any.app/Main.storyboardc/p7o-Mn-Elk-view-b4W-54-uQy.nib ... 
2026-05-26 09:48:39 +0000  7257 bytes for ./Payload/Any.app/Main.storyboardc/p7o-Mn-Elk-view-b4W-54-uQy.nib
2026-05-26 09:48:39 +0000  copying file ./Payload/Any.app/Main.storyboardc/SameDayRequestVC.nib ... 
2026-05-26 09:48:39 +0000  1151 bytes for ./Payload/Any.app/Main.storyboardc/SameDayRequestVC.nib
2026-05-26 09:48:39 +0000  copying file ./Payload/Any.app/Main.storyboardc/LoginVC.nib ... 
2026-05-26 09:48:39 +0000  1132 bytes for ./Payload/Any.app/Main.storyboardc/LoginVC.nib
2026-05-26 09:48:39 +0000  copying file ./Payload/Any.app/Main.storyboardc/UpdateJobPublishVC.nib ... 
2026-05-26 09:48:39 +0000  1155 bytes for ./Payload/Any.app/Main.storyboardc/UpdateJobPublishVC.nib
2026-05-26 09:48:39 +0000  copying file ./Payload/Any.app/Main.storyboardc/XQy-T6-vwI-view-eyZ-hW-jDp.nib ... 
2026-05-26 09:48:39 +0000  26053 bytes for ./Payload/Any.app/Main.storyboardc/XQy-T6-vwI-view-eyZ-hW-jDp.nib
copying file ./Payload/Any.app/Main.storyboardc/9f0-e3-hQS-view-CIL-Ev-gZr.nib ... 
2026-05-26 09:48:39 +0000  6553 bytes for ./Payload/Any.app/Main.storyboardc/9f0-e3-hQS-view-CIL-Ev-gZr.nib
2026-05-26 09:48:39 +0000  copying file ./Payload/Any.app/Main.storyboardc/mFj-YO-qNK-view-4Yg-kd-yHH.nib ... 
2026-05-26 09:48:39 +0000  7398 bytes for ./Payload/Any.app/Main.storyboardc/mFj-YO-qNK-view-4Yg-kd-yHH.nib
2026-05-26 09:48:39 +0000  copying file ./Payload/Any.app/Main.storyboardc/AddOutletVC.nib ... 
2026-05-26 09:48:39 +0000  1038 bytes for ./Payload/Any.app/Main.storyboardc/AddOutletVC.nib
2026-05-26 09:48:39 +0000  copying file ./Payload/Any.app/Main.storyboardc/2lr-JW-vGM-view-DGU-MY-IhS.nib ... 
2026-05-26 09:48:39 +0000  10343 bytes for ./Payload/Any.app/Main.storyboardc/2lr-JW-vGM-view-DGU-MY-IhS.nib
2026-05-26 09:48:39 +0000  copying file ./Payload/Any.app/MultiDateCell.nib ... 
2026-05-26 09:48:39 +0000  5529 bytes for ./Payload/Any.app/MultiDateCell.nib
2026-05-26 09:48:39 +0000  copying file ./Payload/Any.app/Assets.car ... 
2026-05-26 09:48:39 +0000  5895976 bytes for ./Payload/Any.app/Assets.car
2026-05-26 09:48:39 +0000  copying file ./Payload/Any.app/UserRatingCell.nib ... 
2026-05-26 09:48:39 +0000  7523 bytes for ./Payload/Any.app/UserRatingCell.nib
copying file ./Payload/Any.app/AppIcon76x76@2x~ipad.png ... 
2026-05-26 09:48:39 +0000  3474 bytes for ./Payload/Any.app/AppIcon76x76@2x~ipad.png
copying file ./Payload/Any.app/DateCalCell.nib ... 
2026-05-26 09:48:39 +0000  5719 bytes for ./Payload/Any.app/DateCalCell.nib
copying file ./Payload/Any.app/UpcomingShiftCell.nib ... 
2026-05-26 09:48:39 +0000  5542 bytes for ./Payload/Any.app/UpcomingShiftCell.nib
copying file ./Payload/Any.app/SaveCardCell.nib ... 
2026-05-26 09:48:39 +0000  6079 bytes for ./Payload/Any.app/SaveCardCell.nib
2026-05-26 09:48:39 +0000  copying file ./Payload/Any.app/Stripe_StripePaymentSheet.bundle/de.lproj/Localizable.strings ... 
2026-05-26 09:48:39 +0000  18756 bytes for ./Payload/Any.app/Stripe_StripePaymentSheet.bundle/de.lproj/Localizable.strings
2026-05-26 09:48:39 +0000  copying file ./Payload/Any.app/Stripe_StripePaymentSheet.bundle/lt-LT.lproj/Localizable.strings ... 
2026-05-26 09:48:39 +0000  17966 bytes for ./Payload/Any.app/Stripe_StripePaymentSheet.bundle/lt-LT.lproj/Localizable.strings
2026-05-26 09:48:39 +0000  copying file ./Payload/Any.app/Stripe_StripePaymentSheet.bundle/zh-Hans.lproj/Localizable.strings ... 
2026-05-26 09:48:39 +0000  15910 bytes for ./Payload/Any.app/Stripe_StripePaymentSheet.bundle/zh-Hans.lproj/Localizable.strings
2026-05-26 09:48:39 +0000  copying file ./Payload/Any.app/Stripe_StripePaymentSheet.bundle/ja.lproj/Localizable.strings ... 
2026-05-26 09:48:39 +0000  19870 bytes for ./Payload/Any.app/Stripe_StripePaymentSheet.bundle/ja.lproj/Localizable.strings
2026-05-26 09:48:39 +0000  copying file ./Payload/Any.app/Stripe_StripePaymentSheet.bundle/el-GR.lproj/Localizable.strings ... 
2026-05-26 09:48:39 +0000  25686 bytes for ./Payload/Any.app/Stripe_StripePaymentSheet.bundle/el-GR.lproj/Localizable.strings
2026-05-26 09:48:39 +0000  copying file ./Payload/Any.app/Stripe_StripePaymentSheet.bundle/ms-MY.lproj/Localizable.strings ... 
2026-05-26 09:48:39 +0000  17889 bytes for ./Payload/Any.app/Stripe_StripePaymentSheet.bundle/ms-MY.lproj/Localizable.strings
2026-05-26 09:48:39 +0000  copying file ./Payload/Any.app/Stripe_StripePaymentSheet.bundle/en.lproj/Localizable.strings ... 
2026-05-26 09:48:39 +0000  29074 bytes for ./Payload/Any.app/Stripe_StripePaymentSheet.bundle/en.lproj/Localizable.strings
2026-05-26 09:48:39 +0000  copying file ./Payload/Any.app/Stripe_StripePaymentSheet.bundle/zh-HK.lproj/Localizable.strings ... 
2026-05-26 09:48:39 +0000  15990 bytes for ./Payload/Any.app/Stripe_StripePaymentSheet.bundle/zh-HK.lproj/Localizable.strings
2026-05-26 09:48:39 +0000  copying file ./Payload/Any.app/Stripe_StripePaymentSheet.bundle/mt.lproj/Localizable.strings ... 
2026-05-26 09:48:39 +0000  18429 bytes for ./Payload/Any.app/Stripe_StripePaymentSheet.bundle/mt.lproj/Localizable.strings
2026-05-26 09:48:39 +0000  copying file ./Payload/Any.app/Stripe_StripePaymentSheet.bundle/nb.lproj/Localizable.strings ... 
2026-05-26 09:48:39 +0000  17109 bytes for ./Payload/Any.app/Stripe_StripePaymentSheet.bundle/nb.lproj/Localizable.strings
2026-05-26 09:48:39 +0000  copying file ./Payload/Any.app/Stripe_StripePaymentSheet.bundle/ca-ES.lproj/Localizable.strings ... 
2026-05-26 09:48:39 +0000  18003 bytes for ./Payload/Any.app/Stripe_StripePaymentSheet.bundle/ca-ES.lproj/Localizable.strings
2026-05-26 09:48:39 +0000  copying file ./Payload/Any.app/Stripe_StripePaymentSheet.bundle/en-GB.lproj/Localizable.strings ... 
2026-05-26 09:48:39 +0000  16553 bytes for ./Payload/Any.app/Stripe_StripePaymentSheet.bundle/en-GB.lproj/Localizable.strings
2026-05-26 09:48:39 +0000  copying file ./Payload/Any.app/Stripe_StripePaymentSheet.bundle/es.lproj/Localizable.strings ... 
2026-05-26 09:48:39 +0000  17879 bytes for ./Payload/Any.app/Stripe_StripePaymentSheet.bundle/es.lproj/Localizable.strings
2026-05-26 09:48:39 +0000  copying file ./Payload/Any.app/Stripe_StripePaymentSheet.bundle/form_specs.json ... 
2026-05-26 09:48:39 +0000  36174 bytes for ./Payload/Any.app/Stripe_StripePaymentSheet.bundle/form_specs.json
2026-05-26 09:48:39 +0000  copying file ./Payload/Any.app/Stripe_StripePaymentSheet.bundle/da.lproj/Localizable.strings ... 
2026-05-26 09:48:39 +0000  17271 bytes for ./Payload/Any.app/Stripe_StripePaymentSheet.bundle/da.lproj/Localizable.strings
2026-05-26 09:48:39 +0000  copying file ./Payload/Any.app/Stripe_StripePaymentSheet.bundle/es-419.lproj/Localizable.strings ... 
2026-05-26 09:48:39 +0000  17939 bytes for ./Payload/Any.app/Stripe_StripePaymentSheet.bundle/es-419.lproj/Localizable.strings
2026-05-26 09:48:39 +0000  copying file ./Payload/Any.app/Stripe_StripePaymentSheet.bundle/it.lproj/Localizable.strings ... 
2026-05-26 09:48:39 +0000  17677 bytes for ./Payload/Any.app/Stripe_StripePaymentSheet.bundle/it.lproj/Localizable.strings
2026-05-26 09:48:39 +0000  copying file ./Payload/Any.app/Stripe_StripePaymentSheet.bundle/fr-CA.lproj/Localizable.strings ... 
2026-05-26 09:48:39 +0000  18903 bytes for ./Payload/Any.app/Stripe_StripePaymentSheet.bundle/fr-CA.lproj/Localizable.strings
2026-05-26 09:48:39 +0000  copying file ./Payload/Any.app/Stripe_StripePaymentSheet.bundle/bg-BG.lproj/Localizable.strings ... 
2026-05-26 09:48:39 +0000  24697 bytes for ./Payload/Any.app/Stripe_StripePaymentSheet.bundle/bg-BG.lproj/Localizable.strings
2026-05-26 09:48:39 +0000  copying file ./Payload/Any.app/Stripe_StripePaymentSheet.bundle/sv.lproj/Localizable.strings ... 
2026-05-26 09:48:39 +0000  17535 bytes for ./Payload/Any.app/Stripe_StripePaymentSheet.bundle/sv.lproj/Localizable.strings
2026-05-26 09:48:39 +0000  copying file ./Payload/Any.app/Stripe_StripePaymentSheet.bundle/ko.lproj/Localizable.strings ... 
2026-05-26 09:48:39 +0000  17181 bytes for ./Payload/Any.app/Stripe_StripePaymentSheet.bundle/ko.lproj/Localizable.strings
2026-05-26 09:48:39 +0000  copying file ./Payload/Any.app/Stripe_StripePaymentSheet.bundle/fil.lproj/Localizable.strings ... 
2026-05-26 09:48:39 +0000  19003 bytes for ./Payload/Any.app/Stripe_StripePaymentSheet.bundle/fil.lproj/Localizable.strings
2026-05-26 09:48:39 +0000  copying file ./Payload/Any.app/Stripe_StripePaymentSheet.bundle/zh-Hant.lproj/Localizable.strings ... 
2026-05-26 09:48:39 +0000  12735 bytes for ./Payload/Any.app/Stripe_StripePaymentSheet.bundle/zh-Hant.lproj/Localizable.strings
2026-05-26 09:48:39 +0000  copying file ./Payload/Any.app/Stripe_StripePaymentSheet.bundle/tk.lproj/Localizable.strings ... 
2026-05-26 09:48:39 +0000  0 bytes for ./Payload/Any.app/Stripe_StripePaymentSheet.bundle/tk.lproj/Localizable.strings
2026-05-26 09:48:39 +0000  copying file ./Payload/Any.app/Stripe_StripePaymentSheet.bundle/ro-RO.lproj/Localizable.strings ... 
2026-05-26 09:48:39 +0000  18671 bytes for ./Payload/Any.app/Stripe_StripePaymentSheet.bundle/ro-RO.lproj/Localizable.strings
2026-05-26 09:48:39 +0000  copying file ./Payload/Any.app/Stripe_StripePaymentSheet.bundle/hu.lproj/Localizable.strings ... 
2026-05-26 09:48:39 +0000  17368 bytes for ./Payload/Any.app/Stripe_StripePaymentSheet.bundle/hu.lproj/Localizable.strings
2026-05-26 09:48:39 +0000  copying file ./Payload/Any.app/Stripe_StripePaymentSheet.bundle/Assets.car ... 
2026-05-26 09:48:39 +0000  772984 bytes for ./Payload/Any.app/Stripe_StripePaymentSheet.bundle/Assets.car
2026-05-26 09:48:39 +0000  copying file ./Payload/Any.app/Stripe_StripePaymentSheet.bundle/tr.lproj/Localizable.strings ... 
2026-05-26 09:48:39 +0000  18357 bytes for ./Payload/Any.app/Stripe_StripePaymentSheet.bundle/tr.lproj/Localizable.strings
2026-05-26 09:48:39 +0000  copying file ./Payload/Any.app/Stripe_StripePaymentSheet.bundle/et-EE.lproj/Localizable.strings ... 
2026-05-26 09:48:39 +0000  16784 bytes for ./Payload/Any.app/Stripe_StripePaymentSheet.bundle/et-EE.lproj/Localizable.strings
2026-05-26 09:48:39 +0000  copying file ./Payload/Any.app/Stripe_StripePaymentSheet.bundle/pt-BR.lproj/Localizable.strings ... 
2026-05-26 09:48:39 +0000  17470 bytes for ./Payload/Any.app/Stripe_StripePaymentSheet.bundle/pt-BR.lproj/Localizable.strings
2026-05-26 09:48:39 +0000  copying file ./Payload/Any.app/Stripe_StripePaymentSheet.bundle/lv-LV.lproj/Localizable.strings ... 
2026-05-26 09:48:39 +0000  17819 bytes for ./Payload/Any.app/Stripe_StripePaymentSheet.bundle/lv-LV.lproj/Localizable.strings
2026-05-26 09:48:39 +0000  copying file ./Payload/Any.app/Stripe_StripePaymentSheet.bundle/vi.lproj/Localizable.strings ... 
2026-05-26 09:48:39 +0000  20471 bytes for ./Payload/Any.app/Stripe_StripePaymentSheet.bundle/vi.lproj/Localizable.strings
2026-05-26 09:48:39 +0000  copying file ./Payload/Any.app/Stripe_StripePaymentSheet.bundle/PrivacyInfo.xcprivacy ... 
2026-05-26 09:48:39 +0000  1351 bytes for ./Payload/Any.app/Stripe_StripePaymentSheet.bundle/PrivacyInfo.xcprivacy
2026-05-26 09:48:39 +0000  copying file ./Payload/Any.app/Stripe_StripePaymentSheet.bundle/ru.lproj/Localizable.strings ... 
2026-05-26 09:48:39 +0000  25156 bytes for ./Payload/Any.app/Stripe_StripePaymentSheet.bundle/ru.lproj/Localizable.strings
2026-05-26 09:48:39 +0000  copying file ./Payload/Any.app/Stripe_StripePaymentSheet.bundle/cs-CZ.lproj/Localizable.strings ... 
2026-05-26 09:48:39 +0000  17802 bytes for ./Payload/Any.app/Stripe_StripePaymentSheet.bundle/cs-CZ.lproj/Localizable.strings
2026-05-26 09:48:39 +0000  copying file ./Payload/Any.app/Stripe_StripePaymentSheet.bundle/sk-SK.lproj/Localizable.strings ... 
2026-05-26 09:48:39 +0000  18444 bytes for ./Payload/Any.app/Stripe_StripePaymentSheet.bundle/sk-SK.lproj/Localizable.strings
2026-05-26 09:48:39 +0000  copying file ./Payload/Any.app/Stripe_StripePaymentSheet.bundle/sl-SI.lproj/Localizable.strings ... 
2026-05-26 09:48:39 +0000  17827 bytes for ./Payload/Any.app/Stripe_StripePaymentSheet.bundle/sl-SI.lproj/Localizable.strings
2026-05-26 09:48:39 +0000  copying file ./Payload/Any.app/Stripe_StripePaymentSheet.bundle/fr.lproj/Localizable.strings ... 
2026-05-26 09:48:39 +0000  18952 bytes for ./Payload/Any.app/Stripe_StripePaymentSheet.bundle/fr.lproj/Localizable.strings
2026-05-26 09:48:39 +0000  copying file ./Payload/Any.app/Stripe_StripePaymentSheet.bundle/fi.lproj/Localizable.strings ... 
2026-05-26 09:48:39 +0000  16883 bytes for ./Payload/Any.app/Stripe_StripePaymentSheet.bundle/fi.lproj/Localizable.strings
2026-05-26 09:48:39 +0000  copying file ./Payload/Any.app/Stripe_StripePaymentSheet.bundle/id.lproj/Localizable.strings ... 
2026-05-26 09:48:39 +0000  17900 bytes for ./Payload/Any.app/Stripe_StripePaymentSheet.bundle/id.lproj/Localizable.strings
2026-05-26 09:48:39 +0000  copying file ./Payload/Any.app/Stripe_StripePaymentSheet.bundle/nl.lproj/Localizable.strings ... 
2026-05-26 09:48:39 +0000  18004 bytes for ./Payload/Any.app/Stripe_StripePaymentSheet.bundle/nl.lproj/Localizable.strings
2026-05-26 09:48:39 +0000  copying file ./Payload/Any.app/Stripe_StripePaymentSheet.bundle/th.lproj/Localizable.strings ... 
2026-05-26 09:48:39 +0000  28993 bytes for ./Payload/Any.app/Stripe_StripePaymentSheet.bundle/th.lproj/Localizable.strings
2026-05-26 09:48:39 +0000  copying file ./Payload/Any.app/Stripe_StripePaymentSheet.bundle/pl-PL.lproj/Localizable.strings ... 
2026-05-26 09:48:39 +0000  17905 bytes for ./Payload/Any.app/Stripe_StripePaymentSheet.bundle/pl-PL.lproj/Localizable.strings
2026-05-26 09:48:39 +0000  copying file ./Payload/Any.app/Stripe_StripePaymentSheet.bundle/pt-PT.lproj/Localizable.strings ... 
2026-05-26 09:48:39 +0000  17996 bytes for ./Payload/Any.app/Stripe_StripePaymentSheet.bundle/pt-PT.lproj/Localizable.strings
2026-05-26 09:48:39 +0000  copying file ./Payload/Any.app/Stripe_StripePaymentSheet.bundle/Info.plist ... 
2026-05-26 09:48:39 +0000  703 bytes for ./Payload/Any.app/Stripe_StripePaymentSheet.bundle/Info.plist
2026-05-26 09:48:39 +0000  copying file ./Payload/Any.app/Stripe_StripePaymentSheet.bundle/hr.lproj/Localizable.strings ... 
2026-05-26 09:48:39 +0000  17369 bytes for ./Payload/Any.app/Stripe_StripePaymentSheet.bundle/hr.lproj/Localizable.strings
2026-05-26 09:48:39 +0000  copying file ./Payload/Any.app/Stripe_StripePayments.bundle/de.lproj/Localizable.strings ... 
2026-05-26 09:48:39 +0000  1143 bytes for ./Payload/Any.app/Stripe_StripePayments.bundle/de.lproj/Localizable.strings
2026-05-26 09:48:39 +0000  copying file ./Payload/Any.app/Stripe_StripePayments.bundle/lt-LT.lproj/Localizable.strings ... 
2026-05-26 09:48:39 +0000  1114 bytes for ./Payload/Any.app/Stripe_StripePayments.bundle/lt-LT.lproj/Localizable.strings
2026-05-26 09:48:39 +0000  copying file ./Payload/Any.app/Stripe_StripePayments.bundle/zh-Hans.lproj/Localizable.strings ... 
2026-05-26 09:48:39 +0000  1032 bytes for ./Payload/Any.app/Stripe_StripePayments.bundle/zh-Hans.lproj/Localizable.strings
2026-05-26 09:48:39 +0000  copying file ./Payload/Any.app/Stripe_StripePayments.bundle/ja.lproj/Localizable.strings ... 
2026-05-26 09:48:39 +0000  1211 bytes for ./Payload/Any.app/Stripe_StripePayments.bundle/ja.lproj/Localizable.strings
2026-05-26 09:48:39 +0000  copying file ./Payload/Any.app/Stripe_StripePayments.bundle/el-GR.lproj/Localizable.strings ... 
2026-05-26 09:48:39 +0000  1346 bytes for ./Payload/Any.app/Stripe_StripePayments.bundle/el-GR.lproj/Localizable.strings
2026-05-26 09:48:39 +0000  copying file ./Payload/Any.app/Stripe_StripePayments.bundle/ms-MY.lproj/Localizable.strings ... 
2026-05-26 09:48:39 +0000  1061 bytes for ./Payload/Any.app/Stripe_StripePayments.bundle/ms-MY.lproj/Localizable.strings
2026-05-26 09:48:39 +0000  copying file ./Payload/Any.app/Stripe_StripePayments.bundle/en.lproj/Localizable.strings ... 
2026-05-26 09:48:39 +0000  2238 bytes for ./Payload/Any.app/Stripe_StripePayments.bundle/en.lproj/Localizable.strings
2026-05-26 09:48:39 +0000  copying file ./Payload/Any.app/Stripe_StripePayments.bundle/zh-HK.lproj/Localizable.strings ... 
2026-05-26 09:48:39 +0000  1016 bytes for ./Payload/Any.app/Stripe_StripePayments.bundle/zh-HK.lproj/Localizable.strings
2026-05-26 09:48:39 +0000  copying file ./Payload/Any.app/Stripe_StripePayments.bundle/mt.lproj/Localizable.strings ... 
2026-05-26 09:48:39 +0000  1122 bytes for ./Payload/Any.app/Stripe_StripePayments.bundle/mt.lproj/Localizable.strings
2026-05-26 09:48:39 +0000  copying file ./Payload/Any.app/Stripe_StripePayments.bundle/nb.lproj/Localizable.strings ... 
2026-05-26 09:48:39 +0000  1059 bytes for ./Payload/Any.app/Stripe_StripePayments.bundle/nb.lproj/Localizable.strings
2026-05-26 09:48:39 +0000  copying file ./Payload/Any.app/Stripe_StripePayments.bundle/ca-ES.lproj/Localizable.strings ... 
2026-05-26 09:48:39 +0000  1109 bytes for ./Payload/Any.app/Stripe_StripePayments.bundle/ca-ES.lproj/Localizable.strings
2026-05-26 09:48:39 +0000  copying file ./Payload/Any.app/Stripe_StripePayments.bundle/en-GB.lproj/Localizable.strings ... 
2026-05-26 09:48:39 +0000  1053 bytes for ./Payload/Any.app/Stripe_StripePayments.bundle/en-GB.lproj/Localizable.strings
2026-05-26 09:48:39 +0000  copying file ./Payload/Any.app/Stripe_StripePayments.bundle/es.lproj/Localizable.strings ... 
2026-05-26 09:48:39 +0000  1085 bytes for ./Payload/Any.app/Stripe_StripePayments.bundle/es.lproj/Localizable.strings
2026-05-26 09:48:39 +0000  copying file ./Payload/Any.app/Stripe_StripePayments.bundle/da.lproj/Localizable.strings ... 
2026-05-26 09:48:39 +0000  1044 bytes for ./Payload/Any.app/Stripe_StripePayments.bundle/da.lproj/Localizable.strings
2026-05-26 09:48:39 +0000  copying file ./Payload/Any.app/Stripe_StripePayments.bundle/es-419.lproj/Localizable.strings ... 
2026-05-26 09:48:39 +0000  1079 bytes for ./Payload/Any.app/Stripe_StripePayments.bundle/es-419.lproj/Localizable.strings
2026-05-26 09:48:39 +0000  copying file ./Payload/Any.app/Stripe_StripePayments.bundle/it.lproj/Localizable.strings ... 
2026-05-26 09:48:39 +0000  1055 bytes for ./Payload/Any.app/Stripe_StripePayments.bundle/it.lproj/Localizable.strings
2026-05-26 09:48:39 +0000  copying file ./Payload/Any.app/Stripe_StripePayments.bundle/fr-CA.lproj/Localizable.strings ... 
2026-05-26 09:48:39 +0000  1152 bytes for ./Payload/Any.app/Stripe_StripePayments.bundle/fr-CA.lproj/Localizable.strings
2026-05-26 09:48:39 +0000  copying file ./Payload/Any.app/Stripe_StripePayments.bundle/bg-BG.lproj/Localizable.strings ... 
2026-05-26 09:48:39 +0000  1320 bytes for ./Payload/Any.app/Stripe_StripePayments.bundle/bg-BG.lproj/Localizable.strings
2026-05-26 09:48:39 +0000  copying file ./Payload/Any.app/Stripe_StripePayments.bundle/sv.lproj/Localizable.strings ... 
2026-05-26 09:48:39 +0000  1062 bytes for ./Payload/Any.app/Stripe_StripePayments.bundle/sv.lproj/Localizable.strings
2026-05-26 09:48:39 +0000  copying file ./Payload/Any.app/Stripe_StripePayments.bundle/ko.lproj/Localizable.strings ... 
2026-05-26 09:48:39 +0000  1088 bytes for ./Payload/Any.app/Stripe_StripePayments.bundle/ko.lproj/Localizable.strings
2026-05-26 09:48:39 +0000  copying file ./Payload/Any.app/Stripe_StripePayments.bundle/fil.lproj/Localizable.strings ... 
2026-05-26 09:48:39 +0000  1090 bytes for ./Payload/Any.app/Stripe_StripePayments.bundle/fil.lproj/Localizable.strings
2026-05-26 09:48:39 +0000  copying file ./Payload/Any.app/Stripe_StripePayments.bundle/zh-Hant.lproj/Localizable.strings ... 
2026-05-26 09:48:39 +0000  1019 bytes for ./Payload/Any.app/Stripe_StripePayments.bundle/zh-Hant.lproj/Localizable.strings
2026-05-26 09:48:39 +0000  copying file ./Payload/Any.app/Stripe_StripePayments.bundle/tk.lproj/Localizable.strings ... 
2026-05-26 09:48:39 +0000  0 bytes for ./Payload/Any.app/Stripe_StripePayments.bundle/tk.lproj/Localizable.strings
2026-05-26 09:48:39 +0000  copying file ./Payload/Any.app/Stripe_StripePayments.bundle/ro-RO.lproj/Localizable.strings ... 
2026-05-26 09:48:39 +0000  1077 bytes for ./Payload/Any.app/Stripe_StripePayments.bundle/ro-RO.lproj/Localizable.strings
2026-05-26 09:48:39 +0000  copying file ./Payload/Any.app/Stripe_StripePayments.bundle/hu.lproj/Localizable.strings ... 
2026-05-26 09:48:39 +0000  1121 bytes for ./Payload/Any.app/Stripe_StripePayments.bundle/hu.lproj/Localizable.strings
2026-05-26 09:48:39 +0000  copying file ./Payload/Any.app/Stripe_StripePayments.bundle/tr.lproj/Localizable.strings ... 
2026-05-26 09:48:39 +0000  1089 bytes for ./Payload/Any.app/Stripe_StripePayments.bundle/tr.lproj/Localizable.strings
2026-05-26 09:48:39 +0000  copying file ./Payload/Any.app/Stripe_StripePayments.bundle/et-EE.lproj/Localizable.strings ... 
2026-05-26 09:48:39 +0000  1046 bytes for ./Payload/Any.app/Stripe_StripePayments.bundle/et-EE.lproj/Localizable.strings
2026-05-26 09:48:39 +0000  copying file ./Payload/Any.app/Stripe_StripePayments.bundle/pt-BR.lproj/Localizable.strings ... 
2026-05-26 09:48:39 +0000  1091 bytes for ./Payload/Any.app/Stripe_StripePayments.bundle/pt-BR.lproj/Localizable.strings
2026-05-26 09:48:39 +0000  copying file ./Payload/Any.app/Stripe_StripePayments.bundle/lv-LV.lproj/Localizable.strings ... 
2026-05-26 09:48:39 +0000  1111 bytes for ./Payload/Any.app/Stripe_StripePayments.bundle/lv-LV.lproj/Localizable.strings
2026-05-26 09:48:39 +0000  copying file ./Payload/Any.app/Stripe_StripePayments.bundle/vi.lproj/Localizable.strings ... 
2026-05-26 09:48:39 +0000  1179 bytes for ./Payload/Any.app/Stripe_StripePayments.bundle/vi.lproj/Localizable.strings
2026-05-26 09:48:39 +0000  copying file ./Payload/Any.app/Stripe_StripePayments.bundle/ru.lproj/Localizable.strings ... 
2026-05-26 09:48:39 +0000  1307 bytes for ./Payload/Any.app/Stripe_StripePayments.bundle/ru.lproj/Localizable.strings
2026-05-26 09:48:39 +0000  copying file ./Payload/Any.app/Stripe_StripePayments.bundle/cs-CZ.lproj/Localizable.strings ... 
2026-05-26 09:48:39 +0000  1066 bytes for ./Payload/Any.app/Stripe_StripePayments.bundle/cs-CZ.lproj/Localizable.strings
2026-05-26 09:48:39 +0000  copying file ./Payload/Any.app/Stripe_StripePayments.bundle/sk-SK.lproj/Localizable.strings ... 
2026-05-26 09:48:39 +0000  1043 bytes for ./Payload/Any.app/Stripe_StripePayments.bundle/sk-SK.lproj/Localizable.strings
2026-05-26 09:48:39 +0000  copying file ./Payload/Any.app/Stripe_StripePayments.bundle/sl-SI.lproj/Localizable.strings ... 
2026-05-26 09:48:39 +0000  1143 bytes for ./Payload/Any.app/Stripe_StripePayments.bundle/sl-SI.lproj/Localizable.strings
2026-05-26 09:48:39 +0000  copying file ./Payload/Any.app/Stripe_StripePayments.bundle/fr.lproj/Localizable.strings ... 
2026-05-26 09:48:39 +0000  1159 bytes for ./Payload/Any.app/Stripe_StripePayments.bundle/fr.lproj/Localizable.strings
2026-05-26 09:48:39 +0000  copying file ./Payload/Any.app/Stripe_StripePayments.bundle/fi.lproj/Localizable.strings ... 
2026-05-26 09:48:39 +0000  1049 bytes for ./Payload/Any.app/Stripe_StripePayments.bundle/fi.lproj/Localizable.strings
2026-05-26 09:48:39 +0000  copying file ./Payload/Any.app/Stripe_StripePayments.bundle/id.lproj/Localizable.strings ... 
2026-05-26 09:48:39 +0000  1067 bytes for ./Payload/Any.app/Stripe_StripePayments.bundle/id.lproj/Localizable.strings
2026-05-26 09:48:39 +0000  copying file ./Payload/Any.app/Stripe_StripePayments.bundle/nl.lproj/Localizable.strings ... 
2026-05-26 09:48:39 +0000  1075 bytes for ./Payload/Any.app/Stripe_StripePayments.bundle/nl.lproj/Localizable.strings
2026-05-26 09:48:39 +0000  copying file ./Payload/Any.app/Stripe_StripePayments.bundle/th.lproj/Localizable.strings ... 
2026-05-26 09:48:39 +0000  1625 bytes for ./Payload/Any.app/Stripe_StripePayments.bundle/th.lproj/Localizable.strings
2026-05-26 09:48:39 +0000  copying file ./Payload/Any.app/Stripe_StripePayments.bundle/pl-PL.lproj/Localizable.strings ... 
2026-05-26 09:48:39 +0000  1105 bytes for ./Payload/Any.app/Stripe_StripePayments.bundle/pl-PL.lproj/Localizable.strings
2026-05-26 09:48:39 +0000  copying file ./Payload/Any.app/Stripe_StripePayments.bundle/pt-PT.lproj/Localizable.strings ... 
2026-05-26 09:48:39 +0000  1103 bytes for ./Payload/Any.app/Stripe_StripePayments.bundle/pt-PT.lproj/Localizable.strings
2026-05-26 09:48:39 +0000  copying file ./Payload/Any.app/Stripe_StripePayments.bundle/Info.plist ... 
2026-05-26 09:48:39 +0000  695 bytes for ./Payload/Any.app/Stripe_StripePayments.bundle/Info.plist
2026-05-26 09:48:39 +0000  copying file ./Payload/Any.app/Stripe_StripePayments.bundle/hr.lproj/Localizable.strings ... 
2026-05-26 09:48:39 +0000  1070 bytes for ./Payload/Any.app/Stripe_StripePayments.bundle/hr.lproj/Localizable.strings
2026-05-26 09:48:39 +0000  copying file ./Payload/Any.app/Stripe_Stripe.bundle/Assets.car ... 
2026-05-26 09:48:39 +0000  20392 bytes for ./Payload/Any.app/Stripe_Stripe.bundle/Assets.car
2026-05-26 09:48:39 +0000  copying file ./Payload/Any.app/Stripe_Stripe.bundle/PrivacyInfo.xcprivacy ... 
2026-05-26 09:48:39 +0000  1351 bytes for ./Payload/Any.app/Stripe_Stripe.bundle/PrivacyInfo.xcprivacy
2026-05-26 09:48:39 +0000  copying file ./Payload/Any.app/Stripe_Stripe.bundle/Info.plist ... 
2026-05-26 09:48:39 +0000  677 bytes for ./Payload/Any.app/Stripe_Stripe.bundle/Info.plist
2026-05-26 09:48:39 +0000  copying file ./Payload/Any.app/Stripe_StripeCore.bundle/de.lproj/Localizable.strings ... 
2026-05-26 09:48:39 +0000  2200 bytes for ./Payload/Any.app/Stripe_StripeCore.bundle/de.lproj/Localizable.strings
2026-05-26 09:48:39 +0000  copying file ./Payload/Any.app/Stripe_StripeCore.bundle/lt-LT.lproj/Localizable.strings ... 
2026-05-26 09:48:39 +0000  2097 bytes for ./Payload/Any.app/Stripe_StripeCore.bundle/lt-LT.lproj/Localizable.strings
2026-05-26 09:48:39 +0000  copying file ./Payload/Any.app/Stripe_StripeCore.bundle/zh-Hans.lproj/Localizable.strings ... 
2026-05-26 09:48:39 +0000  1873 bytes for ./Payload/Any.app/Stripe_StripeCore.bundle/zh-Hans.lproj/Localizable.strings
2026-05-26 09:48:39 +0000  copying file ./Payload/Any.app/Stripe_StripeCore.bundle/ja.lproj/Localizable.strings ... 
2026-05-26 09:48:39 +0000  2581 bytes for ./Payload/Any.app/Stripe_StripeCore.bundle/ja.lproj/Localizable.strings
2026-05-26 09:48:39 +0000  copying file ./Payload/Any.app/Stripe_StripeCore.bundle/el-GR.lproj/Localizable.strings ... 
2026-05-26 09:48:39 +0000  3034 bytes for ./Payload/Any.app/Stripe_StripeCore.bundle/el-GR.lproj/Localizable.strings
2026-05-26 09:48:39 +0000  copying file ./Payload/Any.app/Stripe_StripeCore.bundle/ms-MY.lproj/Localizable.strings ... 
2026-05-26 09:48:39 +0000  2008 bytes for ./Payload/Any.app/Stripe_StripeCore.bundle/ms-MY.lproj/Localizable.strings
2026-05-26 09:48:39 +0000  copying file ./Payload/Any.app/Stripe_StripeCore.bundle/en.lproj/Localizable.strings ... 
2026-05-26 09:48:39 +0000  3447 bytes for ./Payload/Any.app/Stripe_StripeCore.bundle/en.lproj/Localizable.strings
2026-05-26 09:48:39 +0000  copying file ./Payload/Any.app/Stripe_StripeCore.bundle/zh-HK.lproj/Localizable.strings ... 
2026-05-26 09:48:39 +0000  1862 bytes for ./Payload/Any.app/Stripe_StripeCore.bundle/zh-HK.lproj/Localizable.strings
2026-05-26 09:48:39 +0000  copying file ./Payload/Any.app/Stripe_StripeCore.bundle/mt.lproj/Localizable.strings ... 
2026-05-26 09:48:39 +0000  2215 bytes for ./Payload/Any.app/Stripe_StripeCore.bundle/mt.lproj/Localizable.strings
2026-05-26 09:48:39 +0000  copying file ./Payload/Any.app/Stripe_StripeCore.bundle/nb.lproj/Localizable.strings ... 
2026-05-26 09:48:39 +0000  1971 bytes for ./Payload/Any.app/Stripe_StripeCore.bundle/nb.lproj/Localizable.strings
2026-05-26 09:48:39 +0000  copying file ./Payload/Any.app/Stripe_StripeCore.bundle/ca-ES.lproj/Localizable.strings ... 
2026-05-26 09:48:39 +0000  2178 bytes for ./Payload/Any.app/Stripe_StripeCore.bundle/ca-ES.lproj/Localizable.strings
2026-05-26 09:48:39 +0000  copying file ./Payload/Any.app/Stripe_StripeCore.bundle/en-GB.lproj/Localizable.strings ... 
2026-05-26 09:48:39 +0000  1932 bytes for ./Payload/Any.app/Stripe_StripeCore.bundle/en-GB.lproj/Localizable.strings
2026-05-26 09:48:39 +0000  copying file ./Payload/Any.app/Stripe_StripeCore.bundle/es.lproj/Localizable.strings ... 
2026-05-26 09:48:39 +0000  2119 bytes for ./Payload/Any.app/Stripe_StripeCore.bundle/es.lproj/Localizable.strings
2026-05-26 09:48:39 +0000  copying file ./Payload/Any.app/Stripe_StripeCore.bundle/da.lproj/Localizable.strings ... 
2026-05-26 09:48:39 +0000  1978 bytes for ./Payload/Any.app/Stripe_StripeCore.bundle/da.lproj/Localizable.strings
2026-05-26 09:48:39 +0000  copying file ./Payload/Any.app/Stripe_StripeCore.bundle/es-419.lproj/Localizable.strings ... 
2026-05-26 09:48:39 +0000  2124 bytes for ./Payload/Any.app/Stripe_StripeCore.bundle/es-419.lproj/Localizable.strings
2026-05-26 09:48:39 +0000  copying file ./Payload/Any.app/Stripe_StripeCore.bundle/it.lproj/Localizable.strings ... 
2026-05-26 09:48:39 +0000  2123 bytes for ./Payload/Any.app/Stripe_StripeCore.bundle/it.lproj/Localizable.strings
2026-05-26 09:48:39 +0000  copying file ./Payload/Any.app/Stripe_StripeCore.bundle/fr-CA.lproj/Localizable.strings ... 
2026-05-26 09:48:39 +0000  2209 bytes for ./Payload/Any.app/Stripe_StripeCore.bundle/fr-CA.lproj/Localizable.strings
2026-05-26 09:48:39 +0000  copying file ./Payload/Any.app/Stripe_StripeCore.bundle/bg-BG.lproj/Localizable.strings ... 
2026-05-26 09:48:39 +0000  2962 bytes for ./Payload/Any.app/Stripe_StripeCore.bundle/bg-BG.lproj/Localizable.strings
2026-05-26 09:48:39 +0000  copying file ./Payload/Any.app/Stripe_StripeCore.bundle/sv.lproj/Localizable.strings ... 
2026-05-26 09:48:39 +0000  1986 bytes for ./Payload/Any.app/Stripe_StripeCore.bundle/sv.lproj/Localizable.strings
2026-05-26 09:48:39 +0000  copying file ./Payload/Any.app/Stripe_StripeCore.bundle/ko.lproj/Localizable.strings ... 
2026-05-26 09:48:39 +0000  2276 bytes for ./Payload/Any.app/Stripe_StripeCore.bundle/ko.lproj/Localizable.strings
2026-05-26 09:48:39 +0000  copying file ./Payload/Any.app/Stripe_StripeCore.bundle/fil.lproj/Localizable.strings ... 
2026-05-26 09:48:39 +0000  2136 bytes for ./Payload/Any.app/Stripe_StripeCore.bundle/fil.lproj/Localizable.strings
2026-05-26 09:48:39 +0000  copying file ./Payload/Any.app/Stripe_StripeCore.bundle/zh-Hant.lproj/Localizable.strings ... 
2026-05-26 09:48:39 +0000  1732 bytes for ./Payload/Any.app/Stripe_StripeCore.bundle/zh-Hant.lproj/Localizable.strings
2026-05-26 09:48:39 +0000  copying file ./Payload/Any.app/Stripe_StripeCore.bundle/ro-RO.lproj/Localizable.strings ... 
2026-05-26 09:48:39 +0000  2163 bytes for ./Payload/Any.app/Stripe_StripeCore.bundle/ro-RO.lproj/Localizable.strings
2026-05-26 09:48:39 +0000  copying file ./Payload/Any.app/Stripe_StripeCore.bundle/hu.lproj/Localizable.strings ... 
2026-05-26 09:48:39 +0000  2154 bytes for ./Payload/Any.app/Stripe_StripeCore.bundle/hu.lproj/Localizable.strings
2026-05-26 09:48:39 +0000  copying file ./Payload/Any.app/Stripe_StripeCore.bundle/tr.lproj/Localizable.strings ... 
2026-05-26 09:48:39 +0000  2054 bytes for ./Payload/Any.app/Stripe_StripeCore.bundle/tr.lproj/Localizable.strings
2026-05-26 09:48:39 +0000  copying file ./Payload/Any.app/Stripe_StripeCore.bundle/et-EE.lproj/Localizable.strings ... 
2026-05-26 09:48:39 +0000  1988 bytes for ./Payload/Any.app/Stripe_StripeCore.bundle/et-EE.lproj/Localizable.strings
2026-05-26 09:48:39 +0000  copying file ./Payload/Any.app/Stripe_StripeCore.bundle/pt-BR.lproj/Localizable.strings ... 
2026-05-26 09:48:39 +0000  2033 bytes for ./Payload/Any.app/Stripe_StripeCore.bundle/pt-BR.lproj/Localizable.strings
2026-05-26 09:48:39 +0000  copying file ./Payload/Any.app/Stripe_StripeCore.bundle/lv-LV.lproj/Localizable.strings ... 
2026-05-26 09:48:39 +0000  2147 bytes for ./Payload/Any.app/Stripe_StripeCore.bundle/lv-LV.lproj/Localizable.strings
2026-05-26 09:48:39 +0000  copying file ./Payload/Any.app/Stripe_StripeCore.bundle/vi.lproj/Localizable.strings ... 
2026-05-26 09:48:39 +0000  2205 bytes for ./Payload/Any.app/Stripe_StripeCore.bundle/vi.lproj/Localizable.strings
2026-05-26 09:48:39 +0000  copying file ./Payload/Any.app/Stripe_StripeCore.bundle/PrivacyInfo.xcprivacy ... 
2026-05-26 09:48:39 +0000  971 bytes for ./Payload/Any.app/Stripe_StripeCore.bundle/PrivacyInfo.xcprivacy
2026-05-26 09:48:39 +0000  copying file ./Payload/Any.app/Stripe_StripeCore.bundle/ru.lproj/Localizable.strings ... 
2026-05-26 09:48:39 +0000  2843 bytes for ./Payload/Any.app/Stripe_StripeCore.bundle/ru.lproj/Localizable.strings
2026-05-26 09:48:39 +0000  copying file ./Payload/Any.app/Stripe_StripeCore.bundle/cs-CZ.lproj/Localizable.strings ... 
2026-05-26 09:48:39 +0000  2178 bytes for ./Payload/Any.app/Stripe_StripeCore.bundle/cs-CZ.lproj/Localizable.strings
2026-05-26 09:48:39 +0000  copying file ./Payload/Any.app/Stripe_StripeCore.bundle/sk-SK.lproj/Localizable.strings ... 
2026-05-26 09:48:39 +0000  2181 bytes for ./Payload/Any.app/Stripe_StripeCore.bundle/sk-SK.lproj/Localizable.strings
2026-05-26 09:48:39 +0000  copying file ./Payload/Any.app/Stripe_StripeCore.bundle/sl-SI.lproj/Localizable.strings ... 
2026-05-26 09:48:39 +0000  2118 bytes for ./Payload/Any.app/Stripe_StripeCore.bundle/sl-SI.lproj/Localizable.strings
2026-05-26 09:48:39 +0000  copying file ./Payload/Any.app/Stripe_StripeCore.bundle/fr.lproj/Localizable.strings ... 
2026-05-26 09:48:39 +0000  2229 bytes for ./Payload/Any.app/Stripe_StripeCore.bundle/fr.lproj/Localizable.strings
2026-05-26 09:48:39 +0000  copying file ./Payload/Any.app/Stripe_StripeCore.bundle/fi.lproj/Localizable.strings ... 
2026-05-26 09:48:39 +0000  2019 bytes for ./Payload/Any.app/Stripe_StripeCore.bundle/fi.lproj/Localizable.strings
2026-05-26 09:48:39 +0000  copying file ./Payload/Any.app/Stripe_StripeCore.bundle/id.lproj/Localizable.strings ... 
2026-05-26 09:48:39 +0000  2019 bytes for ./Payload/Any.app/Stripe_StripeCore.bundle/id.lproj/Localizable.strings
2026-05-26 09:48:39 +0000  copying file ./Payload/Any.app/Stripe_StripeCore.bundle/nl.lproj/Localizable.strings ... 
2026-05-26 09:48:39 +0000  2096 bytes for ./Payload/Any.app/Stripe_StripeCore.bundle/nl.lproj/Localizable.strings
2026-05-26 09:48:39 +0000  copying file ./Payload/Any.app/Stripe_StripeCore.bundle/th.lproj/Localizable.strings ... 
2026-05-26 09:48:39 +0000  3249 bytes for ./Payload/Any.app/Stripe_StripeCore.bundle/th.lproj/Localizable.strings
2026-05-26 09:48:39 +0000  copying file ./Payload/Any.app/Stripe_StripeCore.bundle/pl-PL.lproj/Localizable.strings ... 
2026-05-26 09:48:39 +0000  2181 bytes for ./Payload/Any.app/Stripe_StripeCore.bundle/pl-PL.lproj/Localizable.strings
2026-05-26 09:48:39 +0000  copying file ./Payload/Any.app/Stripe_StripeCore.bundle/pt-PT.lproj/Localizable.strings ... 
2026-05-26 09:48:39 +0000  2123 bytes for ./Payload/Any.app/Stripe_StripeCore.bundle/pt-PT.lproj/Localizable.strings
2026-05-26 09:48:39 +0000  copying file ./Payload/Any.app/Stripe_StripeCore.bundle/Info.plist ... 
2026-05-26 09:48:39 +0000  687 bytes for ./Payload/Any.app/Stripe_StripeCore.bundle/Info.plist
2026-05-26 09:48:39 +0000  copying file ./Payload/Any.app/Stripe_StripeCore.bundle/hr.lproj/Localizable.strings ... 
2026-05-26 09:48:39 +0000  2071 bytes for ./Payload/Any.app/Stripe_StripeCore.bundle/hr.lproj/Localizable.strings
2026-05-26 09:48:39 +0000  copying file ./Payload/Any.app/Stripe_StripeFinancialConnections.bundle/de.lproj/Localizable.strings ... 
2026-05-26 09:48:39 +0000  8932 bytes for ./Payload/Any.app/Stripe_StripeFinancialConnections.bundle/de.lproj/Localizable.strings
2026-05-26 09:48:39 +0000  copying file ./Payload/Any.app/Stripe_StripeFinancialConnections.bundle/lt-LT.lproj/Localizable.strings ... 
2026-05-26 09:48:39 +0000  8629 bytes for ./Payload/Any.app/Stripe_StripeFinancialConnections.bundle/lt-LT.lproj/Localizable.strings
2026-05-26 09:48:39 +0000  copying file ./Payload/Any.app/Stripe_StripeFinancialConnections.bundle/chevron_down@3x.png ... 
2026-05-26 09:48:39 +0000  475 bytes for ./Payload/Any.app/Stripe_StripeFinancialConnections.bundle/chevron_down@3x.png
2026-05-26 09:48:39 +0000  copying file ./Payload/Any.app/Stripe_StripeFinancialConnections.bundle/zh-Hans.lproj/Localizable.strings ... 
2026-05-26 09:48:39 +0000  7554 bytes for ./Payload/Any.app/Stripe_StripeFinancialConnections.bundle/zh-Hans.lproj/Localizable.strings
2026-05-26 09:48:39 +0000  copying file ./Payload/Any.app/Stripe_StripeFinancialConnections.bundle/ja.lproj/Localizable.strings ... 
2026-05-26 09:48:39 +0000  9596 bytes for ./Payload/Any.app/Stripe_StripeFinancialConnections.bundle/ja.lproj/Localizable.strings
2026-05-26 09:48:39 +0000  copying file ./Payload/Any.app/Stripe_StripeFinancialConnections.bundle/el-GR.lproj/Localizable.strings ... 
2026-05-26 09:48:39 +0000  12777 bytes for ./Payload/Any.app/Stripe_StripeFinancialConnections.bundle/el-GR.lproj/Localizable.strings
2026-05-26 09:48:39 +0000  copying file ./Payload/Any.app/Stripe_StripeFinancialConnections.bundle/ms-MY.lproj/Localizable.strings ... 
2026-05-26 09:48:39 +0000  8250 bytes for ./Payload/Any.app/Stripe_StripeFinancialConnections.bundle/ms-MY.lproj/Localizable.strings
2026-05-26 09:48:39 +0000  copying file ./Payload/Any.app/Stripe_StripeFinancialConnections.bundle/en.lproj/Localizable.strings ... 
2026-05-26 09:48:39 +0000  27070 bytes for ./Payload/Any.app/Stripe_StripeFinancialConnections.bundle/en.lproj/Localizable.strings
2026-05-26 09:48:39 +0000  copying file ./Payload/Any.app/Stripe_StripeFinancialConnections.bundle/zh-HK.lproj/Localizable.strings ... 
2026-05-26 09:48:39 +0000  7544 bytes for ./Payload/Any.app/Stripe_StripeFinancialConnections.bundle/zh-HK.lproj/Localizable.strings
2026-05-26 09:48:39 +0000  copying file ./Payload/Any.app/Stripe_StripeFinancialConnections.bundle/mt.lproj/Localizable.strings ... 
2026-05-26 09:48:39 +0000  8866 bytes for ./Payload/Any.app/Stripe_StripeFinancialConnections.bundle/mt.lproj/Localizable.strings
2026-05-26 09:48:39 +0000  copying file ./Payload/Any.app/Stripe_StripeFinancialConnections.bundle/add@3x.png ... 
2026-05-26 09:48:39 +0000  490 bytes for ./Payload/Any.app/Stripe_StripeFinancialConnections.bundle/add@3x.png
2026-05-26 09:48:39 +0000  copying file ./Payload/Any.app/Stripe_StripeFinancialConnections.bundle/search@3x.png ... 
2026-05-26 09:48:39 +0000  1425 bytes for ./Payload/Any.app/Stripe_StripeFinancialConnections.bundle/search@3x.png
2026-05-26 09:48:39 +0000  copying file ./Payload/Any.app/Stripe_StripeFinancialConnections.bundle/nb.lproj/Localizable.strings ... 
2026-05-26 09:48:39 +0000  8011 bytes for ./Payload/Any.app/Stripe_StripeFinancialConnections.bundle/nb.lproj/Localizable.strings
2026-05-26 09:48:39 +0000  copying file ./Payload/Any.app/Stripe_StripeFinancialConnections.bundle/link_logo@3x.png ... 
2026-05-26 09:48:39 +0000  3548 bytes for ./Payload/Any.app/Stripe_StripeFinancialConnections.bundle/link_logo@3x.png
2026-05-26 09:48:39 +0000  copying file ./Payload/Any.app/Stripe_StripeFinancialConnections.bundle/ca-ES.lproj/Localizable.strings ... 
2026-05-26 09:48:39 +0000  8593 bytes for ./Payload/Any.app/Stripe_StripeFinancialConnections.bundle/ca-ES.lproj/Localizable.strings
2026-05-26 09:48:39 +0000  copying file ./Payload/Any.app/Stripe_StripeFinancialConnections.bundle/en-GB.lproj/Localizable.strings ... 
2026-05-26 09:48:39 +0000  7925 bytes for ./Payload/Any.app/Stripe_StripeFinancialConnections.bundle/en-GB.lproj/Localizable.strings
2026-05-26 09:48:39 +0000  copying file ./Payload/Any.app/Stripe_StripeFinancialConnections.bundle/es.lproj/Localizable.strings ... 
2026-05-26 09:48:39 +0000  8569 bytes for ./Payload/Any.app/Stripe_StripeFinancialConnections.bundle/es.lproj/Localizable.strings
2026-05-26 09:48:39 +0000  copying file ./Payload/Any.app/Stripe_StripeFinancialConnections.bundle/da.lproj/Localizable.strings ... 
2026-05-26 09:48:39 +0000  8106 bytes for ./Payload/Any.app/Stripe_StripeFinancialConnections.bundle/da.lproj/Localizable.strings
2026-05-26 09:48:39 +0000  copying file ./Payload/Any.app/Stripe_StripeFinancialConnections.bundle/es-419.lproj/Localizable.strings ... 
2026-05-26 09:48:39 +0000  8530 bytes for ./Payload/Any.app/Stripe_StripeFinancialConnections.bundle/es-419.lproj/Localizable.strings
2026-05-26 09:48:39 +0000  copying file ./Payload/Any.app/Stripe_StripeFinancialConnections.bundle/info@3x.png ... 
2026-05-26 09:48:39 +0000  820 bytes for ./Payload/Any.app/Stripe_StripeFinancialConnections.bundle/info@3x.png
2026-05-26 09:48:39 +0000  copying file ./Payload/Any.app/Stripe_StripeFinancialConnections.bundle/it.lproj/Localizable.strings ... 
2026-05-26 09:48:39 +0000  8431 bytes for ./Payload/Any.app/Stripe_StripeFinancialConnections.bundle/it.lproj/Localizable.strings
2026-05-26 09:48:39 +0000  copying file ./Payload/Any.app/Stripe_StripeFinancialConnections.bundle/nn-NO.lproj/Localizable.strings ... 
2026-05-26 09:48:39 +0000  0 bytes for ./Payload/Any.app/Stripe_StripeFinancialConnections.bundle/nn-NO.lproj/Localizable.strings
2026-05-26 09:48:39 +0000  copying file ./Payload/Any.app/Stripe_StripeFinancialConnections.bundle/fr-CA.lproj/Localizable.strings ... 
2026-05-26 09:48:39 +0000  9347 bytes for ./Payload/Any.app/Stripe_StripeFinancialConnections.bundle/fr-CA.lproj/Localizable.strings
2026-05-26 09:48:39 +0000  copying file ./Payload/Any.app/Stripe_StripeFinancialConnections.bundle/cancel_circle@3x.png ... 
2026-05-26 09:48:39 +0000  1208 bytes for ./Payload/Any.app/Stripe_StripeFinancialConnections.bundle/cancel_circle@3x.png
2026-05-26 09:48:39 +0000  copying file ./Payload/Any.app/Stripe_StripeFinancialConnections.bundle/bg-BG.lproj/Localizable.strings ... 
2026-05-26 09:48:39 +0000  11655 bytes for ./Payload/Any.app/Stripe_StripeFinancialConnections.bundle/bg-BG.lproj/Localizable.strings
2026-05-26 09:48:39 +0000  copying file ./Payload/Any.app/Stripe_StripeFinancialConnections.bundle/sv.lproj/Localizable.strings ... 
2026-05-26 09:48:39 +0000  8058 bytes for ./Payload/Any.app/Stripe_StripeFinancialConnections.bundle/sv.lproj/Localizable.strings
2026-05-26 09:48:39 +0000  copying file ./Payload/Any.app/Stripe_StripeFinancialConnections.bundle/stripe_logo@3x.png ... 
2026-05-26 09:48:39 +0000  2889 bytes for ./Payload/Any.app/Stripe_StripeFinancialConnections.bundle/stripe_logo@3x.png
2026-05-26 09:48:39 +0000  copying file ./Payload/Any.app/Stripe_StripeFinancialConnections.bundle/ko.lproj/Localizable.strings ... 
2026-05-26 09:48:39 +0000  8949 bytes for ./Payload/Any.app/Stripe_StripeFinancialConnections.bundle/ko.lproj/Localizable.strings
2026-05-26 09:48:39 +0000  copying file ./Payload/Any.app/Stripe_StripeFinancialConnections.bundle/fil.lproj/Localizable.strings ... 
2026-05-26 09:48:39 +0000  8815 bytes for ./Payload/Any.app/Stripe_StripeFinancialConnections.bundle/fil.lproj/Localizable.strings
2026-05-26 09:48:39 +0000  copying file ./Payload/Any.app/Stripe_StripeFinancialConnections.bundle/zh-Hant.lproj/Localizable.strings ... 
2026-05-26 09:48:39 +0000  6242 bytes for ./Payload/Any.app/Stripe_StripeFinancialConnections.bundle/zh-Hant.lproj/Localizable.strings
2026-05-26 09:48:39 +0000  copying file ./Payload/Any.app/Stripe_StripeFinancialConnections.bundle/panel_arrow_right@3x.png ... 
2026-05-26 09:48:39 +0000  737 bytes for ./Payload/Any.app/Stripe_StripeFinancialConnections.bundle/panel_arrow_right@3x.png
2026-05-26 09:48:39 +0000  copying file ./Payload/Any.app/Stripe_StripeFinancialConnections.bundle/ro-RO.lproj/Localizable.strings ... 
2026-05-26 09:48:39 +0000  8747 bytes for ./Payload/Any.app/Stripe_StripeFinancialConnections.bundle/ro-RO.lproj/Localizable.strings
2026-05-26 09:48:39 +0000  copying file ./Payload/Any.app/Stripe_StripeFinancialConnections.bundle/hu.lproj/Localizable.strings ... 
2026-05-26 09:48:39 +0000  8730 bytes for ./Payload/Any.app/Stripe_StripeFinancialConnections.bundle/hu.lproj/Localizable.strings
2026-05-26 09:48:39 +0000  copying file ./Payload/Any.app/Stripe_StripeFinancialConnections.bundle/tr.lproj/Localizable.strings ... 
2026-05-26 09:48:39 +0000  8437 bytes for ./Payload/Any.app/Stripe_StripeFinancialConnections.bundle/tr.lproj/Localizable.strings
2026-05-26 09:48:39 +0000  copying file ./Payload/Any.app/Stripe_StripeFinancialConnections.bundle/et-EE.lproj/Localizable.strings ... 
2026-05-26 09:48:39 +0000  8142 bytes for ./Payload/Any.app/Stripe_StripeFinancialConnections.bundle/et-EE.lproj/Localizable.strings
2026-05-26 09:48:39 +0000  copying file ./Payload/Any.app/Stripe_StripeFinancialConnections.bundle/check@3x.png ... 
2026-05-26 09:48:39 +0000  460 bytes for ./Payload/Any.app/Stripe_StripeFinancialConnections.bundle/check@3x.png
2026-05-26 09:48:39 +0000  copying file ./Payload/Any.app/Stripe_StripeFinancialConnections.bundle/pt-BR.lproj/Localizable.strings ... 
2026-05-26 09:48:39 +0000  8250 bytes for ./Payload/Any.app/Stripe_StripeFinancialConnections.bundle/pt-BR.lproj/Localizable.strings
2026-05-26 09:48:39 +0000  copying file ./Payload/Any.app/Stripe_StripeFinancialConnections.bundle/lv-LV.lproj/Localizable.strings ... 
2026-05-26 09:48:39 +0000  8177 bytes for ./Payload/Any.app/Stripe_StripeFinancialConnections.bundle/lv-LV.lproj/Localizable.strings
2026-05-26 09:48:39 +0000  copying file ./Payload/Any.app/Stripe_StripeFinancialConnections.bundle/vi.lproj/Localizable.strings ... 
2026-05-26 09:48:39 +0000  9811 bytes for ./Payload/Any.app/Stripe_StripeFinancialConnections.bundle/vi.lproj/Localizable.strings
2026-05-26 09:48:39 +0000  copying file ./Payload/Any.app/Stripe_StripeFinancialConnections.bundle/PrivacyInfo.xcprivacy ... 
2026-05-26 09:48:39 +0000  1352 bytes for ./Payload/Any.app/Stripe_StripeFinancialConnections.bundle/PrivacyInfo.xcprivacy
2026-05-26 09:48:39 +0000  copying file ./Payload/Any.app/Stripe_StripeFinancialConnections.bundle/ru.lproj/Localizable.strings ... 
2026-05-26 09:48:39 +0000  11550 bytes for ./Payload/Any.app/Stripe_StripeFinancialConnections.bundle/ru.lproj/Localizable.strings
2026-05-26 09:48:39 +0000  copying file ./Payload/Any.app/Stripe_StripeFinancialConnections.bundle/cs-CZ.lproj/Localizable.strings ... 
2026-05-26 09:48:39 +0000  8361 bytes for ./Payload/Any.app/Stripe_StripeFinancialConnections.bundle/cs-CZ.lproj/Localizable.strings
2026-05-26 09:48:39 +0000  copying file ./Payload/Any.app/Stripe_StripeFinancialConnections.bundle/sk-SK.lproj/Localizable.strings ... 
2026-05-26 09:48:39 +0000  8340 bytes for ./Payload/Any.app/Stripe_StripeFinancialConnections.bundle/sk-SK.lproj/Localizable.strings
2026-05-26 09:48:39 +0000  copying file ./Payload/Any.app/Stripe_StripeFinancialConnections.bundle/sl-SI.lproj/Localizable.strings ... 
2026-05-26 09:48:39 +0000  8316 bytes for ./Payload/Any.app/Stripe_StripeFinancialConnections.bundle/sl-SI.lproj/Localizable.strings
2026-05-26 09:48:39 +0000  copying file ./Payload/Any.app/Stripe_StripeFinancialConnections.bundle/warning_triangle@3x.png ... 
2026-05-26 09:48:39 +0000  914 bytes for ./Payload/Any.app/Stripe_StripeFinancialConnections.bundle/warning_triangle@3x.png
2026-05-26 09:48:39 +0000  copying file ./Payload/Any.app/Stripe_StripeFinancialConnections.bundle/person@3x.png ... 
2026-05-26 09:48:39 +0000  1039 bytes for ./Payload/Any.app/Stripe_StripeFinancialConnections.bundle/person@3x.png
2026-05-26 09:48:39 +0000  copying file ./Payload/Any.app/Stripe_StripeFinancialConnections.bundle/fr.lproj/Localizable.strings ... 
2026-05-26 09:48:39 +0000  9178 bytes for ./Payload/Any.app/Stripe_StripeFinancialConnections.bundle/fr.lproj/Localizable.strings
2026-05-26 09:48:39 +0000  copying file ./Payload/Any.app/Stripe_StripeFinancialConnections.bundle/back_arrow@3x.png ... 
2026-05-26 09:48:39 +0000  642 bytes for ./Payload/Any.app/Stripe_StripeFinancialConnections.bundle/back_arrow@3x.png
2026-05-26 09:48:39 +0000  copying file ./Payload/Any.app/Stripe_StripeFinancialConnections.bundle/fi.lproj/Localizable.strings ... 
2026-05-26 09:48:39 +0000  8117 bytes for ./Payload/Any.app/Stripe_StripeFinancialConnections.bundle/fi.lproj/Localizable.strings
2026-05-26 09:48:39 +0000  copying file ./Payload/Any.app/Stripe_StripeFinancialConnections.bundle/id.lproj/Localizable.strings ... 
2026-05-26 09:48:39 +0000  8160 bytes for ./Payload/Any.app/Stripe_StripeFinancialConnections.bundle/id.lproj/Localizable.strings
2026-05-26 09:48:39 +0000  copying file ./Payload/Any.app/Stripe_StripeFinancialConnections.bundle/nl.lproj/Localizable.strings ... 
2026-05-26 09:48:39 +0000  8451 bytes for ./Payload/Any.app/Stripe_StripeFinancialConnections.bundle/nl.lproj/Localizable.strings
2026-05-26 09:48:39 +0000  copying file ./Payload/Any.app/Stripe_StripeFinancialConnections.bundle/th.lproj/Localizable.strings ... 
2026-05-26 09:48:39 +0000  13848 bytes for ./Payload/Any.app/Stripe_StripeFinancialConnections.bundle/th.lproj/Localizable.strings
2026-05-26 09:48:39 +0000  copying file ./Payload/Any.app/Stripe_StripeFinancialConnections.bundle/pl-PL.lproj/Localizable.strings ... 
2026-05-26 09:48:39 +0000  8428 bytes for ./Payload/Any.app/Stripe_StripeFinancialConnections.bundle/pl-PL.lproj/Localizable.strings
2026-05-26 09:48:39 +0000  copying file ./Payload/Any.app/Stripe_StripeFinancialConnections.bundle/bullet@3x.png ... 
2026-05-26 09:48:39 +0000  327 bytes for ./Payload/Any.app/Stripe_StripeFinancialConnections.bundle/bullet@3x.png
2026-05-26 09:48:39 +0000  copying file ./Payload/Any.app/Stripe_StripeFinancialConnections.bundle/close@3x.png ... 
2026-05-26 09:48:39 +0000  788 bytes for ./Payload/Any.app/Stripe_StripeFinancialConnections.bundle/close@3x.png
2026-05-26 09:48:39 +0000  copying file ./Payload/Any.app/Stripe_StripeFinancialConnections.bundle/generic_error@3x.png ... 
2026-05-26 09:48:39 +0000  3439 bytes for ./Payload/Any.app/Stripe_StripeFinancialConnections.bundle/generic_error@3x.png
2026-05-26 09:48:39 +0000  copying file ./Payload/Any.app/Stripe_StripeFinancialConnections.bundle/pt-PT.lproj/Localizable.strings ... 
2026-05-26 09:48:39 +0000  8457 bytes for ./Payload/Any.app/Stripe_StripeFinancialConnections.bundle/pt-PT.lproj/Localizable.strings
2026-05-26 09:48:39 +0000  copying file ./Payload/Any.app/Stripe_StripeFinancialConnections.bundle/testmode@3x.png ... 
2026-05-26 09:48:39 +0000  1571 bytes for ./Payload/Any.app/Stripe_StripeFinancialConnections.bundle/testmode@3x.png
2026-05-26 09:48:39 +0000  copying file ./Payload/Any.app/Stripe_StripeFinancialConnections.bundle/Info.plist ... 
2026-05-26 09:48:39 +0000  719 bytes for ./Payload/Any.app/Stripe_StripeFinancialConnections.bundle/Info.plist
2026-05-26 09:48:39 +0000  copying file ./Payload/Any.app/Stripe_StripeFinancialConnections.bundle/bank@3x.png ... 
2026-05-26 09:48:39 +0000  2116 bytes for ./Payload/Any.app/Stripe_StripeFinancialConnections.bundle/bank@3x.png
2026-05-26 09:48:39 +0000  copying file ./Payload/Any.app/Stripe_StripeFinancialConnections.bundle/spinner@3x.png ... 
2026-05-26 09:48:39 +0000  8428 bytes for ./Payload/Any.app/Stripe_StripeFinancialConnections.bundle/spinner@3x.png
2026-05-26 09:48:39 +0000  copying file ./Payload/Any.app/Stripe_StripeFinancialConnections.bundle/hr.lproj/Localizable.strings ... 
2026-05-26 09:48:39 +0000  8266 bytes for ./Payload/Any.app/Stripe_StripeFinancialConnections.bundle/hr.lproj/Localizable.strings
2026-05-26 09:48:39 +0000  copying file ./Payload/Any.app/Frameworks/SwiftyJSON.framework/_CodeSignature/CodeResources ... 
2026-05-26 09:48:39 +0000  2312 bytes for ./Payload/Any.app/Frameworks/SwiftyJSON.framework/_CodeSignature/CodeResources
2026-05-26 09:48:39 +0000  copying file ./Payload/Any.app/Frameworks/SwiftyJSON.framework/SwiftyJSON ... 
2026-05-26 09:48:39 +0000  314928 bytes for ./Payload/Any.app/Frameworks/SwiftyJSON.framework/SwiftyJSON
2026-05-26 09:48:39 +0000  copying file ./Payload/Any.app/Frameworks/SwiftyJSON.framework/SwiftyJSON.bundle/PrivacyInfo.xcprivacy ... 
2026-05-26 09:48:39 +0000  373 bytes for ./Payload/Any.app/Frameworks/SwiftyJSON.framework/SwiftyJSON.bundle/PrivacyInfo.xcprivacy
2026-05-26 09:48:39 +0000  copying file ./Payload/Any.app/Frameworks/SwiftyJSON.framework/SwiftyJSON.bundle/Info.plist ... 
2026-05-26 09:48:39 +0000  765 bytes for ./Payload/Any.app/Frameworks/SwiftyJSON.framework/SwiftyJSON.bundle/Info.plist
2026-05-26 09:48:39 +0000  copying file ./Payload/Any.app/Frameworks/SwiftyJSON.framework/Info.plist ... 
2026-05-26 09:48:39 +0000  790 bytes for ./Payload/Any.app/Frameworks/SwiftyJSON.framework/Info.plist
2026-05-26 09:48:39 +0000  copying file ./Payload/Any.app/Frameworks/RswiftResources.framework/_CodeSignature/CodeResources ... 
2026-05-26 09:48:39 +0000  1798 bytes for ./Payload/Any.app/Frameworks/RswiftResources.framework/_CodeSignature/CodeResources
2026-05-26 09:48:39 +0000  copying file ./Payload/Any.app/Frameworks/RswiftResources.framework/RswiftResources ... 
2026-05-26 09:48:39 +0000  624816 bytes for ./Payload/Any.app/Frameworks/RswiftResources.framework/RswiftResources
copying file ./Payload/Any.app/Frameworks/RswiftResources.framework/Info.plist ... 
2026-05-26 09:48:39 +0000  802 bytes for ./Payload/Any.app/Frameworks/RswiftResources.framework/Info.plist
2026-05-26 09:48:39 +0000  copying file ./Payload/Any.app/Frameworks/GoogleDataTransport.framework/_CodeSignature/CodeResources ... 
2026-05-26 09:48:39 +0000  2380 bytes for ./Payload/Any.app/Frameworks/GoogleDataTransport.framework/_CodeSignature/CodeResources
2026-05-26 09:48:39 +0000  copying file ./Payload/Any.app/Frameworks/GoogleDataTransport.framework/GoogleDataTransport ... 
2026-05-26 09:48:39 +0000  395952 bytes for ./Payload/Any.app/Frameworks/GoogleDataTransport.framework/GoogleDataTransport
2026-05-26 09:48:39 +0000  copying file ./Payload/Any.app/Frameworks/GoogleDataTransport.framework/GoogleDataTransport_Privacy.bundle/PrivacyInfo.xcprivacy ... 
2026-05-26 09:48:39 +0000  1105 bytes for ./Payload/Any.app/Frameworks/GoogleDataTransport.framework/GoogleDataTransport_Privacy.bundle/PrivacyInfo.xcprivacy
2026-05-26 09:48:39 +0000  copying file ./Payload/Any.app/Frameworks/GoogleDataTransport.framework/GoogleDataTransport_Privacy.bundle/Info.plist ... 
2026-05-26 09:48:39 +0000  802 bytes for ./Payload/Any.app/Frameworks/GoogleDataTransport.framework/GoogleDataTransport_Privacy.bundle/Info.plist
2026-05-26 09:48:39 +0000  copying file ./Payload/Any.app/Frameworks/GoogleDataTransport.framework/Info.plist ... 
2026-05-26 09:48:39 +0000  811 bytes for ./Payload/Any.app/Frameworks/GoogleDataTransport.framework/Info.plist
2026-05-26 09:48:39 +0000  copying file ./Payload/Any.app/Frameworks/InputMask.framework/_CodeSignature/CodeResources ... 
2026-05-26 09:48:39 +0000  1798 bytes for ./Payload/Any.app/Frameworks/InputMask.framework/_CodeSignature/CodeResources
2026-05-26 09:48:39 +0000  copying file ./Payload/Any.app/Frameworks/InputMask.framework/InputMask ... 
2026-05-26 09:48:39 +0000  698928 bytes for ./Payload/Any.app/Frameworks/InputMask.framework/InputMask
copying file ./Payload/Any.app/Frameworks/InputMask.framework/Info.plist ... 
2026-05-26 09:48:39 +0000  788 bytes for ./Payload/Any.app/Frameworks/InputMask.framework/Info.plist
2026-05-26 09:48:39 +0000  copying file ./Payload/Any.app/Frameworks/FBLPromises.framework/_CodeSignature/CodeResources ... 
2026-05-26 09:48:39 +0000  2348 bytes for ./Payload/Any.app/Frameworks/FBLPromises.framework/_CodeSignature/CodeResources
2026-05-26 09:48:39 +0000  copying file ./Payload/Any.app/Frameworks/FBLPromises.framework/FBLPromises_Privacy.bundle/PrivacyInfo.xcprivacy ... 
2026-05-26 09:48:39 +0000  373 bytes for ./Payload/Any.app/Frameworks/FBLPromises.framework/FBLPromises_Privacy.bundle/PrivacyInfo.xcprivacy
copying file ./Payload/Any.app/Frameworks/FBLPromises.framework/FBLPromises_Privacy.bundle/Info.plist ... 
2026-05-26 09:48:39 +0000  785 bytes for ./Payload/Any.app/Frameworks/FBLPromises.framework/FBLPromises_Privacy.bundle/Info.plist
copying file ./Payload/Any.app/Frameworks/FBLPromises.framework/FBLPromises ... 
2026-05-26 09:48:39 +0000  172000 bytes for ./Payload/Any.app/Frameworks/FBLPromises.framework/FBLPromises
copying file ./Payload/Any.app/Frameworks/FBLPromises.framework/Info.plist ... 
2026-05-26 09:48:39 +0000  792 bytes for ./Payload/Any.app/Frameworks/FBLPromises.framework/Info.plist
2026-05-26 09:48:39 +0000  copying file ./Payload/Any.app/Frameworks/SVProgressHUD.framework/_CodeSignature/CodeResources ... 
2026-05-26 09:48:39 +0000  5070 bytes for ./Payload/Any.app/Frameworks/SVProgressHUD.framework/_CodeSignature/CodeResources
2026-05-26 09:48:39 +0000  copying file ./Payload/Any.app/Frameworks/SVProgressHUD.framework/SVProgressHUD ... 
2026-05-26 09:48:39 +0000  179088 bytes for ./Payload/Any.app/Frameworks/SVProgressHUD.framework/SVProgressHUD
copying file ./Payload/Any.app/Frameworks/SVProgressHUD.framework/PrivacyInfo.xcprivacy ... 
2026-05-26 09:48:39 +0000  373 bytes for ./Payload/Any.app/Frameworks/SVProgressHUD.framework/PrivacyInfo.xcprivacy
2026-05-26 09:48:39 +0000  copying file ./Payload/Any.app/Frameworks/SVProgressHUD.framework/SVProgressHUD.bundle/info.png ... 
2026-05-26 09:48:39 +0000  365 bytes for ./Payload/Any.app/Frameworks/SVProgressHUD.framework/SVProgressHUD.bundle/info.png
2026-05-26 09:48:39 +0000  copying file ./Payload/Any.app/Frameworks/SVProgressHUD.framework/SVProgressHUD.bundle/error@3x.png ... 
2026-05-26 09:48:39 +0000  398 bytes for ./Payload/Any.app/Frameworks/SVProgressHUD.framework/SVProgressHUD.bundle/error@3x.png
2026-05-26 09:48:39 +0000  copying file ./Payload/Any.app/Frameworks/SVProgressHUD.framework/SVProgressHUD.bundle/angle-mask@3x.png ... 
2026-05-26 09:48:39 +0000  8319 bytes for ./Payload/Any.app/Frameworks/SVProgressHUD.framework/SVProgressHUD.bundle/angle-mask@3x.png
2026-05-26 09:48:39 +0000  copying file ./Payload/Any.app/Frameworks/SVProgressHUD.framework/SVProgressHUD.bundle/angle-mask@2x.png ... 
2026-05-26 09:48:39 +0000  4893 bytes for ./Payload/Any.app/Frameworks/SVProgressHUD.framework/SVProgressHUD.bundle/angle-mask@2x.png
2026-05-26 09:48:39 +0000  copying file ./Payload/Any.app/Frameworks/SVProgressHUD.framework/SVProgressHUD.bundle/error@2x.png ... 
2026-05-26 09:48:39 +0000  306 bytes for ./Payload/Any.app/Frameworks/SVProgressHUD.framework/SVProgressHUD.bundle/error@2x.png
2026-05-26 09:48:39 +0000  copying file ./Payload/Any.app/Frameworks/SVProgressHUD.framework/SVProgressHUD.bundle/info@3x.png ... 
2026-05-26 09:48:39 +0000  1200 bytes for ./Payload/Any.app/Frameworks/SVProgressHUD.framework/SVProgressHUD.bundle/info@3x.png
2026-05-26 09:48:39 +0000  copying file ./Payload/Any.app/Frameworks/SVProgressHUD.framework/SVProgressHUD.bundle/success@2x.png ... 
2026-05-26 09:48:39 +0000  462 bytes for ./Payload/Any.app/Frameworks/SVProgressHUD.framework/SVProgressHUD.bundle/success@2x.png
2026-05-26 09:48:39 +0000  copying file ./Payload/Any.app/Frameworks/SVProgressHUD.framework/SVProgressHUD.bundle/success@3x.png ... 
2026-05-26 09:48:39 +0000  714 bytes for ./Payload/Any.app/Frameworks/SVProgressHUD.framework/SVProgressHUD.bundle/success@3x.png
2026-05-26 09:48:39 +0000  copying file ./Payload/Any.app/Frameworks/SVProgressHUD.framework/SVProgressHUD.bundle/info@2x.png ... 
2026-05-26 09:48:39 +0000  816 bytes for ./Payload/Any.app/Frameworks/SVProgressHUD.framework/SVProgressHUD.bundle/info@2x.png
2026-05-26 09:48:39 +0000  copying file ./Payload/Any.app/Frameworks/SVProgressHUD.framework/SVProgressHUD.bundle/error.png ... 
2026-05-26 09:48:39 +0000  184 bytes for ./Payload/Any.app/Frameworks/SVProgressHUD.framework/SVProgressHUD.bundle/error.png
2026-05-26 09:48:39 +0000  copying file ./Payload/Any.app/Frameworks/SVProgressHUD.framework/SVProgressHUD.bundle/success.png ... 
2026-05-26 09:48:39 +0000  262 bytes for ./Payload/Any.app/Frameworks/SVProgressHUD.framework/SVProgressHUD.bundle/success.png
2026-05-26 09:48:39 +0000  copying file ./Payload/Any.app/Frameworks/SVProgressHUD.framework/SVProgressHUD.bundle/angle-mask.png ... 
2026-05-26 09:48:39 +0000  1845 bytes for ./Payload/Any.app/Frameworks/SVProgressHUD.framework/SVProgressHUD.bundle/angle-mask.png
2026-05-26 09:48:39 +0000  copying file ./Payload/Any.app/Frameworks/SVProgressHUD.framework/Info.plist ... 
2026-05-26 09:48:39 +0000  796 bytes for ./Payload/Any.app/Frameworks/SVProgressHUD.framework/Info.plist
2026-05-26 09:48:39 +0000  copying file ./Payload/Any.app/Frameworks/FirebaseCoreInternal.framework/_CodeSignature/CodeResources ... 
2026-05-26 09:48:39 +0000  2384 bytes for ./Payload/Any.app/Frameworks/FirebaseCoreInternal.framework/_CodeSignature/CodeResources
2026-05-26 09:48:39 +0000  copying file ./Payload/Any.app/Frameworks/FirebaseCoreInternal.framework/FirebaseCoreInternal_Privacy.bundle/PrivacyInfo.xcprivacy ... 
2026-05-26 09:48:39 +0000  855 bytes for ./Payload/Any.app/Frameworks/FirebaseCoreInternal.framework/FirebaseCoreInternal_Privacy.bundle/PrivacyInfo.xcprivacy
2026-05-26 09:48:39 +0000  copying file ./Payload/Any.app/Frameworks/FirebaseCoreInternal.framework/FirebaseCoreInternal_Privacy.bundle/Info.plist ... 
2026-05-26 09:48:39 +0000  804 bytes for ./Payload/Any.app/Frameworks/FirebaseCoreInternal.framework/FirebaseCoreInternal_Privacy.bundle/Info.plist
2026-05-26 09:48:39 +0000  copying file ./Payload/Any.app/Frameworks/FirebaseCoreInternal.framework/FirebaseCoreInternal ... 
2026-05-26 09:48:39 +0000  350528 bytes for ./Payload/Any.app/Frameworks/FirebaseCoreInternal.framework/FirebaseCoreInternal
2026-05-26 09:48:39 +0000  copying file ./Payload/Any.app/Frameworks/FirebaseCoreInternal.framework/Info.plist ... 
2026-05-26 09:48:39 +0000  813 bytes for ./Payload/Any.app/Frameworks/FirebaseCoreInternal.framework/Info.plist
2026-05-26 09:48:39 +0000  copying file ./Payload/Any.app/Frameworks/FirebaseCore.framework/_CodeSignature/CodeResources ... 
2026-05-26 09:48:39 +0000  2352 bytes for ./Payload/Any.app/Frameworks/FirebaseCore.framework/_CodeSignature/CodeResources
2026-05-26 09:48:39 +0000  copying file ./Payload/Any.app/Frameworks/FirebaseCore.framework/FirebaseCore_Privacy.bundle/PrivacyInfo.xcprivacy ... 
2026-05-26 09:48:39 +0000  855 bytes for ./Payload/Any.app/Frameworks/FirebaseCore.framework/FirebaseCore_Privacy.bundle/PrivacyInfo.xcprivacy
2026-05-26 09:48:39 +0000  copying file ./Payload/Any.app/Frameworks/FirebaseCore.framework/FirebaseCore_Privacy.bundle/Info.plist ... 
2026-05-26 09:48:39 +0000  788 bytes for ./Payload/Any.app/Frameworks/FirebaseCore.framework/FirebaseCore_Privacy.bundle/Info.plist
2026-05-26 09:48:39 +0000  copying file ./Payload/Any.app/Frameworks/FirebaseCore.framework/FirebaseCore ... 
2026-05-26 09:48:39 +0000  183904 bytes for ./Payload/Any.app/Frameworks/FirebaseCore.framework/FirebaseCore
copying file ./Payload/Any.app/Frameworks/FirebaseCore.framework/Info.plist ... 
2026-05-26 09:48:39 +0000  795 bytes for ./Payload/Any.app/Frameworks/FirebaseCore.framework/Info.plist
2026-05-26 09:48:39 +0000  copying file ./Payload/Any.app/Frameworks/GoogleUtilities.framework/_CodeSignature/CodeResources ... 
2026-05-26 09:48:39 +0000  2364 bytes for ./Payload/Any.app/Frameworks/GoogleUtilities.framework/_CodeSignature/CodeResources
2026-05-26 09:48:39 +0000  copying file ./Payload/Any.app/Frameworks/GoogleUtilities.framework/GoogleUtilities_Privacy.bundle/PrivacyInfo.xcprivacy ... 
2026-05-26 09:48:39 +0000  1233 bytes for ./Payload/Any.app/Frameworks/GoogleUtilities.framework/GoogleUtilities_Privacy.bundle/PrivacyInfo.xcprivacy
2026-05-26 09:48:39 +0000  copying file ./Payload/Any.app/Frameworks/GoogleUtilities.framework/GoogleUtilities_Privacy.bundle/Info.plist ... 
2026-05-26 09:48:39 +0000  793 bytes for ./Payload/Any.app/Frameworks/GoogleUtilities.framework/GoogleUtilities_Privacy.bundle/Info.plist
2026-05-26 09:48:39 +0000  copying file ./Payload/Any.app/Frameworks/GoogleUtilities.framework/GoogleUtilities ... 
2026-05-26 09:48:39 +0000  283360 bytes for ./Payload/Any.app/Frameworks/GoogleUtilities.framework/GoogleUtilities
2026-05-26 09:48:39 +0000  copying file ./Payload/Any.app/Frameworks/GoogleUtilities.framework/Info.plist ... 
802 bytes for ./Payload/Any.app/Frameworks/GoogleUtilities.framework/Info.plist
copying file ./Payload/Any.app/Frameworks/FirebaseMessaging.framework/_CodeSignature/CodeResources ... 
2372 bytes for ./Payload/Any.app/Frameworks/FirebaseMessaging.framework/_CodeSignature/CodeResources
copying file ./Payload/Any.app/Frameworks/FirebaseMessaging.framework/FirebaseMessaging_Privacy.bundle/PrivacyInfo.xcprivacy ... 
2357 bytes for ./Payload/Any.app/Frameworks/FirebaseMessaging.framework/FirebaseMessaging_Privacy.bundle/PrivacyInfo.xcprivacy
copying file ./Payload/Any.app/Frameworks/FirebaseMessaging.framework/FirebaseMessaging_Privacy.bundle/Info.plist ... 
798 bytes for ./Payload/Any.app/Frameworks/FirebaseMessaging.framework/FirebaseMessaging_Privacy.bundle/Info.plist
copying file ./Payload/Any.app/Frameworks/FirebaseMessaging.framework/FirebaseMessaging ... 
2026-05-26 09:48:39 +0000  504400 bytes for ./Payload/Any.app/Frameworks/FirebaseMessaging.framework/FirebaseMessaging
2026-05-26 09:48:39 +0000  copying file ./Payload/Any.app/Frameworks/FirebaseMessaging.framework/Info.plist ... 
2026-05-26 09:48:39 +0000  807 bytes for ./Payload/Any.app/Frameworks/FirebaseMessaging.framework/Info.plist
2026-05-26 09:48:39 +0000  copying file ./Payload/Any.app/Frameworks/DropDown.framework/_CodeSignature/CodeResources ... 
2026-05-26 09:48:39 +0000  2024 bytes for ./Payload/Any.app/Frameworks/DropDown.framework/_CodeSignature/CodeResources
2026-05-26 09:48:39 +0000  copying file ./Payload/Any.app/Frameworks/DropDown.framework/DropDown ... 
2026-05-26 09:48:39 +0000  320672 bytes for ./Payload/Any.app/Frameworks/DropDown.framework/DropDown
copying file ./Payload/Any.app/Frameworks/DropDown.framework/DropDownCell.nib ... 
2026-05-26 09:48:39 +0000  2547 bytes for ./Payload/Any.app/Frameworks/DropDown.framework/DropDownCell.nib
copying file ./Payload/Any.app/Frameworks/DropDown.framework/Info.plist ... 
2026-05-26 09:48:39 +0000  787 bytes for ./Payload/Any.app/Frameworks/DropDown.framework/Info.plist
2026-05-26 09:48:39 +0000  copying file ./Payload/Any.app/Frameworks/OTPFieldView.framework/_CodeSignature/CodeResources ... 
2026-05-26 09:48:39 +0000  1798 bytes for ./Payload/Any.app/Frameworks/OTPFieldView.framework/_CodeSignature/CodeResources
2026-05-26 09:48:39 +0000  copying file ./Payload/Any.app/Frameworks/OTPFieldView.framework/OTPFieldView ... 
2026-05-26 09:48:39 +0000  170656 bytes for ./Payload/Any.app/Frameworks/OTPFieldView.framework/OTPFieldView
copying file ./Payload/Any.app/Frameworks/OTPFieldView.framework/Info.plist ... 
2026-05-26 09:48:39 +0000  794 bytes for ./Payload/Any.app/Frameworks/OTPFieldView.framework/Info.plist
2026-05-26 09:48:39 +0000  copying file ./Payload/Any.app/Frameworks/nanopb.framework/_CodeSignature/CodeResources ... 
2026-05-26 09:48:39 +0000  2328 bytes for ./Payload/Any.app/Frameworks/nanopb.framework/_CodeSignature/CodeResources
2026-05-26 09:48:39 +0000  copying file ./Payload/Any.app/Frameworks/nanopb.framework/nanopb_Privacy.bundle/PrivacyInfo.xcprivacy ... 
2026-05-26 09:48:39 +0000  374 bytes for ./Payload/Any.app/Frameworks/nanopb.framework/nanopb_Privacy.bundle/PrivacyInfo.xcprivacy
2026-05-26 09:48:39 +0000  copying file ./Payload/Any.app/Frameworks/nanopb.framework/nanopb_Privacy.bundle/Info.plist ... 
2026-05-26 09:48:39 +0000  777 bytes for ./Payload/Any.app/Frameworks/nanopb.framework/nanopb_Privacy.bundle/Info.plist
2026-05-26 09:48:39 +0000  copying file ./Payload/Any.app/Frameworks/nanopb.framework/nanopb ... 
2026-05-26 09:48:39 +0000  78640 bytes for ./Payload/Any.app/Frameworks/nanopb.framework/nanopb
2026-05-26 09:48:39 +0000  copying file ./Payload/Any.app/Frameworks/nanopb.framework/Info.plist ... 
2026-05-26 09:48:39 +0000  786 bytes for ./Payload/Any.app/Frameworks/nanopb.framework/Info.plist
2026-05-26 09:48:39 +0000  copying file ./Payload/Any.app/Frameworks/IQKeyboardManagerSwift.framework/_CodeSignature/CodeResources ... 
2026-05-26 09:48:39 +0000  4122 bytes for ./Payload/Any.app/Frameworks/IQKeyboardManagerSwift.framework/_CodeSignature/CodeResources
2026-05-26 09:48:39 +0000  copying file ./Payload/Any.app/Frameworks/IQKeyboardManagerSwift.framework/IQKeyboardManager.bundle/IQButtonBarArrowRight@2x.png ... 
2026-05-26 09:48:39 +0000  1786 bytes for ./Payload/Any.app/Frameworks/IQKeyboardManagerSwift.framework/IQKeyboardManager.bundle/IQButtonBarArrowRight@2x.png
2026-05-26 09:48:39 +0000  copying file ./Payload/Any.app/Frameworks/IQKeyboardManagerSwift.framework/IQKeyboardManager.bundle/IQButtonBarArrowUp@3x.png ... 
2026-05-26 09:48:39 +0000  2164 bytes for ./Payload/Any.app/Frameworks/IQKeyboardManagerSwift.framework/IQKeyboardManager.bundle/IQButtonBarArrowUp@3x.png
2026-05-26 09:48:39 +0000  copying file ./Payload/Any.app/Frameworks/IQKeyboardManagerSwift.framework/IQKeyboardManager.bundle/IQButtonBarArrowUp@2x.png ... 
2026-05-26 09:48:39 +0000  1769 bytes for ./Payload/Any.app/Frameworks/IQKeyboardManagerSwift.framework/IQKeyboardManager.bundle/IQButtonBarArrowUp@2x.png
2026-05-26 09:48:39 +0000  copying file ./Payload/Any.app/Frameworks/IQKeyboardManagerSwift.framework/IQKeyboardManager.bundle/IQButtonBarArrowRight@3x.png ... 
2026-05-26 09:48:39 +0000  1844 bytes for ./Payload/Any.app/Frameworks/IQKeyboardManagerSwift.framework/IQKeyboardManager.bundle/IQButtonBarArrowRight@3x.png
2026-05-26 09:48:39 +0000  copying file ./Payload/Any.app/Frameworks/IQKeyboardManagerSwift.framework/IQKeyboardManager.bundle/IQButtonBarArrowLeft@3x.png ... 
2026-05-26 09:48:39 +0000  1815 bytes for ./Payload/Any.app/Frameworks/IQKeyboardManagerSwift.framework/IQKeyboardManager.bundle/IQButtonBarArrowLeft@3x.png
2026-05-26 09:48:39 +0000  copying file ./Payload/Any.app/Frameworks/IQKeyboardManagerSwift.framework/IQKeyboardManager.bundle/IQButtonBarArrowDown@3x.png ... 
2026-05-26 09:48:39 +0000  2177 bytes for ./Payload/Any.app/Frameworks/IQKeyboardManagerSwift.framework/IQKeyboardManager.bundle/IQButtonBarArrowDown@3x.png
2026-05-26 09:48:39 +0000  copying file ./Payload/Any.app/Frameworks/IQKeyboardManagerSwift.framework/IQKeyboardManager.bundle/IQButtonBarArrowDown@2x.png ... 
2026-05-26 09:48:39 +0000  1764 bytes for ./Payload/Any.app/Frameworks/IQKeyboardManagerSwift.framework/IQKeyboardManager.bundle/IQButtonBarArrowDown@2x.png
2026-05-26 09:48:39 +0000  copying file ./Payload/Any.app/Frameworks/IQKeyboardManagerSwift.framework/IQKeyboardManager.bundle/IQButtonBarArrowLeft@2x.png ... 
2026-05-26 09:48:39 +0000  1793 bytes for ./Payload/Any.app/Frameworks/IQKeyboardManagerSwift.framework/IQKeyboardManager.bundle/IQButtonBarArrowLeft@2x.png
2026-05-26 09:48:39 +0000  copying file ./Payload/Any.app/Frameworks/IQKeyboardManagerSwift.framework/IQKeyboardManagerSwift ... 
2026-05-26 09:48:39 +0000  639488 bytes for ./Payload/Any.app/Frameworks/IQKeyboardManagerSwift.framework/IQKeyboardManagerSwift
copying file ./Payload/Any.app/Frameworks/IQKeyboardManagerSwift.framework/Info.plist ... 
2026-05-26 09:48:39 +0000  816 bytes for ./Payload/Any.app/Frameworks/IQKeyboardManagerSwift.framework/Info.plist
2026-05-26 09:48:39 +0000  copying file ./Payload/Any.app/Frameworks/CountryPickerView.framework/_CodeSignature/CodeResources ... 
2026-05-26 09:48:39 +0000  78122 bytes for ./Payload/Any.app/Frameworks/CountryPickerView.framework/_CodeSignature/CodeResources
2026-05-26 09:48:39 +0000  copying file ./Payload/Any.app/Frameworks/CountryPickerView.framework/CountryPickerView ... 
2026-05-26 09:48:39 +0000  255088 bytes for ./Payload/Any.app/Frameworks/CountryPickerView.framework/CountryPickerView
2026-05-26 09:48:39 +0000  copying file ./Payload/Any.app/Frameworks/CountryPickerView.framework/CountryPickerView_CountryPickerView.bundle/CountryPickerView.nib ... 
2026-05-26 09:48:39 +0000  3702 bytes for ./Payload/Any.app/Frameworks/CountryPickerView.framework/CountryPickerView_CountryPickerView.bundle/CountryPickerView.nib
2026-05-26 09:48:39 +0000  copying file ./Payload/Any.app/Frameworks/CountryPickerView.framework/CountryPickerView_CountryPickerView.bundle/Images/TG.png ... 
2026-05-26 09:48:39 +0000  1012 bytes for ./Payload/Any.app/Frameworks/CountryPickerView.framework/CountryPickerView_CountryPickerView.bundle/Images/TG.png
2026-05-26 09:48:39 +0000  copying file ./Payload/Any.app/Frameworks/CountryPickerView.framework/CountryPickerView_CountryPickerView.bundle/Images/ME.png ... 
2026-05-26 09:48:39 +0000  1777 bytes for ./Payload/Any.app/Frameworks/CountryPickerView.framework/CountryPickerView_CountryPickerView.bundle/Images/ME.png
2026-05-26 09:48:39 +0000  copying file ./Payload/Any.app/Frameworks/CountryPickerView.framework/CountryPickerView_CountryPickerView.bundle/Images/LA.png ... 
2026-05-26 09:48:39 +0000  655 bytes for ./Payload/Any.app/Frameworks/CountryPickerView.framework/CountryPickerView_CountryPickerView.bundle/Images/LA.png
2026-05-26 09:48:39 +0000  copying file ./Payload/Any.app/Frameworks/CountryPickerView.framework/CountryPickerView_CountryPickerView.bundle/Images/MR.png ... 
2026-05-26 09:48:39 +0000  1070 bytes for ./Payload/Any.app/Frameworks/CountryPickerView.framework/CountryPickerView_CountryPickerView.bundle/Images/MR.png
2026-05-26 09:48:39 +0000  copying file ./Payload/Any.app/Frameworks/CountryPickerView.framework/CountryPickerView_CountryPickerView.bundle/Images/NI.png ... 
2026-05-26 09:48:39 +0000  1378 bytes for ./Payload/Any.app/Frameworks/CountryPickerView.framework/CountryPickerView_CountryPickerView.bundle/Images/NI.png
2026-05-26 09:48:39 +0000  copying file ./Payload/Any.app/Frameworks/CountryPickerView.framework/CountryPickerView_CountryPickerView.bundle/Images/LV.png ... 
2026-05-26 09:48:39 +0000  345 bytes for ./Payload/Any.app/Frameworks/CountryPickerView.framework/CountryPickerView_CountryPickerView.bundle/Images/LV.png
2026-05-26 09:48:39 +0000  copying file ./Payload/Any.app/Frameworks/CountryPickerView.framework/CountryPickerView_CountryPickerView.bundle/Images/OM.png ... 
2026-05-26 09:48:39 +0000  773 bytes for ./Payload/Any.app/Frameworks/CountryPickerView.framework/CountryPickerView_CountryPickerView.bundle/Images/OM.png
2026-05-26 09:48:39 +0000  copying file ./Payload/Any.app/Frameworks/CountryPickerView.framework/CountryPickerView_CountryPickerView.bundle/Images/AF.png ... 
2026-05-26 09:48:39 +0000  1448 bytes for ./Payload/Any.app/Frameworks/CountryPickerView.framework/CountryPickerView_CountryPickerView.bundle/Images/AF.png
2026-05-26 09:48:39 +0000  copying file ./Payload/Any.app/Frameworks/CountryPickerView.framework/CountryPickerView_CountryPickerView.bundle/Images/CY.png ... 
2026-05-26 09:48:39 +0000  1348 bytes for ./Payload/Any.app/Frameworks/CountryPickerView.framework/CountryPickerView_CountryPickerView.bundle/Images/CY.png
2026-05-26 09:48:39 +0000  copying file ./Payload/Any.app/Frameworks/CountryPickerView.framework/CountryPickerView_CountryPickerView.bundle/Images/BJ.png ... 
2026-05-26 09:48:39 +0000  425 bytes for ./Payload/Any.app/Frameworks/CountryPickerView.framework/CountryPickerView_CountryPickerView.bundle/Images/BJ.png
2026-05-26 09:48:39 +0000  copying file ./Payload/Any.app/Frameworks/CountryPickerView.framework/CountryPickerView_CountryPickerView.bundle/Images/AQ.png ... 
2026-05-26 09:48:39 +0000  979 bytes for ./Payload/Any.app/Frameworks/CountryPickerView.framework/CountryPickerView_CountryPickerView.bundle/Images/AQ.png
2026-05-26 09:48:39 +0000  copying file ./Payload/Any.app/Frameworks/CountryPickerView.framework/CountryPickerView_CountryPickerView.bundle/Images/CN.png ... 
2026-05-26 09:48:39 +0000  1045 bytes for ./Payload/Any.app/Frameworks/CountryPickerView.framework/CountryPickerView_CountryPickerView.bundle/Images/CN.png
2026-05-26 09:48:39 +0000  copying file ./Payload/Any.app/Frameworks/CountryPickerView.framework/CountryPickerView_CountryPickerView.bundle/Images/CO.png ... 
2026-05-26 09:48:39 +0000  382 bytes for ./Payload/Any.app/Frameworks/CountryPickerView.framework/CountryPickerView_CountryPickerView.bundle/Images/CO.png
2026-05-26 09:48:39 +0000  copying file ./Payload/Any.app/Frameworks/CountryPickerView.framework/CountryPickerView_CountryPickerView.bundle/Images/CX.png ... 
2026-05-26 09:48:39 +0000  1963 bytes for ./Payload/Any.app/Frameworks/CountryPickerView.framework/CountryPickerView_CountryPickerView.bundle/Images/CX.png
2026-05-26 09:48:39 +0000  copying file ./Payload/Any.app/Frameworks/CountryPickerView.framework/CountryPickerView_CountryPickerView.bundle/Images/AG.png ... 
2026-05-26 09:48:39 +0000  1469 bytes for ./Payload/Any.app/Frameworks/CountryPickerView.framework/CountryPickerView_CountryPickerView.bundle/Images/AG.png
2026-05-26 09:48:39 +0000  copying file ./Payload/Any.app/Frameworks/CountryPickerView.framework/CountryPickerView_CountryPickerView.bundle/Images/MS.png ... 
2026-05-26 09:48:39 +0000  2263 bytes for ./Payload/Any.app/Frameworks/CountryPickerView.framework/CountryPickerView_CountryPickerView.bundle/Images/MS.png
2026-05-26 09:48:39 +0000  copying file ./Payload/Any.app/Frameworks/CountryPickerView.framework/CountryPickerView_CountryPickerView.bundle/Images/MD.png ... 
2026-05-26 09:48:39 +0000  1500 bytes for ./Payload/Any.app/Frameworks/CountryPickerView.framework/CountryPickerView_CountryPickerView.bundle/Images/MD.png
2026-05-26 09:48:39 +0000  copying file ./Payload/Any.app/Frameworks/CountryPickerView.framework/CountryPickerView_CountryPickerView.bundle/Images/ZM.png ... 
2026-05-26 09:48:39 +0000  1026 bytes for ./Payload/Any.app/Frameworks/CountryPickerView.framework/CountryPickerView_CountryPickerView.bundle/Images/ZM.png
2026-05-26 09:48:39 +0000  copying file ./Payload/Any.app/Frameworks/CountryPickerView.framework/CountryPickerView_CountryPickerView.bundle/Images/VN.png ... 
2026-05-26 09:48:39 +0000  771 bytes for ./Payload/Any.app/Frameworks/CountryPickerView.framework/CountryPickerView_CountryPickerView.bundle/Images/VN.png
2026-05-26 09:48:39 +0000  copying file ./Payload/Any.app/Frameworks/CountryPickerView.framework/CountryPickerView_CountryPickerView.bundle/Images/TF.png ... 
2026-05-26 09:48:39 +0000  337 bytes for ./Payload/Any.app/Frameworks/CountryPickerView.framework/CountryPickerView_CountryPickerView.bundle/Images/TF.png
2026-05-26 09:48:39 +0000  copying file ./Payload/Any.app/Frameworks/CountryPickerView.framework/CountryPickerView_CountryPickerView.bundle/Images/TD.png ... 
2026-05-26 09:48:39 +0000  318 bytes for ./Payload/Any.app/Frameworks/CountryPickerView.framework/CountryPickerView_CountryPickerView.bundle/Images/TD.png
2026-05-26 09:48:39 +0000  copying file ./Payload/Any.app/Frameworks/CountryPickerView.framework/CountryPickerView_CountryPickerView.bundle/Images/YT.png ... 
2026-05-26 09:48:39 +0000  321 bytes for ./Payload/Any.app/Frameworks/CountryPickerView.framework/CountryPickerView_CountryPickerView.bundle/Images/YT.png
2026-05-26 09:48:39 +0000  copying file ./Payload/Any.app/Frameworks/CountryPickerView.framework/CountryPickerView_CountryPickerView.bundle/Images/LB.png ... 
2026-05-26 09:48:39 +0000  992 bytes for ./Payload/Any.app/Frameworks/CountryPickerView.framework/CountryPickerView_CountryPickerView.bundle/Images/LB.png
2026-05-26 09:48:39 +0000  copying file ./Payload/Any.app/Frameworks/CountryPickerView.framework/CountryPickerView_CountryPickerView.bundle/Images/MF.png ... 
2026-05-26 09:48:39 +0000  1261 bytes for ./Payload/Any.app/Frameworks/CountryPickerView.framework/CountryPickerView_CountryPickerView.bundle/Images/MF.png
2026-05-26 09:48:39 +0000  copying file ./Payload/Any.app/Frameworks/CountryPickerView.framework/CountryPickerView_CountryPickerView.bundle/Images/LU.png ... 
2026-05-26 09:48:39 +0000  355 bytes for ./Payload/Any.app/Frameworks/CountryPickerView.framework/CountryPickerView_CountryPickerView.bundle/Images/LU.png
2026-05-26 09:48:39 +0000  copying file ./Payload/Any.app/Frameworks/CountryPickerView.framework/CountryPickerView_CountryPickerView.bundle/Images/MQ.png ... 
2026-05-26 09:48:39 +0000  337 bytes for ./Payload/Any.app/Frameworks/CountryPickerView.framework/CountryPickerView_CountryPickerView.bundle/Images/MQ.png
2026-05-26 09:48:39 +0000  copying file ./Payload/Any.app/Frameworks/CountryPickerView.framework/CountryPickerView_CountryPickerView.bundle/Images/CZ.png ... 
2026-05-26 09:48:39 +0000  804 bytes for ./Payload/Any.app/Frameworks/CountryPickerView.framework/CountryPickerView_CountryPickerView.bundle/Images/CZ.png
2026-05-26 09:48:39 +0000  copying file ./Payload/Any.app/Frameworks/CountryPickerView.framework/CountryPickerView_CountryPickerView.bundle/Images/AE.png ... 
2026-05-26 09:48:39 +0000  445 bytes for ./Payload/Any.app/Frameworks/CountryPickerView.framework/CountryPickerView_CountryPickerView.bundle/Images/AE.png
2026-05-26 09:48:39 +0000  copying file ./Payload/Any.app/Frameworks/CountryPickerView.framework/CountryPickerView_CountryPickerView.bundle/Images/CM.png ... 
2026-05-26 09:48:39 +0000  712 bytes for ./Payload/Any.app/Frameworks/CountryPickerView.framework/CountryPickerView_CountryPickerView.bundle/Images/CM.png
2026-05-26 09:48:39 +0000  copying file ./Payload/Any.app/Frameworks/CountryPickerView.framework/CountryPickerView_CountryPickerView.bundle/Images/BI.png ... 
2026-05-26 09:48:39 +0000  1394 bytes for ./Payload/Any.app/Frameworks/CountryPickerView.framework/CountryPickerView_CountryPickerView.bundle/Images/BI.png
2026-05-26 09:48:39 +0000  copying file ./Payload/Any.app/Frameworks/CountryPickerView.framework/CountryPickerView_CountryPickerView.bundle/Images/AR.png ... 
2026-05-26 09:48:39 +0000  1007 bytes for ./Payload/Any.app/Frameworks/CountryPickerView.framework/CountryPickerView_CountryPickerView.bundle/Images/AR.png
2026-05-26 09:48:39 +0000  copying file ./Payload/Any.app/Frameworks/CountryPickerView.framework/CountryPickerView_CountryPickerView.bundle/Images/AS.png ... 
2026-05-26 09:48:39 +0000  1841 bytes for ./Payload/Any.app/Frameworks/CountryPickerView.framework/CountryPickerView_CountryPickerView.bundle/Images/AS.png
2026-05-26 09:48:39 +0000  copying file ./Payload/Any.app/Frameworks/CountryPickerView.framework/CountryPickerView_CountryPickerView.bundle/Images/BH.png ... 
2026-05-26 09:48:39 +0000  728 bytes for ./Payload/Any.app/Frameworks/CountryPickerView.framework/CountryPickerView_CountryPickerView.bundle/Images/BH.png
2026-05-26 09:48:39 +0000  copying file ./Payload/Any.app/Frameworks/CountryPickerView.framework/CountryPickerView_CountryPickerView.bundle/Images/CL.png ... 
2026-05-26 09:48:39 +0000  687 bytes for ./Payload/Any.app/Frameworks/CountryPickerView.framework/CountryPickerView_CountryPickerView.bundle/Images/CL.png
2026-05-26 09:48:39 +0000  copying file ./Payload/Any.app/Frameworks/CountryPickerView.framework/CountryPickerView_CountryPickerView.bundle/Images/AD.png ... 
2026-05-26 09:48:39 +0000  1552 bytes for ./Payload/Any.app/Frameworks/CountryPickerView.framework/CountryPickerView_CountryPickerView.bundle/Images/AD.png
2026-05-26 09:48:39 +0000  copying file ./Payload/Any.app/Frameworks/CountryPickerView.framework/CountryPickerView_CountryPickerView.bundle/Images/MP.png ... 
2026-05-26 09:48:39 +0000  2256 bytes for ./Payload/Any.app/Frameworks/CountryPickerView.framework/CountryPickerView_CountryPickerView.bundle/Images/MP.png
2026-05-26 09:48:39 +0000  copying file ./Payload/Any.app/Frameworks/CountryPickerView.framework/CountryPickerView_CountryPickerView.bundle/Images/LT.png ... 
2026-05-26 09:48:39 +0000  385 bytes for ./Payload/Any.app/Frameworks/CountryPickerView.framework/CountryPickerView_CountryPickerView.bundle/Images/LT.png
2026-05-26 09:48:39 +0000  copying file ./Payload/Any.app/Frameworks/CountryPickerView.framework/CountryPickerView_CountryPickerView.bundle/Images/MG.png ... 
2026-05-26 09:48:39 +0000  413 bytes for ./Payload/Any.app/Frameworks/CountryPickerView.framework/CountryPickerView_CountryPickerView.bundle/Images/MG.png
2026-05-26 09:48:39 +0000  copying file ./Payload/Any.app/Frameworks/CountryPickerView.framework/CountryPickerView_CountryPickerView.bundle/Images/LC.png ... 
2026-05-26 09:48:39 +0000  1363 bytes for ./Payload/Any.app/Frameworks/CountryPickerView.framework/CountryPickerView_CountryPickerView.bundle/Images/LC.png
2026-05-26 09:48:39 +0000  copying file ./Payload/Any.app/Frameworks/CountryPickerView.framework/CountryPickerView_CountryPickerView.bundle/Images/YU.png ... 
2026-05-26 09:48:39 +0000  1192 bytes for ./Payload/Any.app/Frameworks/CountryPickerView.framework/CountryPickerView_CountryPickerView.bundle/Images/YU.png
2026-05-26 09:48:39 +0000  copying file ./Payload/Any.app/Frameworks/CountryPickerView.framework/CountryPickerView_CountryPickerView.bundle/Images/TR.png ... 
2026-05-26 09:48:39 +0000  1100 bytes for ./Payload/Any.app/Frameworks/CountryPickerView.framework/CountryPickerView_CountryPickerView.bundle/Images/TR.png
2026-05-26 09:48:39 +0000  copying file ./Payload/Any.app/Frameworks/CountryPickerView.framework/CountryPickerView_CountryPickerView.bundle/Images/UA.png ... 
2026-05-26 09:48:39 +0000  341 bytes for ./Payload/Any.app/Frameworks/CountryPickerView.framework/CountryPickerView_CountryPickerView.bundle/Images/UA.png
2026-05-26 09:48:39 +0000  copying file ./Payload/Any.app/Frameworks/CountryPickerView.framework/CountryPickerView_CountryPickerView.bundle/Images/TV.png ... 
2026-05-26 09:48:39 +0000  2325 bytes for ./Payload/Any.app/Frameworks/CountryPickerView.framework/CountryPickerView_CountryPickerView.bundle/Images/TV.png
2026-05-26 09:48:39 +0000  copying file ./Payload/Any.app/Frameworks/CountryPickerView.framework/CountryPickerView_CountryPickerView.bundle/Images/VI.png ... 
2026-05-26 09:48:39 +0000  2233 bytes for ./Payload/Any.app/Frameworks/CountryPickerView.framework/CountryPickerView_CountryPickerView.bundle/Images/VI.png
2026-05-26 09:48:39 +0000  copying file ./Payload/Any.app/Frameworks/CountryPickerView.framework/CountryPickerView_CountryPickerView.bundle/Images/MT.png ... 
2026-05-26 09:48:39 +0000  896 bytes for ./Payload/Any.app/Frameworks/CountryPickerView.framework/CountryPickerView_CountryPickerView.bundle/Images/MT.png
2026-05-26 09:48:39 +0000  copying file ./Payload/Any.app/Frameworks/CountryPickerView.framework/CountryPickerView_CountryPickerView.bundle/Images/NO.png ... 
2026-05-26 09:48:39 +0000  780 bytes for ./Payload/Any.app/Frameworks/CountryPickerView.framework/CountryPickerView_CountryPickerView.bundle/Images/NO.png
2026-05-26 09:48:39 +0000  copying file ./Payload/Any.app/Frameworks/CountryPickerView.framework/CountryPickerView_CountryPickerView.bundle/Images/MC.png ... 
2026-05-26 09:48:39 +0000  333 bytes for ./Payload/Any.app/Frameworks/CountryPickerView.framework/CountryPickerView_CountryPickerView.bundle/Images/MC.png
2026-05-26 09:48:39 +0000  copying file ./Payload/Any.app/Frameworks/CountryPickerView.framework/CountryPickerView_CountryPickerView.bundle/Images/CH.png ... 
2026-05-26 09:48:39 +0000  519 bytes for ./Payload/Any.app/Frameworks/CountryPickerView.framework/CountryPickerView_CountryPickerView.bundle/Images/CH.png
2026-05-26 09:48:39 +0000  copying file ./Payload/Any.app/Frameworks/CountryPickerView.framework/CountryPickerView_CountryPickerView.bundle/Images/BL.png ... 
2026-05-26 09:48:39 +0000  321 bytes for ./Payload/Any.app/Frameworks/CountryPickerView.framework/CountryPickerView_CountryPickerView.bundle/Images/BL.png
2026-05-26 09:48:39 +0000  copying file ./Payload/Any.app/Frameworks/CountryPickerView.framework/CountryPickerView_CountryPickerView.bundle/Images/AW.png ... 
2026-05-26 09:48:39 +0000  759 bytes for ./Payload/Any.app/Frameworks/CountryPickerView.framework/CountryPickerView_CountryPickerView.bundle/Images/AW.png
2026-05-26 09:48:39 +0000  copying file ./Payload/Any.app/Frameworks/CountryPickerView.framework/CountryPickerView_CountryPickerView.bundle/Images/BZ.png ... 
2026-05-26 09:48:39 +0000  1531 bytes for ./Payload/Any.app/Frameworks/CountryPickerView.framework/CountryPickerView_CountryPickerView.bundle/Images/BZ.png
2026-05-26 09:48:39 +0000  copying file ./Payload/Any.app/Frameworks/CountryPickerView.framework/CountryPickerView_CountryPickerView.bundle/Images/BM.png ... 
2026-05-26 09:48:39 +0000  2532 bytes for ./Payload/Any.app/Frameworks/CountryPickerView.framework/CountryPickerView_CountryPickerView.bundle/Images/BM.png
2026-05-26 09:48:39 +0000  copying file ./Payload/Any.app/Frameworks/CountryPickerView.framework/CountryPickerView_CountryPickerView.bundle/Images/CI.png ... 
2026-05-26 09:48:39 +0000  335 bytes for ./Payload/Any.app/Frameworks/CountryPickerView.framework/CountryPickerView_CountryPickerView.bundle/Images/CI.png
2026-05-26 09:48:39 +0000  copying file ./Payload/Any.app/Frameworks/CountryPickerView.framework/CountryPickerView_CountryPickerView.bundle/Images/MU.png ... 
2026-05-26 09:48:39 +0000  395 bytes for ./Payload/Any.app/Frameworks/CountryPickerView.framework/CountryPickerView_CountryPickerView.bundle/Images/MU.png
2026-05-26 09:48:39 +0000  copying file ./Payload/Any.app/Frameworks/CountryPickerView.framework/CountryPickerView_CountryPickerView.bundle/Images/US.png ... 
2026-05-26 09:48:39 +0000  1405 bytes for ./Payload/Any.app/Frameworks/CountryPickerView.framework/CountryPickerView_CountryPickerView.bundle/Images/US.png
2026-05-26 09:48:39 +0000  copying file ./Payload/Any.app/Frameworks/CountryPickerView.framework/CountryPickerView_CountryPickerView.bundle/Images/TW.png ... 
2026-05-26 09:48:39 +0000  1024 bytes for ./Payload/Any.app/Frameworks/CountryPickerView.framework/CountryPickerView_CountryPickerView.bundle/Images/TW.png
2026-05-26 09:48:39 +0000  copying file ./Payload/Any.app/Frameworks/CountryPickerView.framework/CountryPickerView_CountryPickerView.bundle/Images/YE.png ... 
2026-05-26 09:48:39 +0000  342 bytes for ./Payload/Any.app/Frameworks/CountryPickerView.framework/CountryPickerView_CountryPickerView.bundle/Images/YE.png
2026-05-26 09:48:39 +0000  copying file ./Payload/Any.app/Frameworks/CountryPickerView.framework/CountryPickerView_CountryPickerView.bundle/Images/MW.png ... 
2026-05-26 09:48:39 +0000  1007 bytes for ./Payload/Any.app/Frameworks/CountryPickerView.framework/CountryPickerView_CountryPickerView.bundle/Images/MW.png
2026-05-26 09:48:39 +0000  copying file ./Payload/Any.app/Frameworks/CountryPickerView.framework/CountryPickerView_CountryPickerView.bundle/Images/NL.png ... 
2026-05-26 09:48:39 +0000  377 bytes for ./Payload/Any.app/Frameworks/CountryPickerView.framework/CountryPickerView_CountryPickerView.bundle/Images/NL.png
2026-05-26 09:48:39 +0000  copying file ./Payload/Any.app/Frameworks/CountryPickerView.framework/CountryPickerView_CountryPickerView.bundle/Images/LS.png ... 
2026-05-26 09:48:39 +0000  842 bytes for ./Payload/Any.app/Frameworks/CountryPickerView.framework/CountryPickerView_CountryPickerView.bundle/Images/LS.png
2026-05-26 09:48:39 +0000  copying file ./Payload/Any.app/Frameworks/CountryPickerView.framework/CountryPickerView_CountryPickerView.bundle/Images/BO.png ... 
2026-05-26 09:48:39 +0000  358 bytes for ./Payload/Any.app/Frameworks/CountryPickerView.framework/CountryPickerView_CountryPickerView.bundle/Images/BO.png
2026-05-26 09:48:39 +0000  copying file ./Payload/Any.app/Frameworks/CountryPickerView.framework/CountryPickerView_CountryPickerView.bundle/Images/AT.png ... 
2026-05-26 09:48:39 +0000  358 bytes for ./Payload/Any.app/Frameworks/CountryPickerView.framework/CountryPickerView_CountryPickerView.bundle/Images/AT.png
2026-05-26 09:48:39 +0000  copying file ./Payload/Any.app/Frameworks/CountryPickerView.framework/CountryPickerView_CountryPickerView.bundle/Images/CK.png ... 
2026-05-26 09:48:39 +0000  2094 bytes for ./Payload/Any.app/Frameworks/CountryPickerView.framework/CountryPickerView_CountryPickerView.bundle/Images/CK.png
2026-05-26 09:48:39 +0000  copying file ./Payload/Any.app/Frameworks/CountryPickerView.framework/CountryPickerView_CountryPickerView.bundle/Images/AC.png ... 
2026-05-26 09:48:39 +0000  1523 bytes for ./Payload/Any.app/Frameworks/CountryPickerView.framework/CountryPickerView_CountryPickerView.bundle/Images/AC.png
2026-05-26 09:48:39 +0000  copying file ./Payload/Any.app/Frameworks/CountryPickerView.framework/CountryPickerView_CountryPickerView.bundle/Images/BY.png ... 
2026-05-26 09:48:39 +0000  922 bytes for ./Payload/Any.app/Frameworks/CountryPickerView.framework/CountryPickerView_CountryPickerView.bundle/Images/BY.png
2026-05-26 09:48:39 +0000  copying file ./Payload/Any.app/Frameworks/CountryPickerView.framework/CountryPickerView_CountryPickerView.bundle/Images/AU.png ... 
2026-05-26 09:48:39 +0000  2182 bytes for ./Payload/Any.app/Frameworks/CountryPickerView.framework/CountryPickerView_CountryPickerView.bundle/Images/AU.png
2026-05-26 09:48:39 +0000  copying file ./Payload/Any.app/Frameworks/CountryPickerView.framework/CountryPickerView_CountryPickerView.bundle/Images/BN.png ... 
2026-05-26 09:48:39 +0000  2223 bytes for ./Payload/Any.app/Frameworks/CountryPickerView.framework/CountryPickerView_CountryPickerView.bundle/Images/BN.png
2026-05-26 09:48:39 +0000  copying file ./Payload/Any.app/Frameworks/CountryPickerView.framework/CountryPickerView_CountryPickerView.bundle/Images/MA.png ... 
2026-05-26 09:48:39 +0000  1373 bytes for ./Payload/Any.app/Frameworks/CountryPickerView.framework/CountryPickerView_CountryPickerView.bundle/Images/MA.png
2026-05-26 09:48:39 +0000  copying file ./Payload/Any.app/Frameworks/CountryPickerView.framework/CountryPickerView_CountryPickerView.bundle/Images/NZ.png ... 
2026-05-26 09:48:39 +0000  1964 bytes for ./Payload/Any.app/Frameworks/CountryPickerView.framework/CountryPickerView_CountryPickerView.bundle/Images/NZ.png
2026-05-26 09:48:39 +0000  copying file ./Payload/Any.app/Frameworks/CountryPickerView.framework/CountryPickerView_CountryPickerView.bundle/Images/LR.png ... 
2026-05-26 09:48:39 +0000  755 bytes for ./Payload/Any.app/Frameworks/CountryPickerView.framework/CountryPickerView_CountryPickerView.bundle/Images/LR.png
2026-05-26 09:48:39 +0000  copying file ./Payload/Any.app/Frameworks/CountryPickerView.framework/CountryPickerView_CountryPickerView.bundle/Images/MV.png ... 
2026-05-26 09:48:39 +0000  1100 bytes for ./Payload/Any.app/Frameworks/CountryPickerView.framework/CountryPickerView_CountryPickerView.bundle/Images/MV.png
2026-05-26 09:48:39 +0000  copying file ./Payload/Any.app/Frameworks/CountryPickerView.framework/CountryPickerView_CountryPickerView.bundle/Images/TC.png ... 
2026-05-26 09:48:39 +0000  2115 bytes for ./Payload/Any.app/Frameworks/CountryPickerView.framework/CountryPickerView_CountryPickerView.bundle/Images/TC.png
2026-05-26 09:48:39 +0000  copying file ./Payload/Any.app/Frameworks/CountryPickerView.framework/CountryPickerView_CountryPickerView.bundle/Images/UG.png ... 
2026-05-26 09:48:39 +0000  792 bytes for ./Payload/Any.app/Frameworks/CountryPickerView.framework/CountryPickerView_CountryPickerView.bundle/Images/UG.png
2026-05-26 09:48:39 +0000  copying file ./Payload/Any.app/Frameworks/CountryPickerView.framework/CountryPickerView_CountryPickerView.bundle/Images/TT.png ... 
2026-05-26 09:48:39 +0000  1352 bytes for ./Payload/Any.app/Frameworks/CountryPickerView.framework/CountryPickerView_CountryPickerView.bundle/Images/TT.png
2026-05-26 09:48:39 +0000  copying file ./Payload/Any.app/Frameworks/CountryPickerView.framework/CountryPickerView_CountryPickerView.bundle/Images/PL.png ... 
2026-05-26 09:48:39 +0000  332 bytes for ./Payload/Any.app/Frameworks/CountryPickerView.framework/CountryPickerView_CountryPickerView.bundle/Images/PL.png
2026-05-26 09:48:39 +0000  copying file ./Payload/Any.app/Frameworks/CountryPickerView.framework/CountryPickerView_CountryPickerView.bundle/Images/RS.png ... 
2026-05-26 09:48:39 +0000  1379 bytes for ./Payload/Any.app/Frameworks/CountryPickerView.framework/CountryPickerView_CountryPickerView.bundle/Images/RS.png
2026-05-26 09:48:39 +0000  copying file ./Payload/Any.app/Frameworks/CountryPickerView.framework/CountryPickerView_CountryPickerView.bundle/Images/IN.png ... 
2026-05-26 09:48:39 +0000  1381 bytes for ./Payload/Any.app/Frameworks/CountryPickerView.framework/CountryPickerView_CountryPickerView.bundle/Images/IN.png
2026-05-26 09:48:39 +0000  copying file ./Payload/Any.app/Frameworks/CountryPickerView.framework/CountryPickerView_CountryPickerView.bundle/Images/GE.png ... 
2026-05-26 09:48:39 +0000  706 bytes for ./Payload/Any.app/Frameworks/CountryPickerView.framework/CountryPickerView_CountryPickerView.bundle/Images/GE.png
2026-05-26 09:48:39 +0000  copying file ./Payload/Any.app/Frameworks/CountryPickerView.framework/CountryPickerView_CountryPickerView.bundle/Images/GR.png ... 
2026-05-26 09:48:39 +0000  680 bytes for ./Payload/Any.app/Frameworks/CountryPickerView.framework/CountryPickerView_CountryPickerView.bundle/Images/GR.png
2026-05-26 09:48:39 +0000  copying file ./Payload/Any.app/Frameworks/CountryPickerView.framework/CountryPickerView_CountryPickerView.bundle/Images/GS.png ... 
2026-05-26 09:48:39 +0000  2763 bytes for ./Payload/Any.app/Frameworks/CountryPickerView.framework/CountryPickerView_CountryPickerView.bundle/Images/GS.png
2026-05-26 09:48:39 +0000  copying file ./Payload/Any.app/Frameworks/CountryPickerView.framework/CountryPickerView_CountryPickerView.bundle/Images/GD.png ... 
2026-05-26 09:48:39 +0000  1379 bytes for ./Payload/Any.app/Frameworks/CountryPickerView.framework/CountryPickerView_CountryPickerView.bundle/Images/GD.png
2026-05-26 09:48:39 +0000  copying file ./Payload/Any.app/Frameworks/CountryPickerView.framework/CountryPickerView_CountryPickerView.bundle/Images/IO.png ... 
2026-05-26 09:48:39 +0000  3546 bytes for ./Payload/Any.app/Frameworks/CountryPickerView.framework/CountryPickerView_CountryPickerView.bundle/Images/IO.png
2026-05-26 09:48:39 +0000  copying file ./Payload/Any.app/Frameworks/CountryPickerView.framework/CountryPickerView_CountryPickerView.bundle/Images/HK.png ... 
2026-05-26 09:48:39 +0000  1032 bytes for ./Payload/Any.app/Frameworks/CountryPickerView.framework/CountryPickerView_CountryPickerView.bundle/Images/HK.png
2026-05-26 09:48:39 +0000  copying file ./Payload/Any.app/Frameworks/CountryPickerView.framework/CountryPickerView_CountryPickerView.bundle/Images/KP.png ... 
2026-05-26 09:48:39 +0000  822 bytes for ./Payload/Any.app/Frameworks/CountryPickerView.framework/CountryPickerView_CountryPickerView.bundle/Images/KP.png
2026-05-26 09:48:39 +0000  copying file ./Payload/Any.app/Frameworks/CountryPickerView.framework/CountryPickerView_CountryPickerView.bundle/Images/KG.png ... 
2026-05-26 09:48:39 +0000  1276 bytes for ./Payload/Any.app/Frameworks/CountryPickerView.framework/CountryPickerView_CountryPickerView.bundle/Images/KG.png
2026-05-26 09:48:39 +0000  copying file ./Payload/Any.app/Frameworks/CountryPickerView.framework/CountryPickerView_CountryPickerView.bundle/Images/PM.png ... 
2026-05-26 09:48:39 +0000  321 bytes for ./Payload/Any.app/Frameworks/CountryPickerView.framework/CountryPickerView_CountryPickerView.bundle/Images/PM.png
2026-05-26 09:48:39 +0000  copying file ./Payload/Any.app/Frameworks/CountryPickerView.framework/CountryPickerView_CountryPickerView.bundle/Images/SV.png ... 
2026-05-26 09:48:39 +0000  1324 bytes for ./Payload/Any.app/Frameworks/CountryPickerView.framework/CountryPickerView_CountryPickerView.bundle/Images/SV.png
2026-05-26 09:48:39 +0000  copying file ./Payload/Any.app/Frameworks/CountryPickerView.framework/CountryPickerView_CountryPickerView.bundle/Images/RE.png ... 
2026-05-26 09:48:39 +0000  321 bytes for ./Payload/Any.app/Frameworks/CountryPickerView.framework/CountryPickerView_CountryPickerView.bundle/Images/RE.png
2026-05-26 09:48:39 +0000  copying file ./Payload/Any.app/Frameworks/CountryPickerView.framework/CountryPickerView_CountryPickerView.bundle/Images/SA.png ... 
2026-05-26 09:48:39 +0000  1510 bytes for ./Payload/Any.app/Frameworks/CountryPickerView.framework/CountryPickerView_CountryPickerView.bundle/Images/SA.png
2026-05-26 09:48:39 +0000  copying file ./Payload/Any.app/Frameworks/CountryPickerView.framework/CountryPickerView_CountryPickerView.bundle/Images/SC.png ... 
2026-05-26 09:48:39 +0000  1652 bytes for ./Payload/Any.app/Frameworks/CountryPickerView.framework/CountryPickerView_CountryPickerView.bundle/Images/SC.png
2026-05-26 09:48:39 +0000  copying file ./Payload/Any.app/Frameworks/CountryPickerView.framework/CountryPickerView_CountryPickerView.bundle/Images/ST.png ... 
2026-05-26 09:48:39 +0000  1132 bytes for ./Payload/Any.app/Frameworks/CountryPickerView.framework/CountryPickerView_CountryPickerView.bundle/Images/ST.png
2026-05-26 09:48:39 +0000  copying file ./Payload/Any.app/Frameworks/CountryPickerView.framework/CountryPickerView_CountryPickerView.bundle/Images/KE.png ... 
2026-05-26 09:48:39 +0000  1399 bytes for ./Payload/Any.app/Frameworks/CountryPickerView.framework/CountryPickerView_CountryPickerView.bundle/Images/KE.png
2026-05-26 09:48:39 +0000  copying file ./Payload/Any.app/Frameworks/CountryPickerView.framework/CountryPickerView_CountryPickerView.bundle/Images/IM.png ... 
2026-05-26 09:48:39 +0000  1490 bytes for ./Payload/Any.app/Frameworks/CountryPickerView.framework/CountryPickerView_CountryPickerView.bundle/Images/IM.png
2026-05-26 09:48:39 +0000  copying file ./Payload/Any.app/Frameworks/CountryPickerView.framework/CountryPickerView_CountryPickerView.bundle/Images/KR.png ... 
2026-05-26 09:48:39 +0000  2156 bytes for ./Payload/Any.app/Frameworks/CountryPickerView.framework/CountryPickerView_CountryPickerView.bundle/Images/KR.png
2026-05-26 09:48:39 +0000  copying file ./Payload/Any.app/Frameworks/CountryPickerView.framework/CountryPickerView_CountryPickerView.bundle/Images/GF.png ... 
2026-05-26 09:48:39 +0000  337 bytes for ./Payload/Any.app/Frameworks/CountryPickerView.framework/CountryPickerView_CountryPickerView.bundle/Images/GF.png
2026-05-26 09:48:39 +0000  copying file ./Payload/Any.app/Frameworks/CountryPickerView.framework/CountryPickerView_CountryPickerView.bundle/Images/DJ.png ... 
2026-05-26 09:48:39 +0000  959 bytes for ./Payload/Any.app/Frameworks/CountryPickerView.framework/CountryPickerView_CountryPickerView.bundle/Images/DJ.png
2026-05-26 09:48:39 +0000  copying file ./Payload/Any.app/Frameworks/CountryPickerView.framework/CountryPickerView_CountryPickerView.bundle/Images/GQ.png ... 
2026-05-26 09:48:39 +0000  982 bytes for ./Payload/Any.app/Frameworks/CountryPickerView.framework/CountryPickerView_CountryPickerView.bundle/Images/GQ.png
2026-05-26 09:48:39 +0000  copying file ./Payload/Any.app/Frameworks/CountryPickerView.framework/CountryPickerView_CountryPickerView.bundle/Images/GP.png ... 
2026-05-26 09:48:39 +0000  337 bytes for ./Payload/Any.app/Frameworks/CountryPickerView.framework/CountryPickerView_CountryPickerView.bundle/Images/GP.png
2026-05-26 09:48:39 +0000  copying file ./Payload/Any.app/Frameworks/CountryPickerView.framework/CountryPickerView_CountryPickerView.bundle/Images/DK.png ... 
2026-05-26 09:48:39 +0000  419 bytes for ./Payload/Any.app/Frameworks/CountryPickerView.framework/CountryPickerView_CountryPickerView.bundle/Images/DK.png
2026-05-26 09:48:39 +0000  copying file ./Payload/Any.app/Frameworks/CountryPickerView.framework/CountryPickerView_CountryPickerView.bundle/Images/GG.png ... 
2026-05-26 09:48:39 +0000  714 bytes for ./Payload/Any.app/Frameworks/CountryPickerView.framework/CountryPickerView_CountryPickerView.bundle/Images/GG.png
2026-05-26 09:48:39 +0000  copying file ./Payload/Any.app/Frameworks/CountryPickerView.framework/CountryPickerView_CountryPickerView.bundle/Images/IL.png ... 
2026-05-26 09:48:39 +0000  890 bytes for ./Payload/Any.app/Frameworks/CountryPickerView.framework/CountryPickerView_CountryPickerView.bundle/Images/IL.png
2026-05-26 09:48:39 +0000  copying file ./Payload/Any.app/Frameworks/CountryPickerView.framework/CountryPickerView_CountryPickerView.bundle/Images/PN.png ... 
2026-05-26 09:48:39 +0000  2743 bytes for ./Payload/Any.app/Frameworks/CountryPickerView.framework/CountryPickerView_CountryPickerView.bundle/Images/PN.png
2026-05-26 09:48:39 +0000  copying file ./Payload/Any.app/Frameworks/CountryPickerView.framework/CountryPickerView_CountryPickerView.bundle/Images/SB.png ... 
2026-05-26 09:48:39 +0000  1185 bytes for ./Payload/Any.app/Frameworks/CountryPickerView.framework/CountryPickerView_CountryPickerView.bundle/Images/SB.png
2026-05-26 09:48:39 +0000  copying file ./Payload/Any.app/Frameworks/CountryPickerView.framework/CountryPickerView_CountryPickerView.bundle/Images/PY.png ... 
2026-05-26 09:48:39 +0000  690 bytes for ./Payload/Any.app/Frameworks/CountryPickerView.framework/CountryPickerView_CountryPickerView.bundle/Images/PY.png
2026-05-26 09:48:39 +0000  copying file ./Payload/Any.app/Frameworks/CountryPickerView.framework/CountryPickerView_CountryPickerView.bundle/Images/RU.png ... 
2026-05-26 09:48:39 +0000  381 bytes for ./Payload/Any.app/Frameworks/CountryPickerView.framework/CountryPickerView_CountryPickerView.bundle/Images/RU.png
2026-05-26 09:48:39 +0000  copying file ./Payload/Any.app/Frameworks/CountryPickerView.framework/CountryPickerView_CountryPickerView.bundle/Images/KW.png ... 
2026-05-26 09:48:39 +0000  676 bytes for ./Payload/Any.app/Frameworks/CountryPickerView.framework/CountryPickerView_CountryPickerView.bundle/Images/KW.png
2026-05-26 09:48:39 +0000  copying file ./Payload/Any.app/Frameworks/CountryPickerView.framework/CountryPickerView_CountryPickerView.bundle/Images/DO.png ... 
2026-05-26 09:48:39 +0000  762 bytes for ./Payload/Any.app/Frameworks/CountryPickerView.framework/CountryPickerView_CountryPickerView.bundle/Images/DO.png
2026-05-26 09:48:39 +0000  copying file ./Payload/Any.app/Frameworks/CountryPickerView.framework/CountryPickerView_CountryPickerView.bundle/Images/GT.png ... 
2026-05-26 09:48:39 +0000  1392 bytes for ./Payload/Any.app/Frameworks/CountryPickerView.framework/CountryPickerView_CountryPickerView.bundle/Images/GT.png
2026-05-26 09:48:39 +0000  copying file ./Payload/Any.app/Frameworks/CountryPickerView.framework/CountryPickerView_CountryPickerView.bundle/Images/GB.png ... 
2026-05-26 09:48:39 +0000  1523 bytes for ./Payload/Any.app/Frameworks/CountryPickerView.framework/CountryPickerView_CountryPickerView.bundle/Images/GB.png
2026-05-26 09:48:39 +0000  copying file ./Payload/Any.app/Frameworks/CountryPickerView.framework/CountryPickerView_CountryPickerView.bundle/Images/GU.png ... 
2026-05-26 09:48:39 +0000  1643 bytes for ./Payload/Any.app/Frameworks/CountryPickerView.framework/CountryPickerView_CountryPickerView.bundle/Images/GU.png
2026-05-26 09:48:39 +0000  copying file ./Payload/Any.app/Frameworks/CountryPickerView.framework/CountryPickerView_CountryPickerView.bundle/Images/JE.png ... 
2026-05-26 09:48:39 +0000  1361 bytes for ./Payload/Any.app/Frameworks/CountryPickerView.framework/CountryPickerView_CountryPickerView.bundle/Images/JE.png
2026-05-26 09:48:39 +0000  copying file ./Payload/Any.app/Frameworks/CountryPickerView.framework/CountryPickerView_CountryPickerView.bundle/Images/HM.png ... 
2026-05-26 09:48:39 +0000  2249 bytes for ./Payload/Any.app/Frameworks/CountryPickerView.framework/CountryPickerView_CountryPickerView.bundle/Images/HM.png
2026-05-26 09:48:39 +0000  copying file ./Payload/Any.app/Frameworks/CountryPickerView.framework/CountryPickerView_CountryPickerView.bundle/Images/SG.png ... 
2026-05-26 09:48:39 +0000  775 bytes for ./Payload/Any.app/Frameworks/CountryPickerView.framework/CountryPickerView_CountryPickerView.bundle/Images/SG.png
copying file ./Payload/Any.app/Frameworks/CountryPickerView.framework/CountryPickerView_CountryPickerView.bundle/Images/PK.png ... 
2026-05-26 09:48:39 +0000  919 bytes for ./Payload/Any.app/Frameworks/CountryPickerView.framework/CountryPickerView_CountryPickerView.bundle/Images/PK.png
2026-05-26 09:48:39 +0000  copying file ./Payload/Any.app/Frameworks/CountryPickerView.framework/CountryPickerView_CountryPickerView.bundle/Images/SR.png ... 
2026-05-26 09:48:39 +0000  773 bytes for ./Payload/Any.app/Frameworks/CountryPickerView.framework/CountryPickerView_CountryPickerView.bundle/Images/SR.png
2026-05-26 09:48:39 +0000  copying file ./Payload/Any.app/Frameworks/CountryPickerView.framework/CountryPickerView_CountryPickerView.bundle/Images/SE.png ... 
2026-05-26 09:48:39 +0000  601 bytes for ./Payload/Any.app/Frameworks/CountryPickerView.framework/CountryPickerView_CountryPickerView.bundle/Images/SE.png
2026-05-26 09:48:39 +0000  copying file ./Payload/Any.app/Frameworks/CountryPickerView.framework/CountryPickerView_CountryPickerView.bundle/Images/JP.png ... 
2026-05-26 09:48:39 +0000  588 bytes for ./Payload/Any.app/Frameworks/CountryPickerView.framework/CountryPickerView_CountryPickerView.bundle/Images/JP.png
2026-05-26 09:48:39 +0000  copying file ./Payload/Any.app/Frameworks/CountryPickerView.framework/CountryPickerView_CountryPickerView.bundle/Images/GW.png ... 
2026-05-26 09:48:39 +0000  770 bytes for ./Payload/Any.app/Frameworks/CountryPickerView.framework/CountryPickerView_CountryPickerView.bundle/Images/GW.png
2026-05-26 09:48:39 +0000  copying file ./Payload/Any.app/Frameworks/CountryPickerView.framework/CountryPickerView_CountryPickerView.bundle/Images/EH.png ... 
2026-05-26 09:48:39 +0000  1263 bytes for ./Payload/Any.app/Frameworks/CountryPickerView.framework/CountryPickerView_CountryPickerView.bundle/Images/EH.png
2026-05-26 09:48:39 +0000  copying file ./Payload/Any.app/Frameworks/CountryPickerView.framework/CountryPickerView_CountryPickerView.bundle/Images/DZ.png ... 
2026-05-26 09:48:39 +0000  1112 bytes for ./Payload/Any.app/Frameworks/CountryPickerView.framework/CountryPickerView_CountryPickerView.bundle/Images/DZ.png
2026-05-26 09:48:39 +0000  copying file ./Payload/Any.app/Frameworks/CountryPickerView.framework/CountryPickerView_CountryPickerView.bundle/Images/GA.png ... 
2026-05-26 09:48:39 +0000  390 bytes for ./Payload/Any.app/Frameworks/CountryPickerView.framework/CountryPickerView_CountryPickerView.bundle/Images/GA.png
2026-05-26 09:48:39 +0000  copying file ./Payload/Any.app/Frameworks/CountryPickerView.framework/CountryPickerView_CountryPickerView.bundle/Images/FR.png ... 
2026-05-26 09:48:39 +0000  337 bytes for ./Payload/Any.app/Frameworks/CountryPickerView.framework/CountryPickerView_CountryPickerView.bundle/Images/FR.png
2026-05-26 09:48:39 +0000  copying file ./Payload/Any.app/Frameworks/CountryPickerView.framework/CountryPickerView_CountryPickerView.bundle/Images/DM.png ... 
2026-05-26 09:48:39 +0000  1373 bytes for ./Payload/Any.app/Frameworks/CountryPickerView.framework/CountryPickerView_CountryPickerView.bundle/Images/DM.png
2026-05-26 09:48:39 +0000  copying file ./Payload/Any.app/Frameworks/CountryPickerView.framework/CountryPickerView_CountryPickerView.bundle/Images/HN.png ... 
2026-05-26 09:48:39 +0000  750 bytes for ./Payload/Any.app/Frameworks/CountryPickerView.framework/CountryPickerView_CountryPickerView.bundle/Images/HN.png
2026-05-26 09:48:39 +0000  copying file ./Payload/Any.app/Frameworks/CountryPickerView.framework/CountryPickerView_CountryPickerView.bundle/Images/SD.png ... 
2026-05-26 09:48:39 +0000  661 bytes for ./Payload/Any.app/Frameworks/CountryPickerView.framework/CountryPickerView_CountryPickerView.bundle/Images/SD.png
2026-05-26 09:48:39 +0000  copying file ./Payload/Any.app/Frameworks/CountryPickerView.framework/CountryPickerView_CountryPickerView.bundle/Images/RW.png ... 
2026-05-26 09:48:39 +0000  805 bytes for ./Payload/Any.app/Frameworks/CountryPickerView.framework/CountryPickerView_CountryPickerView.bundle/Images/RW.png
2026-05-26 09:48:39 +0000  copying file ./Payload/Any.app/Frameworks/CountryPickerView.framework/CountryPickerView_CountryPickerView.bundle/Images/PH.png ... 
2026-05-26 09:48:39 +0000  1519 bytes for ./Payload/Any.app/Frameworks/CountryPickerView.framework/CountryPickerView_CountryPickerView.bundle/Images/PH.png
2026-05-26 09:48:39 +0000  copying file ./Payload/Any.app/Frameworks/CountryPickerView.framework/CountryPickerView_CountryPickerView.bundle/Images/SS.png ... 
2026-05-26 09:48:39 +0000  1431 bytes for ./Payload/Any.app/Frameworks/CountryPickerView.framework/CountryPickerView_CountryPickerView.bundle/Images/SS.png
2026-05-26 09:48:39 +0000  copying file ./Payload/Any.app/Frameworks/CountryPickerView.framework/CountryPickerView_CountryPickerView.bundle/Images/QA.png ... 
2026-05-26 09:48:39 +0000  748 bytes for ./Payload/Any.app/Frameworks/CountryPickerView.framework/CountryPickerView_CountryPickerView.bundle/Images/QA.png
2026-05-26 09:48:39 +0000  copying file ./Payload/Any.app/Frameworks/CountryPickerView.framework/CountryPickerView_CountryPickerView.bundle/Images/PE.png ... 
2026-05-26 09:48:39 +0000  327 bytes for ./Payload/Any.app/Frameworks/CountryPickerView.framework/CountryPickerView_CountryPickerView.bundle/Images/PE.png
2026-05-26 09:48:39 +0000  copying file ./Payload/Any.app/Frameworks/CountryPickerView.framework/CountryPickerView_CountryPickerView.bundle/Images/PR.png ... 
2026-05-26 09:48:39 +0000  1518 bytes for ./Payload/Any.app/Frameworks/CountryPickerView.framework/CountryPickerView_CountryPickerView.bundle/Images/PR.png
2026-05-26 09:48:39 +0000  copying file ./Payload/Any.app/Frameworks/CountryPickerView.framework/CountryPickerView_CountryPickerView.bundle/Images/SI.png ... 
2026-05-26 09:48:39 +0000  967 bytes for ./Payload/Any.app/Frameworks/CountryPickerView.framework/CountryPickerView_CountryPickerView.bundle/Images/SI.png
2026-05-26 09:48:39 +0000  copying file ./Payload/Any.app/Frameworks/CountryPickerView.framework/CountryPickerView_CountryPickerView.bundle/Images/HT.png ... 
2026-05-26 09:48:39 +0000  342 bytes for ./Payload/Any.app/Frameworks/CountryPickerView.framework/CountryPickerView_CountryPickerView.bundle/Images/HT.png
2026-05-26 09:48:39 +0000  copying file ./Payload/Any.app/Frameworks/CountryPickerView.framework/CountryPickerView_CountryPickerView.bundle/Images/ES.png ... 
2026-05-26 09:48:39 +0000  1600 bytes for ./Payload/Any.app/Frameworks/CountryPickerView.framework/CountryPickerView_CountryPickerView.bundle/Images/ES.png
2026-05-26 09:48:39 +0000  copying file ./Payload/Any.app/Frameworks/CountryPickerView.framework/CountryPickerView_CountryPickerView.bundle/Images/GL.png ... 
2026-05-26 09:48:39 +0000  869 bytes for ./Payload/Any.app/Frameworks/CountryPickerView.framework/CountryPickerView_CountryPickerView.bundle/Images/GL.png
2026-05-26 09:48:39 +0000  copying file ./Payload/Any.app/Frameworks/CountryPickerView.framework/CountryPickerView_CountryPickerView.bundle/Images/GM.png ... 
2026-05-26 09:48:39 +0000  381 bytes for ./Payload/Any.app/Frameworks/CountryPickerView.framework/CountryPickerView_CountryPickerView.bundle/Images/GM.png
2026-05-26 09:48:39 +0000  copying file ./Payload/Any.app/Frameworks/CountryPickerView.framework/CountryPickerView_CountryPickerView.bundle/Images/ER.png ... 
2026-05-26 09:48:39 +0000  2034 bytes for ./Payload/Any.app/Frameworks/CountryPickerView.framework/CountryPickerView_CountryPickerView.bundle/Images/ER.png
2026-05-26 09:48:39 +0000  copying file ./Payload/Any.app/Frameworks/CountryPickerView.framework/CountryPickerView_CountryPickerView.bundle/Images/FI.png ... 
2026-05-26 09:48:39 +0000  418 bytes for ./Payload/Any.app/Frameworks/CountryPickerView.framework/CountryPickerView_CountryPickerView.bundle/Images/FI.png
2026-05-26 09:48:39 +0000  copying file ./Payload/Any.app/Frameworks/CountryPickerView.framework/CountryPickerView_CountryPickerView.bundle/Images/EE.png ... 
2026-05-26 09:48:39 +0000  366 bytes for ./Payload/Any.app/Frameworks/CountryPickerView.framework/CountryPickerView_CountryPickerView.bundle/Images/EE.png
2026-05-26 09:48:39 +0000  copying file ./Payload/Any.app/Frameworks/CountryPickerView.framework/CountryPickerView_CountryPickerView.bundle/Images/KN.png ... 
2026-05-26 09:48:39 +0000  1571 bytes for ./Payload/Any.app/Frameworks/CountryPickerView.framework/CountryPickerView_CountryPickerView.bundle/Images/KN.png
2026-05-26 09:48:39 +0000  copying file ./Payload/Any.app/Frameworks/CountryPickerView.framework/CountryPickerView_CountryPickerView.bundle/Images/HU.png ... 
2026-05-26 09:48:39 +0000  379 bytes for ./Payload/Any.app/Frameworks/CountryPickerView.framework/CountryPickerView_CountryPickerView.bundle/Images/HU.png
2026-05-26 09:48:39 +0000  copying file ./Payload/Any.app/Frameworks/CountryPickerView.framework/CountryPickerView_CountryPickerView.bundle/Images/IQ.png ... 
2026-05-26 09:48:39 +0000  2190 bytes for ./Payload/Any.app/Frameworks/CountryPickerView.framework/CountryPickerView_CountryPickerView.bundle/Images/IQ.png
2026-05-26 09:48:39 +0000  copying file ./Payload/Any.app/Frameworks/CountryPickerView.framework/CountryPickerView_CountryPickerView.bundle/Images/KY.png ... 
2026-05-26 09:48:39 +0000  2466 bytes for ./Payload/Any.app/Frameworks/CountryPickerView.framework/CountryPickerView_CountryPickerView.bundle/Images/KY.png
2026-05-26 09:48:39 +0000  copying file ./Payload/Any.app/Frameworks/CountryPickerView.framework/CountryPickerView_CountryPickerView.bundle/Images/SH.png ... 
2026-05-26 09:48:39 +0000  2215 bytes for ./Payload/Any.app/Frameworks/CountryPickerView.framework/CountryPickerView_CountryPickerView.bundle/Images/SH.png
2026-05-26 09:48:39 +0000  copying file ./Payload/Any.app/Frameworks/CountryPickerView.framework/CountryPickerView_CountryPickerView.bundle/Images/PS.png ... 
2026-05-26 09:48:39 +0000  633 bytes for ./Payload/Any.app/Frameworks/CountryPickerView.framework/CountryPickerView_CountryPickerView.bundle/Images/PS.png
2026-05-26 09:48:39 +0000  copying file ./Payload/Any.app/Frameworks/CountryPickerView.framework/CountryPickerView_CountryPickerView.bundle/Images/PF.png ... 
2026-05-26 09:48:39 +0000  1261 bytes for ./Payload/Any.app/Frameworks/CountryPickerView.framework/CountryPickerView_CountryPickerView.bundle/Images/PF.png
2026-05-26 09:48:39 +0000  copying file ./Payload/Any.app/Frameworks/CountryPickerView.framework/CountryPickerView_CountryPickerView.bundle/Images/SJ.png ... 
2026-05-26 09:48:39 +0000  806 bytes for ./Payload/Any.app/Frameworks/CountryPickerView.framework/CountryPickerView_CountryPickerView.bundle/Images/SJ.png
2026-05-26 09:48:39 +0000  copying file ./Payload/Any.app/Frameworks/CountryPickerView.framework/CountryPickerView_CountryPickerView.bundle/Images/ID.png ... 
2026-05-26 09:48:39 +0000  320 bytes for ./Payload/Any.app/Frameworks/CountryPickerView.framework/CountryPickerView_CountryPickerView.bundle/Images/ID.png
2026-05-26 09:48:39 +0000  copying file ./Payload/Any.app/Frameworks/CountryPickerView.framework/CountryPickerView_CountryPickerView.bundle/Images/IS.png ... 
2026-05-26 09:48:39 +0000  499 bytes for ./Payload/Any.app/Frameworks/CountryPickerView.framework/CountryPickerView_CountryPickerView.bundle/Images/IS.png
2026-05-26 09:48:39 +0000  copying file ./Payload/Any.app/Frameworks/CountryPickerView.framework/CountryPickerView_CountryPickerView.bundle/Images/EG.png ... 
2026-05-26 09:48:39 +0000  741 bytes for ./Payload/Any.app/Frameworks/CountryPickerView.framework/CountryPickerView_CountryPickerView.bundle/Images/EG.png
2026-05-26 09:48:39 +0000  copying file ./Payload/Any.app/Frameworks/CountryPickerView.framework/CountryPickerView_CountryPickerView.bundle/Images/FK.png ... 
2026-05-26 09:48:39 +0000  2586 bytes for ./Payload/Any.app/Frameworks/CountryPickerView.framework/CountryPickerView_CountryPickerView.bundle/Images/FK.png
2026-05-26 09:48:39 +0000  copying file ./Payload/Any.app/Frameworks/CountryPickerView.framework/CountryPickerView_CountryPickerView.bundle/Images/FJ.png ... 
2026-05-26 09:48:39 +0000  2452 bytes for ./Payload/Any.app/Frameworks/CountryPickerView.framework/CountryPickerView_CountryPickerView.bundle/Images/FJ.png
2026-05-26 09:48:39 +0000  copying file ./Payload/Any.app/Frameworks/CountryPickerView.framework/CountryPickerView_CountryPickerView.bundle/Images/GN.png ... 
2026-05-26 09:48:39 +0000  338 bytes for ./Payload/Any.app/Frameworks/CountryPickerView.framework/CountryPickerView_CountryPickerView.bundle/Images/GN.png
2026-05-26 09:48:39 +0000  copying file ./Payload/Any.app/Frameworks/CountryPickerView.framework/CountryPickerView_CountryPickerView.bundle/Images/GY.png ... 
2026-05-26 09:48:39 +0000  1862 bytes for ./Payload/Any.app/Frameworks/CountryPickerView.framework/CountryPickerView_CountryPickerView.bundle/Images/GY.png
2026-05-26 09:48:39 +0000  copying file ./Payload/Any.app/Frameworks/CountryPickerView.framework/CountryPickerView_CountryPickerView.bundle/Images/IR.png ... 
2026-05-26 09:48:39 +0000  1423 bytes for ./Payload/Any.app/Frameworks/CountryPickerView.framework/CountryPickerView_CountryPickerView.bundle/Images/IR.png
2026-05-26 09:48:39 +0000  copying file ./Payload/Any.app/Frameworks/CountryPickerView.framework/CountryPickerView_CountryPickerView.bundle/Images/KM.png ... 
2026-05-26 09:48:39 +0000  1512 bytes for ./Payload/Any.app/Frameworks/CountryPickerView.framework/CountryPickerView_CountryPickerView.bundle/Images/KM.png
2026-05-26 09:48:39 +0000  copying file ./Payload/Any.app/Frameworks/CountryPickerView.framework/CountryPickerView_CountryPickerView.bundle/Images/IE.png ... 
2026-05-26 09:48:39 +0000  337 bytes for ./Payload/Any.app/Frameworks/CountryPickerView.framework/CountryPickerView_CountryPickerView.bundle/Images/IE.png
2026-05-26 09:48:39 +0000  copying file ./Payload/Any.app/Frameworks/CountryPickerView.framework/CountryPickerView_CountryPickerView.bundle/Images/KZ.png ... 
2026-05-26 09:48:39 +0000  2135 bytes for ./Payload/Any.app/Frameworks/CountryPickerView.framework/CountryPickerView_CountryPickerView.bundle/Images/KZ.png
2026-05-26 09:48:39 +0000  copying file ./Payload/Any.app/Frameworks/CountryPickerView.framework/CountryPickerView_CountryPickerView.bundle/Images/RO.png ... 
2026-05-26 09:48:39 +0000  343 bytes for ./Payload/Any.app/Frameworks/CountryPickerView.framework/CountryPickerView_CountryPickerView.bundle/Images/RO.png
2026-05-26 09:48:39 +0000  copying file ./Payload/Any.app/Frameworks/CountryPickerView.framework/CountryPickerView_CountryPickerView.bundle/Images/SK.png ... 
2026-05-26 09:48:39 +0000  1426 bytes for ./Payload/Any.app/Frameworks/CountryPickerView.framework/CountryPickerView_CountryPickerView.bundle/Images/SK.png
2026-05-26 09:48:39 +0000  copying file ./Payload/Any.app/Frameworks/CountryPickerView.framework/CountryPickerView_CountryPickerView.bundle/Images/PG.png ... 
2026-05-26 09:48:39 +0000  1262 bytes for ./Payload/Any.app/Frameworks/CountryPickerView.framework/CountryPickerView_CountryPickerView.bundle/Images/PG.png
2026-05-26 09:48:39 +0000  copying file ./Payload/Any.app/Frameworks/CountryPickerView.framework/CountryPickerView_CountryPickerView.bundle/Images/PT.png ... 
2026-05-26 09:48:39 +0000  1251 bytes for ./Payload/Any.app/Frameworks/CountryPickerView.framework/CountryPickerView_CountryPickerView.bundle/Images/PT.png
2026-05-26 09:48:39 +0000  copying file ./Payload/Any.app/Frameworks/CountryPickerView.framework/CountryPickerView_CountryPickerView.bundle/Images/SO.png ... 
2026-05-26 09:48:39 +0000  775 bytes for ./Payload/Any.app/Frameworks/CountryPickerView.framework/CountryPickerView_CountryPickerView.bundle/Images/SO.png
2026-05-26 09:48:39 +0000  copying file ./Payload/Any.app/Frameworks/CountryPickerView.framework/CountryPickerView_CountryPickerView.bundle/Images/SX.png ... 
2026-05-26 09:48:39 +0000  1263 bytes for ./Payload/Any.app/Frameworks/CountryPickerView.framework/CountryPickerView_CountryPickerView.bundle/Images/SX.png
2026-05-26 09:48:39 +0000  copying file ./Payload/Any.app/Frameworks/CountryPickerView.framework/CountryPickerView_CountryPickerView.bundle/Images/HR.png ... 
2026-05-26 09:48:39 +0000  1525 bytes for ./Payload/Any.app/Frameworks/CountryPickerView.framework/CountryPickerView_CountryPickerView.bundle/Images/HR.png
2026-05-26 09:48:39 +0000  copying file ./Payload/Any.app/Frameworks/CountryPickerView.framework/CountryPickerView_CountryPickerView.bundle/Images/KI.png ... 
2026-05-26 09:48:39 +0000  2370 bytes for ./Payload/Any.app/Frameworks/CountryPickerView.framework/CountryPickerView_CountryPickerView.bundle/Images/KI.png
2026-05-26 09:48:39 +0000  copying file ./Payload/Any.app/Frameworks/CountryPickerView.framework/CountryPickerView_CountryPickerView.bundle/Images/JM.png ... 
2026-05-26 09:48:39 +0000  840 bytes for ./Payload/Any.app/Frameworks/CountryPickerView.framework/CountryPickerView_CountryPickerView.bundle/Images/JM.png
2026-05-26 09:48:39 +0000  copying file ./Payload/Any.app/Frameworks/CountryPickerView.framework/CountryPickerView_CountryPickerView.bundle/Images/FX.png ... 
2026-05-26 09:48:39 +0000  337 bytes for ./Payload/Any.app/Frameworks/CountryPickerView.framework/CountryPickerView_CountryPickerView.bundle/Images/FX.png
2026-05-26 09:48:39 +0000  copying file ./Payload/Any.app/Frameworks/CountryPickerView.framework/CountryPickerView_CountryPickerView.bundle/Images/EC.png ... 
2026-05-26 09:48:39 +0000  1878 bytes for ./Payload/Any.app/Frameworks/CountryPickerView.framework/CountryPickerView_CountryPickerView.bundle/Images/EC.png
2026-05-26 09:48:39 +0000  copying file ./Payload/Any.app/Frameworks/CountryPickerView.framework/CountryPickerView_CountryPickerView.bundle/Images/ET.png ... 
2026-05-26 09:48:39 +0000  1320 bytes for ./Payload/Any.app/Frameworks/CountryPickerView.framework/CountryPickerView_CountryPickerView.bundle/Images/ET.png
2026-05-26 09:48:39 +0000  copying file ./Payload/Any.app/Frameworks/CountryPickerView.framework/CountryPickerView_CountryPickerView.bundle/Images/FO.png ... 
2026-05-26 09:48:39 +0000  623 bytes for ./Payload/Any.app/Frameworks/CountryPickerView.framework/CountryPickerView_CountryPickerView.bundle/Images/FO.png
2026-05-26 09:48:39 +0000  copying file ./Payload/Any.app/Frameworks/CountryPickerView.framework/CountryPickerView_CountryPickerView.bundle/Images/KH.png ... 
2026-05-26 09:48:39 +0000  1258 bytes for ./Payload/Any.app/Frameworks/CountryPickerView.framework/CountryPickerView_CountryPickerView.bundle/Images/KH.png
2026-05-26 09:48:39 +0000  copying file ./Payload/Any.app/Frameworks/CountryPickerView.framework/CountryPickerView_CountryPickerView.bundle/Images/SY.png ... 
2026-05-26 09:48:39 +0000  684 bytes for ./Payload/Any.app/Frameworks/CountryPickerView.framework/CountryPickerView_CountryPickerView.bundle/Images/SY.png
2026-05-26 09:48:39 +0000  copying file ./Payload/Any.app/Frameworks/CountryPickerView.framework/CountryPickerView_CountryPickerView.bundle/Images/SN.png ... 
2026-05-26 09:48:39 +0000  638 bytes for ./Payload/Any.app/Frameworks/CountryPickerView.framework/CountryPickerView_CountryPickerView.bundle/Images/SN.png
2026-05-26 09:48:39 +0000  copying file ./Payload/Any.app/Frameworks/CountryPickerView.framework/CountryPickerView_CountryPickerView.bundle/Images/PW.png ... 
2026-05-26 09:48:39 +0000  864 bytes for ./Payload/Any.app/Frameworks/CountryPickerView.framework/CountryPickerView_CountryPickerView.bundle/Images/PW.png
2026-05-26 09:48:39 +0000  copying file ./Payload/Any.app/Frameworks/CountryPickerView.framework/CountryPickerView_CountryPickerView.bundle/Images/SL.png ... 
2026-05-26 09:48:39 +0000  350 bytes for ./Payload/Any.app/Frameworks/CountryPickerView.framework/CountryPickerView_CountryPickerView.bundle/Images/SL.png
2026-05-26 09:48:39 +0000  copying file ./Payload/Any.app/Frameworks/CountryPickerView.framework/CountryPickerView_CountryPickerView.bundle/Images/FM.png ... 
2026-05-26 09:48:39 +0000  866 bytes for ./Payload/Any.app/Frameworks/CountryPickerView.framework/CountryPickerView_CountryPickerView.bundle/Images/FM.png
2026-05-26 09:48:39 +0000  copying file ./Payload/Any.app/Frameworks/CountryPickerView.framework/CountryPickerView_CountryPickerView.bundle/Images/GI.png ... 
2026-05-26 09:48:39 +0000  1452 bytes for ./Payload/Any.app/Frameworks/CountryPickerView.framework/CountryPickerView_CountryPickerView.bundle/Images/GI.png
2026-05-26 09:48:39 +0000  copying file ./Payload/Any.app/Frameworks/CountryPickerView.framework/CountryPickerView_CountryPickerView.bundle/Images/DE.png ... 
2026-05-26 09:48:39 +0000  374 bytes for ./Payload/Any.app/Frameworks/CountryPickerView.framework/CountryPickerView_CountryPickerView.bundle/Images/DE.png
2026-05-26 09:48:39 +0000  copying file ./Payload/Any.app/Frameworks/CountryPickerView.framework/CountryPickerView_CountryPickerView.bundle/Images/GH.png ... 
2026-05-26 09:48:39 +0000  1046 bytes for ./Payload/Any.app/Frameworks/CountryPickerView.framework/CountryPickerView_CountryPickerView.bundle/Images/GH.png
2026-05-26 09:48:39 +0000  copying file ./Payload/Any.app/Frameworks/CountryPickerView.framework/CountryPickerView_CountryPickerView.bundle/Images/JO.png ... 
2026-05-26 09:48:39 +0000  754 bytes for ./Payload/Any.app/Frameworks/CountryPickerView.framework/CountryPickerView_CountryPickerView.bundle/Images/JO.png
2026-05-26 09:48:39 +0000  copying file ./Payload/Any.app/Frameworks/CountryPickerView.framework/CountryPickerView_CountryPickerView.bundle/Images/IT.png ... 
2026-05-26 09:48:39 +0000  321 bytes for ./Payload/Any.app/Frameworks/CountryPickerView.framework/CountryPickerView_CountryPickerView.bundle/Images/IT.png
2026-05-26 09:48:39 +0000  copying file ./Payload/Any.app/Frameworks/CountryPickerView.framework/CountryPickerView_CountryPickerView.bundle/Images/PA.png ... 
2026-05-26 09:48:39 +0000  1008 bytes for ./Payload/Any.app/Frameworks/CountryPickerView.framework/CountryPickerView_CountryPickerView.bundle/Images/PA.png
2026-05-26 09:48:39 +0000  copying file ./Payload/Any.app/Frameworks/CountryPickerView.framework/CountryPickerView_CountryPickerView.bundle/Images/SZ.png ... 
2026-05-26 09:48:39 +0000  1529 bytes for ./Payload/Any.app/Frameworks/CountryPickerView.framework/CountryPickerView_CountryPickerView.bundle/Images/SZ.png
2026-05-26 09:48:39 +0000  copying file ./Payload/Any.app/Frameworks/CountryPickerView.framework/CountryPickerView_CountryPickerView.bundle/Images/SM.png ... 
2026-05-26 09:48:39 +0000  1382 bytes for ./Payload/Any.app/Frameworks/CountryPickerView.framework/CountryPickerView_CountryPickerView.bundle/Images/SM.png
2026-05-26 09:48:39 +0000  copying file ./Payload/Any.app/Frameworks/CountryPickerView.framework/CountryPickerView_CountryPickerView.bundle/Images/TN.png ... 
2026-05-26 09:48:39 +0000  1025 bytes for ./Payload/Any.app/Frameworks/CountryPickerView.framework/CountryPickerView_CountryPickerView.bundle/Images/TN.png
2026-05-26 09:48:39 +0000  copying file ./Payload/Any.app/Frameworks/CountryPickerView.framework/CountryPickerView_CountryPickerView.bundle/Images/ML.png ... 
2026-05-26 09:48:39 +0000  337 bytes for ./Payload/Any.app/Frameworks/CountryPickerView.framework/CountryPickerView_CountryPickerView.bundle/Images/ML.png
2026-05-26 09:48:39 +0000  copying file ./Payload/Any.app/Frameworks/CountryPickerView.framework/CountryPickerView_CountryPickerView.bundle/Images/CG.png ... 
2026-05-26 09:48:39 +0000  515 bytes for ./Payload/Any.app/Frameworks/CountryPickerView.framework/CountryPickerView_CountryPickerView.bundle/Images/CG.png
2026-05-26 09:48:39 +0000  copying file ./Payload/Any.app/Frameworks/CountryPickerView.framework/CountryPickerView_CountryPickerView.bundle/Images/AX.png ... 
2026-05-26 09:48:39 +0000  564 bytes for ./Payload/Any.app/Frameworks/CountryPickerView.framework/CountryPickerView_CountryPickerView.bundle/Images/AX.png
2026-05-26 09:48:39 +0000  copying file ./Payload/Any.app/Frameworks/CountryPickerView.framework/CountryPickerView_CountryPickerView.bundle/Images/AO.png ... 
2026-05-26 09:48:39 +0000  1035 bytes for ./Payload/Any.app/Frameworks/CountryPickerView.framework/CountryPickerView_CountryPickerView.bundle/Images/AO.png
2026-05-26 09:48:39 +0000  copying file ./Payload/Any.app/Frameworks/CountryPickerView.framework/CountryPickerView_CountryPickerView.bundle/Images/BT.png ... 
2026-05-26 09:48:39 +0000  2049 bytes for ./Payload/Any.app/Frameworks/CountryPickerView.framework/CountryPickerView_CountryPickerView.bundle/Images/BT.png
2026-05-26 09:48:39 +0000  copying file ./Payload/Any.app/Frameworks/CountryPickerView.framework/CountryPickerView_CountryPickerView.bundle/Images/BB.png ... 
2026-05-26 09:48:39 +0000  937 bytes for ./Payload/Any.app/Frameworks/CountryPickerView.framework/CountryPickerView_CountryPickerView.bundle/Images/BB.png
2026-05-26 09:48:39 +0000  copying file ./Payload/Any.app/Frameworks/CountryPickerView.framework/CountryPickerView_CountryPickerView.bundle/Images/CF.png ... 
2026-05-26 09:48:39 +0000  683 bytes for ./Payload/Any.app/Frameworks/CountryPickerView.framework/CountryPickerView_CountryPickerView.bundle/Images/CF.png
2026-05-26 09:48:39 +0000  copying file ./Payload/Any.app/Frameworks/CountryPickerView.framework/CountryPickerView_CountryPickerView.bundle/Images/MM.png ... 
2026-05-26 09:48:39 +0000  1049 bytes for ./Payload/Any.app/Frameworks/CountryPickerView.framework/CountryPickerView_CountryPickerView.bundle/Images/MM.png
2026-05-26 09:48:39 +0000  copying file ./Payload/Any.app/Frameworks/CountryPickerView.framework/CountryPickerView_CountryPickerView.bundle/Images/LI.png ... 
2026-05-26 09:48:39 +0000  985 bytes for ./Payload/Any.app/Frameworks/CountryPickerView.framework/CountryPickerView_CountryPickerView.bundle/Images/LI.png
2026-05-26 09:48:39 +0000  copying file ./Payload/Any.app/Frameworks/CountryPickerView.framework/CountryPickerView_CountryPickerView.bundle/Images/NA.png ... 
2026-05-26 09:48:39 +0000  1953 bytes for ./Payload/Any.app/Frameworks/CountryPickerView.framework/CountryPickerView_CountryPickerView.bundle/Images/NA.png
2026-05-26 09:48:39 +0000  copying file ./Payload/Any.app/Frameworks/CountryPickerView.framework/CountryPickerView_CountryPickerView.bundle/Images/MZ.png ... 
2026-05-26 09:48:39 +0000  1073 bytes for ./Payload/Any.app/Frameworks/CountryPickerView.framework/CountryPickerView_CountryPickerView.bundle/Images/MZ.png
2026-05-26 09:48:39 +0000  copying file ./Payload/Any.app/Frameworks/CountryPickerView.framework/CountryPickerView_CountryPickerView.bundle/Images/TO.png ... 
2026-05-26 09:48:39 +0000  662 bytes for ./Payload/Any.app/Frameworks/CountryPickerView.framework/CountryPickerView_CountryPickerView.bundle/Images/TO.png
2026-05-26 09:48:39 +0000  copying file ./Payload/Any.app/Frameworks/CountryPickerView.framework/CountryPickerView_CountryPickerView.bundle/Images/VG.png ... 
2026-05-26 09:48:39 +0000  2233 bytes for ./Payload/Any.app/Frameworks/CountryPickerView.framework/CountryPickerView_CountryPickerView.bundle/Images/VG.png
2026-05-26 09:48:39 +0000  copying file ./Payload/Any.app/Frameworks/CountryPickerView.framework/CountryPickerView_CountryPickerView.bundle/Images/VE.png ... 
2026-05-26 09:48:39 +0000  662 bytes for ./Payload/Any.app/Frameworks/CountryPickerView.framework/CountryPickerView_CountryPickerView.bundle/Images/VE.png
2026-05-26 09:48:39 +0000  copying file ./Payload/Any.app/Frameworks/CountryPickerView.framework/CountryPickerView_CountryPickerView.bundle/Images/TZ.png ... 
2026-05-26 09:48:39 +0000  767 bytes for ./Payload/Any.app/Frameworks/CountryPickerView.framework/CountryPickerView_CountryPickerView.bundle/Images/TZ.png
2026-05-26 09:48:39 +0000  copying file ./Payload/Any.app/Frameworks/CountryPickerView.framework/CountryPickerView_CountryPickerView.bundle/Images/TM.png ... 
2026-05-26 09:48:39 +0000  1454 bytes for ./Payload/Any.app/Frameworks/CountryPickerView.framework/CountryPickerView_CountryPickerView.bundle/Images/TM.png
2026-05-26 09:48:39 +0000  copying file ./Payload/Any.app/Frameworks/CountryPickerView.framework/CountryPickerView_CountryPickerView.bundle/Images/MX.png ... 
2026-05-26 09:48:39 +0000  1276 bytes for ./Payload/Any.app/Frameworks/CountryPickerView.framework/CountryPickerView_CountryPickerView.bundle/Images/MX.png
2026-05-26 09:48:39 +0000  copying file ./Payload/Any.app/Frameworks/CountryPickerView.framework/CountryPickerView_CountryPickerView.bundle/Images/NC.png ... 
2026-05-26 09:48:39 +0000  321 bytes for ./Payload/Any.app/Frameworks/CountryPickerView.framework/CountryPickerView_CountryPickerView.bundle/Images/NC.png
2026-05-26 09:48:39 +0000  copying file ./Payload/Any.app/Frameworks/CountryPickerView.framework/CountryPickerView_CountryPickerView.bundle/Images/MO.png ... 
2026-05-26 09:48:39 +0000  1188 bytes for ./Payload/Any.app/Frameworks/CountryPickerView.framework/CountryPickerView_CountryPickerView.bundle/Images/MO.png
2026-05-26 09:48:39 +0000  copying file ./Payload/Any.app/Frameworks/CountryPickerView.framework/CountryPickerView_CountryPickerView.bundle/Images/LK.png ... 
2026-05-26 09:48:39 +0000  734 bytes for ./Payload/Any.app/Frameworks/CountryPickerView.framework/CountryPickerView_CountryPickerView.bundle/Images/LK.png
2026-05-26 09:48:39 +0000  copying file ./Payload/Any.app/Frameworks/CountryPickerView.framework/CountryPickerView_CountryPickerView.bundle/Images/CD.png ... 
2026-05-26 09:48:39 +0000  1186 bytes for ./Payload/Any.app/Frameworks/CountryPickerView.framework/CountryPickerView_CountryPickerView.bundle/Images/CD.png
2026-05-26 09:48:39 +0000  copying file ./Payload/Any.app/Frameworks/CountryPickerView.framework/CountryPickerView_CountryPickerView.bundle/Images/AL.png ... 
2026-05-26 09:48:39 +0000  1286 bytes for ./Payload/Any.app/Frameworks/CountryPickerView.framework/CountryPickerView_CountryPickerView.bundle/Images/AL.png
2026-05-26 09:48:39 +0000  copying file ./Payload/Any.app/Frameworks/CountryPickerView.framework/CountryPickerView_CountryPickerView.bundle/Images/BW.png ... 
2026-05-26 09:48:39 +0000  355 bytes for ./Payload/Any.app/Frameworks/CountryPickerView.framework/CountryPickerView_CountryPickerView.bundle/Images/BW.png
2026-05-26 09:48:39 +0000  copying file ./Payload/Any.app/Frameworks/CountryPickerView.framework/CountryPickerView_CountryPickerView.bundle/Images/CR.png ... 
2026-05-26 09:48:39 +0000  393 bytes for ./Payload/Any.app/Frameworks/CountryPickerView.framework/CountryPickerView_CountryPickerView.bundle/Images/CR.png
2026-05-26 09:48:39 +0000  copying file ./Payload/Any.app/Frameworks/CountryPickerView.framework/CountryPickerView_CountryPickerView.bundle/Images/BV.png ... 
2026-05-26 09:48:39 +0000  836 bytes for ./Payload/Any.app/Frameworks/CountryPickerView.framework/CountryPickerView_CountryPickerView.bundle/Images/BV.png
2026-05-26 09:48:39 +0000  copying file ./Payload/Any.app/Frameworks/CountryPickerView.framework/CountryPickerView_CountryPickerView.bundle/Images/AM.png ... 
2026-05-26 09:48:39 +0000  342 bytes for ./Payload/Any.app/Frameworks/CountryPickerView.framework/CountryPickerView_CountryPickerView.bundle/Images/AM.png
2026-05-26 09:48:39 +0000  copying file ./Payload/Any.app/Frameworks/CountryPickerView.framework/CountryPickerView_CountryPickerView.bundle/Images/AZ.png ... 
2026-05-26 09:48:39 +0000  1212 bytes for ./Payload/Any.app/Frameworks/CountryPickerView.framework/CountryPickerView_CountryPickerView.bundle/Images/AZ.png
2026-05-26 09:48:39 +0000  copying file ./Payload/Any.app/Frameworks/CountryPickerView.framework/CountryPickerView_CountryPickerView.bundle/Images/BA.png ... 
2026-05-26 09:48:39 +0000  1426 bytes for ./Payload/Any.app/Frameworks/CountryPickerView.framework/CountryPickerView_CountryPickerView.bundle/Images/BA.png
2026-05-26 09:48:39 +0000  copying file ./Payload/Any.app/Frameworks/CountryPickerView.framework/CountryPickerView_CountryPickerView.bundle/Images/MN.png ... 
2026-05-26 09:48:39 +0000  928 bytes for ./Payload/Any.app/Frameworks/CountryPickerView.framework/CountryPickerView_CountryPickerView.bundle/Images/MN.png
2026-05-26 09:48:39 +0000  copying file ./Payload/Any.app/Frameworks/CountryPickerView.framework/CountryPickerView_CountryPickerView.bundle/Images/NU.png ... 
2026-05-26 09:48:39 +0000  2347 bytes for ./Payload/Any.app/Frameworks/CountryPickerView.framework/CountryPickerView_CountryPickerView.bundle/Images/NU.png
2026-05-26 09:48:39 +0000  copying file ./Payload/Any.app/Frameworks/CountryPickerView.framework/CountryPickerView_CountryPickerView.bundle/Images/MY.png ... 
2026-05-26 09:48:39 +0000  1011 bytes for ./Payload/Any.app/Frameworks/CountryPickerView.framework/CountryPickerView_CountryPickerView.bundle/Images/MY.png
2026-05-26 09:48:39 +0000  copying file ./Payload/Any.app/Frameworks/CountryPickerView.framework/CountryPickerView_CountryPickerView.bundle/Images/TL.png ... 
2026-05-26 09:48:39 +0000  1406 bytes for ./Payload/Any.app/Frameworks/CountryPickerView.framework/CountryPickerView_CountryPickerView.bundle/Images/TL.png
2026-05-26 09:48:39 +0000  copying file ./Payload/Any.app/Frameworks/CountryPickerView.framework/CountryPickerView_CountryPickerView.bundle/Images/WS.png ... 
2026-05-26 09:48:39 +0000  681 bytes for ./Payload/Any.app/Frameworks/CountryPickerView.framework/CountryPickerView_CountryPickerView.bundle/Images/WS.png
2026-05-26 09:48:39 +0000  copying file ./Payload/Any.app/Frameworks/CountryPickerView.framework/CountryPickerView_CountryPickerView.bundle/Images/TH.png ... 
2026-05-26 09:48:39 +0000  388 bytes for ./Payload/Any.app/Frameworks/CountryPickerView.framework/CountryPickerView_CountryPickerView.bundle/Images/TH.png
2026-05-26 09:48:39 +0000  copying file ./Payload/Any.app/Frameworks/CountryPickerView.framework/CountryPickerView_CountryPickerView.bundle/Images/XK.png ... 
2026-05-26 09:48:39 +0000  2221 bytes for ./Payload/Any.app/Frameworks/CountryPickerView.framework/CountryPickerView_CountryPickerView.bundle/Images/XK.png
2026-05-26 09:48:39 +0000  copying file ./Payload/Any.app/Frameworks/CountryPickerView.framework/CountryPickerView_CountryPickerView.bundle/Images/NF.png ... 
2026-05-26 09:48:39 +0000  1061 bytes for ./Payload/Any.app/Frameworks/CountryPickerView.framework/CountryPickerView_CountryPickerView.bundle/Images/NF.png
2026-05-26 09:48:39 +0000  copying file ./Payload/Any.app/Frameworks/CountryPickerView.framework/CountryPickerView_CountryPickerView.bundle/Images/LY.png ... 
2026-05-26 09:48:39 +0000  534 bytes for ./Payload/Any.app/Frameworks/CountryPickerView.framework/CountryPickerView_CountryPickerView.bundle/Images/LY.png
2026-05-26 09:48:39 +0000  copying file ./Payload/Any.app/Frameworks/CountryPickerView.framework/CountryPickerView_CountryPickerView.bundle/Images/AI.png ... 
2026-05-26 09:48:39 +0000  1980 bytes for ./Payload/Any.app/Frameworks/CountryPickerView.framework/CountryPickerView_CountryPickerView.bundle/Images/AI.png
2026-05-26 09:48:39 +0000  copying file ./Payload/Any.app/Frameworks/CountryPickerView.framework/CountryPickerView_CountryPickerView.bundle/Images/BR.png ... 
2026-05-26 09:48:39 +0000  2146 bytes for ./Payload/Any.app/Frameworks/CountryPickerView.framework/CountryPickerView_CountryPickerView.bundle/Images/BR.png
2026-05-26 09:48:39 +0000  copying file ./Payload/Any.app/Frameworks/CountryPickerView.framework/CountryPickerView_CountryPickerView.bundle/Images/CV.png ... 
2026-05-26 09:48:39 +0000  1215 bytes for ./Payload/Any.app/Frameworks/CountryPickerView.framework/CountryPickerView_CountryPickerView.bundle/Images/CV.png
2026-05-26 09:48:39 +0000  copying file ./Payload/Any.app/Frameworks/CountryPickerView.framework/CountryPickerView_CountryPickerView.bundle/Images/BE.png ... 
2026-05-26 09:48:39 +0000  346 bytes for ./Payload/Any.app/Frameworks/CountryPickerView.framework/CountryPickerView_CountryPickerView.bundle/Images/BE.png
2026-05-26 09:48:39 +0000  copying file ./Payload/Any.app/Frameworks/CountryPickerView.framework/CountryPickerView_CountryPickerView.bundle/Images/CA.png ... 
2026-05-26 09:48:39 +0000  837 bytes for ./Payload/Any.app/Frameworks/CountryPickerView.framework/CountryPickerView_CountryPickerView.bundle/Images/CA.png
2026-05-26 09:48:39 +0000  copying file ./Payload/Any.app/Frameworks/CountryPickerView.framework/CountryPickerView_CountryPickerView.bundle/Images/BD.png ... 
2026-05-26 09:48:39 +0000  655 bytes for ./Payload/Any.app/Frameworks/CountryPickerView.framework/CountryPickerView_CountryPickerView.bundle/Images/BD.png
2026-05-26 09:48:39 +0000  copying file ./Payload/Any.app/Frameworks/CountryPickerView.framework/CountryPickerView_CountryPickerView.bundle/Images/CW.png ... 
2026-05-26 09:48:39 +0000  633 bytes for ./Payload/Any.app/Frameworks/CountryPickerView.framework/CountryPickerView_CountryPickerView.bundle/Images/CW.png
2026-05-26 09:48:39 +0000  copying file ./Payload/Any.app/Frameworks/CountryPickerView.framework/CountryPickerView_CountryPickerView.bundle/Images/BS.png ... 
2026-05-26 09:48:39 +0000  984 bytes for ./Payload/Any.app/Frameworks/CountryPickerView.framework/CountryPickerView_CountryPickerView.bundle/Images/BS.png
2026-05-26 09:48:39 +0000  copying file ./Payload/Any.app/Frameworks/CountryPickerView.framework/CountryPickerView_CountryPickerView.bundle/Images/NG.png ... 
2026-05-26 09:48:39 +0000  324 bytes for ./Payload/Any.app/Frameworks/CountryPickerView.framework/CountryPickerView_CountryPickerView.bundle/Images/NG.png
2026-05-26 09:48:39 +0000  copying file ./Payload/Any.app/Frameworks/CountryPickerView.framework/CountryPickerView_CountryPickerView.bundle/Images/MK.png ... 
2026-05-26 09:48:39 +0000  1604 bytes for ./Payload/Any.app/Frameworks/CountryPickerView.framework/CountryPickerView_CountryPickerView.bundle/Images/MK.png
2026-05-26 09:48:39 +0000  copying file ./Payload/Any.app/Frameworks/CountryPickerView.framework/CountryPickerView_CountryPickerView.bundle/Images/NP.png ... 
2026-05-26 09:48:39 +0000  1611 bytes for ./Payload/Any.app/Frameworks/CountryPickerView.framework/CountryPickerView_CountryPickerView.bundle/Images/NP.png
2026-05-26 09:48:39 +0000  copying file ./Payload/Any.app/Frameworks/CountryPickerView.framework/CountryPickerView_CountryPickerView.bundle/Images/VA.png ... 
2026-05-26 09:48:39 +0000  1249 bytes for ./Payload/Any.app/Frameworks/CountryPickerView.framework/CountryPickerView_CountryPickerView.bundle/Images/VA.png
2026-05-26 09:48:39 +0000  copying file ./Payload/Any.app/Frameworks/CountryPickerView.framework/CountryPickerView_CountryPickerView.bundle/Images/UZ.png ... 
2026-05-26 09:48:39 +0000  963 bytes for ./Payload/Any.app/Frameworks/CountryPickerView.framework/CountryPickerView_CountryPickerView.bundle/Images/UZ.png
2026-05-26 09:48:39 +0000  copying file ./Payload/Any.app/Frameworks/CountryPickerView.framework/CountryPickerView_CountryPickerView.bundle/Images/UM.png ... 
2026-05-26 09:48:39 +0000  1405 bytes for ./Payload/Any.app/Frameworks/CountryPickerView.framework/CountryPickerView_CountryPickerView.bundle/Images/UM.png
2026-05-26 09:48:39 +0000  copying file ./Payload/Any.app/Frameworks/CountryPickerView.framework/CountryPickerView_CountryPickerView.bundle/Images/TK.png ... 
2026-05-26 09:48:39 +0000  1493 bytes for ./Payload/Any.app/Frameworks/CountryPickerView.framework/CountryPickerView_CountryPickerView.bundle/Images/TK.png
2026-05-26 09:48:39 +0000  copying file ./Payload/Any.app/Frameworks/CountryPickerView.framework/CountryPickerView_CountryPickerView.bundle/Images/VC.png ... 
2026-05-26 09:48:39 +0000  938 bytes for ./Payload/Any.app/Frameworks/CountryPickerView.framework/CountryPickerView_CountryPickerView.bundle/Images/VC.png
2026-05-26 09:48:39 +0000  copying file ./Payload/Any.app/Frameworks/CountryPickerView.framework/CountryPickerView_CountryPickerView.bundle/Images/ZW.png ... 
2026-05-26 09:48:39 +0000  1471 bytes for ./Payload/Any.app/Frameworks/CountryPickerView.framework/CountryPickerView_CountryPickerView.bundle/Images/ZW.png
2026-05-26 09:48:39 +0000  copying file ./Payload/Any.app/Frameworks/CountryPickerView.framework/CountryPickerView_CountryPickerView.bundle/Images/NR.png ... 
2026-05-26 09:48:39 +0000  817 bytes for ./Payload/Any.app/Frameworks/CountryPickerView.framework/CountryPickerView_CountryPickerView.bundle/Images/NR.png
2026-05-26 09:48:39 +0000  copying file ./Payload/Any.app/Frameworks/CountryPickerView.framework/CountryPickerView_CountryPickerView.bundle/Images/NE.png ... 
2026-05-26 09:48:39 +0000  732 bytes for ./Payload/Any.app/Frameworks/CountryPickerView.framework/CountryPickerView_CountryPickerView.bundle/Images/NE.png
2026-05-26 09:48:39 +0000  copying file ./Payload/Any.app/Frameworks/CountryPickerView.framework/CountryPickerView_CountryPickerView.bundle/Images/CU.png ... 
2026-05-26 09:48:39 +0000  1396 bytes for ./Payload/Any.app/Frameworks/CountryPickerView.framework/CountryPickerView_CountryPickerView.bundle/Images/CU.png
2026-05-26 09:48:39 +0000  copying file ./Payload/Any.app/Frameworks/CountryPickerView.framework/CountryPickerView_CountryPickerView.bundle/Images/BQ.png ... 
2026-05-26 09:48:39 +0000  377 bytes for ./Payload/Any.app/Frameworks/CountryPickerView.framework/CountryPickerView_CountryPickerView.bundle/Images/BQ.png
2026-05-26 09:48:39 +0000  copying file ./Payload/Any.app/Frameworks/CountryPickerView.framework/CountryPickerView_CountryPickerView.bundle/Images/BF.png ... 
2026-05-26 09:48:39 +0000  892 bytes for ./Payload/Any.app/Frameworks/CountryPickerView.framework/CountryPickerView_CountryPickerView.bundle/Images/BF.png
2026-05-26 09:48:39 +0000  copying file ./Payload/Any.app/Frameworks/CountryPickerView.framework/CountryPickerView_CountryPickerView.bundle/Images/BG.png ... 
2026-05-26 09:48:39 +0000  353 bytes for ./Payload/Any.app/Frameworks/CountryPickerView.framework/CountryPickerView_CountryPickerView.bundle/Images/BG.png
2026-05-26 09:48:39 +0000  copying file ./Payload/Any.app/Frameworks/CountryPickerView.framework/CountryPickerView_CountryPickerView.bundle/Images/CC.png ... 
2026-05-26 09:48:39 +0000  2351 bytes for ./Payload/Any.app/Frameworks/CountryPickerView.framework/CountryPickerView_CountryPickerView.bundle/Images/CC.png
2026-05-26 09:48:39 +0000  copying file ./Payload/Any.app/Frameworks/CountryPickerView.framework/CountryPickerView_CountryPickerView.bundle/Images/MH.png ... 
2026-05-26 09:48:39 +0000  2133 bytes for ./Payload/Any.app/Frameworks/CountryPickerView.framework/CountryPickerView_CountryPickerView.bundle/Images/MH.png
2026-05-26 09:48:39 +0000  copying file ./Payload/Any.app/Frameworks/CountryPickerView.framework/CountryPickerView_CountryPickerView.bundle/Images/ZA.png ... 
2026-05-26 09:48:39 +0000  1635 bytes for ./Payload/Any.app/Frameworks/CountryPickerView.framework/CountryPickerView_CountryPickerView.bundle/Images/ZA.png
2026-05-26 09:48:39 +0000  copying file ./Payload/Any.app/Frameworks/CountryPickerView.framework/CountryPickerView_CountryPickerView.bundle/Images/UY.png ... 
2026-05-26 09:48:39 +0000  1143 bytes for ./Payload/Any.app/Frameworks/CountryPickerView.framework/CountryPickerView_CountryPickerView.bundle/Images/UY.png
2026-05-26 09:48:39 +0000  copying file ./Payload/Any.app/Frameworks/CountryPickerView.framework/CountryPickerView_CountryPickerView.bundle/Images/WF.png ... 
2026-05-26 09:48:39 +0000  337 bytes for ./Payload/Any.app/Frameworks/CountryPickerView.framework/CountryPickerView_CountryPickerView.bundle/Images/WF.png
2026-05-26 09:48:39 +0000  copying file ./Payload/Any.app/Frameworks/CountryPickerView.framework/CountryPickerView_CountryPickerView.bundle/Images/VU.png ... 
2026-05-26 09:48:39 +0000  1376 bytes for ./Payload/Any.app/Frameworks/CountryPickerView.framework/CountryPickerView_CountryPickerView.bundle/Images/VU.png
2026-05-26 09:48:39 +0000  copying file ./Payload/Any.app/Frameworks/CountryPickerView.framework/CountryPickerView_CountryPickerView.bundle/Images/TJ.png ... 
2026-05-26 09:48:39 +0000  919 bytes for ./Payload/Any.app/Frameworks/CountryPickerView.framework/CountryPickerView_CountryPickerView.bundle/Images/TJ.png
2026-05-26 09:48:39 +0000  copying file ./Payload/Any.app/Frameworks/CountryPickerView.framework/CountryPickerView_CountryPickerView.bundle/Data/CountryCodes.json ... 
2026-05-26 09:48:39 +0000  14959 bytes for ./Payload/Any.app/Frameworks/CountryPickerView.framework/CountryPickerView_CountryPickerView.bundle/Data/CountryCodes.json
2026-05-26 09:48:39 +0000  copying file ./Payload/Any.app/Frameworks/CountryPickerView.framework/CountryPickerView_CountryPickerView.bundle/Info.plist ... 
2026-05-26 09:48:39 +0000  817 bytes for ./Payload/Any.app/Frameworks/CountryPickerView.framework/CountryPickerView_CountryPickerView.bundle/Info.plist
2026-05-26 09:48:39 +0000  copying file ./Payload/Any.app/Frameworks/CountryPickerView.framework/Info.plist ... 
2026-05-26 09:48:39 +0000  806 bytes for ./Payload/Any.app/Frameworks/CountryPickerView.framework/Info.plist
2026-05-26 09:48:39 +0000  copying file ./Payload/Any.app/Frameworks/Cosmos.framework/_CodeSignature/CodeResources ... 
2026-05-26 09:48:39 +0000  2296 bytes for ./Payload/Any.app/Frameworks/Cosmos.framework/_CodeSignature/CodeResources
2026-05-26 09:48:39 +0000  copying file ./Payload/Any.app/Frameworks/Cosmos.framework/Cosmos ... 
2026-05-26 09:48:39 +0000  243920 bytes for ./Payload/Any.app/Frameworks/Cosmos.framework/Cosmos
2026-05-26 09:48:39 +0000  copying file ./Payload/Any.app/Frameworks/Cosmos.framework/Cosmos.bundle/PrivacyInfo.xcprivacy ... 
2026-05-26 09:48:39 +0000  373 bytes for ./Payload/Any.app/Frameworks/Cosmos.framework/Cosmos.bundle/PrivacyInfo.xcprivacy
2026-05-26 09:48:39 +0000  copying file ./Payload/Any.app/Frameworks/Cosmos.framework/Cosmos.bundle/Info.plist ... 
2026-05-26 09:48:39 +0000  758 bytes for ./Payload/Any.app/Frameworks/Cosmos.framework/Cosmos.bundle/Info.plist
2026-05-26 09:48:39 +0000  copying file ./Payload/Any.app/Frameworks/Cosmos.framework/Info.plist ... 
2026-05-26 09:48:39 +0000  783 bytes for ./Payload/Any.app/Frameworks/Cosmos.framework/Info.plist
2026-05-26 09:48:39 +0000  copying file ./Payload/Any.app/Frameworks/FirebaseInstallations.framework/_CodeSignature/CodeResources ... 
2026-05-26 09:48:39 +0000  2388 bytes for ./Payload/Any.app/Frameworks/FirebaseInstallations.framework/_CodeSignature/CodeResources
2026-05-26 09:48:39 +0000  copying file ./Payload/Any.app/Frameworks/FirebaseInstallations.framework/FirebaseInstallations ... 
2026-05-26 09:48:39 +0000  256464 bytes for ./Payload/Any.app/Frameworks/FirebaseInstallations.framework/FirebaseInstallations
2026-05-26 09:48:39 +0000  copying file ./Payload/Any.app/Frameworks/FirebaseInstallations.framework/FirebaseInstallations_Privacy.bundle/PrivacyInfo.xcprivacy ... 
2026-05-26 09:48:39 +0000  1105 bytes for ./Payload/Any.app/Frameworks/FirebaseInstallations.framework/FirebaseInstallations_Privacy.bundle/PrivacyInfo.xcprivacy
2026-05-26 09:48:39 +0000  copying file ./Payload/Any.app/Frameworks/FirebaseInstallations.framework/FirebaseInstallations_Privacy.bundle/Info.plist ... 
2026-05-26 09:48:39 +0000  806 bytes for ./Payload/Any.app/Frameworks/FirebaseInstallations.framework/FirebaseInstallations_Privacy.bundle/Info.plist
2026-05-26 09:48:39 +0000  copying file ./Payload/Any.app/Frameworks/FirebaseInstallations.framework/Info.plist ... 
2026-05-26 09:48:39 +0000  815 bytes for ./Payload/Any.app/Frameworks/FirebaseInstallations.framework/Info.plist
2026-05-26 09:48:39 +0000  copying file ./Payload/Any.app/Frameworks/Alamofire.framework/_CodeSignature/CodeResources ... 
2026-05-26 09:48:39 +0000  2308 bytes for ./Payload/Any.app/Frameworks/Alamofire.framework/_CodeSignature/CodeResources
2026-05-26 09:48:39 +0000  copying file ./Payload/Any.app/Frameworks/Alamofire.framework/Alamofire ... 
2026-05-26 09:48:39 +0000  2784896 bytes for ./Payload/Any.app/Frameworks/Alamofire.framework/Alamofire
2026-05-26 09:48:39 +0000  copying file ./Payload/Any.app/Frameworks/Alamofire.framework/Alamofire.bundle/PrivacyInfo.xcprivacy ... 
600 bytes for ./Payload/Any.app/Frameworks/Alamofire.framework/Alamofire.bundle/PrivacyInfo.xcprivacy
copying file ./Payload/Any.app/Frameworks/Alamofire.framework/Alamofire.bundle/Info.plist ... 
764 bytes for ./Payload/Any.app/Frameworks/Alamofire.framework/Alamofire.bundle/Info.plist
copying file ./Payload/Any.app/Frameworks/Alamofire.framework/Info.plist ... 
789 bytes for ./Payload/Any.app/Frameworks/Alamofire.framework/Info.plist
2026-05-26 09:48:39 +0000  copying file ./Payload/Any.app/Frameworks/SDWebImage.framework/_CodeSignature/CodeResources ... 
2026-05-26 09:48:39 +0000  1798 bytes for ./Payload/Any.app/Frameworks/SDWebImage.framework/_CodeSignature/CodeResources
2026-05-26 09:48:39 +0000  copying file ./Payload/Any.app/Frameworks/SDWebImage.framework/SDWebImage ... 
2026-05-26 09:48:39 +0000  374880 bytes for ./Payload/Any.app/Frameworks/SDWebImage.framework/SDWebImage
2026-05-26 09:48:39 +0000  copying file ./Payload/Any.app/Frameworks/SDWebImage.framework/Info.plist ... 
790 bytes for ./Payload/Any.app/Frameworks/SDWebImage.framework/Info.plist
2026-05-26 09:48:39 +0000  copying file ./Payload/Any.app/Frameworks/libwebp.framework/_CodeSignature/CodeResources ... 
2026-05-26 09:48:39 +0000  1798 bytes for ./Payload/Any.app/Frameworks/libwebp.framework/_CodeSignature/CodeResources
copying file ./Payload/Any.app/Frameworks/libwebp.framework/libwebp ... 
2026-05-26 09:48:39 +0000  636896 bytes for ./Payload/Any.app/Frameworks/libwebp.framework/libwebp
2026-05-26 09:48:39 +0000  copying file ./Payload/Any.app/Frameworks/libwebp.framework/Info.plist ... 
784 bytes for ./Payload/Any.app/Frameworks/libwebp.framework/Info.plist
2026-05-26 09:48:39 +0000  copying file ./Payload/Any.app/JobRequestCell.nib ... 
2026-05-26 09:48:39 +0000  4244 bytes for ./Payload/Any.app/JobRequestCell.nib
copying file ./Payload/Any.app/embedded.mobileprovision ... 
2026-05-26 09:48:39 +0000  23732 bytes for ./Payload/Any.app/embedded.mobileprovision
2026-05-26 09:48:39 +0000  copying file ./Payload/Any.app/Stripe_StripeUICore.bundle/de.lproj/Localizable.strings ... 
2026-05-26 09:48:39 +0000  3186 bytes for ./Payload/Any.app/Stripe_StripeUICore.bundle/de.lproj/Localizable.strings
2026-05-26 09:48:39 +0000  copying file ./Payload/Any.app/Stripe_StripeUICore.bundle/lt-LT.lproj/Localizable.strings ... 
2026-05-26 09:48:39 +0000  3281 bytes for ./Payload/Any.app/Stripe_StripeUICore.bundle/lt-LT.lproj/Localizable.strings
2026-05-26 09:48:39 +0000  copying file ./Payload/Any.app/Stripe_StripeUICore.bundle/zh-Hans.lproj/Localizable.strings ... 
2026-05-26 09:48:39 +0000  2904 bytes for ./Payload/Any.app/Stripe_StripeUICore.bundle/zh-Hans.lproj/Localizable.strings
2026-05-26 09:48:39 +0000  copying file ./Payload/Any.app/Stripe_StripeUICore.bundle/ja.lproj/Localizable.strings ... 
2026-05-26 09:48:39 +0000  3395 bytes for ./Payload/Any.app/Stripe_StripeUICore.bundle/ja.lproj/Localizable.strings
2026-05-26 09:48:39 +0000  copying file ./Payload/Any.app/Stripe_StripeUICore.bundle/el-GR.lproj/Localizable.strings ... 
2026-05-26 09:48:39 +0000  4617 bytes for ./Payload/Any.app/Stripe_StripeUICore.bundle/el-GR.lproj/Localizable.strings
2026-05-26 09:48:39 +0000  copying file ./Payload/Any.app/Stripe_StripeUICore.bundle/ms-MY.lproj/Localizable.strings ... 
2026-05-26 09:48:39 +0000  3046 bytes for ./Payload/Any.app/Stripe_StripeUICore.bundle/ms-MY.lproj/Localizable.strings
2026-05-26 09:48:39 +0000  copying file ./Payload/Any.app/Stripe_StripeUICore.bundle/en.lproj/Localizable.strings ... 
2026-05-26 09:48:39 +0000  7646 bytes for ./Payload/Any.app/Stripe_StripeUICore.bundle/en.lproj/Localizable.strings
2026-05-26 09:48:39 +0000  copying file ./Payload/Any.app/Stripe_StripeUICore.bundle/zh-HK.lproj/Localizable.strings ... 
2026-05-26 09:48:39 +0000  2967 bytes for ./Payload/Any.app/Stripe_StripeUICore.bundle/zh-HK.lproj/Localizable.strings
2026-05-26 09:48:39 +0000  copying file ./Payload/Any.app/Stripe_StripeUICore.bundle/mt.lproj/Localizable.strings ... 
2026-05-26 09:48:39 +0000  3303 bytes for ./Payload/Any.app/Stripe_StripeUICore.bundle/mt.lproj/Localizable.strings
2026-05-26 09:48:39 +0000  copying file ./Payload/Any.app/Stripe_StripeUICore.bundle/nb.lproj/Localizable.strings ... 
2026-05-26 09:48:39 +0000  2983 bytes for ./Payload/Any.app/Stripe_StripeUICore.bundle/nb.lproj/Localizable.strings
2026-05-26 09:48:39 +0000  copying file ./Payload/Any.app/Stripe_StripeUICore.bundle/ca-ES.lproj/Localizable.strings ... 
2026-05-26 09:48:39 +0000  3255 bytes for ./Payload/Any.app/Stripe_StripeUICore.bundle/ca-ES.lproj/Localizable.strings
2026-05-26 09:48:39 +0000  copying file ./Payload/Any.app/Stripe_StripeUICore.bundle/en-GB.lproj/Localizable.strings ... 
2026-05-26 09:48:39 +0000  2954 bytes for ./Payload/Any.app/Stripe_StripeUICore.bundle/en-GB.lproj/Localizable.strings
2026-05-26 09:48:39 +0000  copying file ./Payload/Any.app/Stripe_StripeUICore.bundle/es.lproj/Localizable.strings ... 
2026-05-26 09:48:39 +0000  3341 bytes for ./Payload/Any.app/Stripe_StripeUICore.bundle/es.lproj/Localizable.strings
2026-05-26 09:48:39 +0000  copying file ./Payload/Any.app/Stripe_StripeUICore.bundle/da.lproj/Localizable.strings ... 
2026-05-26 09:48:39 +0000  3030 bytes for ./Payload/Any.app/Stripe_StripeUICore.bundle/da.lproj/Localizable.strings
2026-05-26 09:48:39 +0000  copying file ./Payload/Any.app/Stripe_StripeUICore.bundle/es-419.lproj/Localizable.strings ... 
2026-05-26 09:48:39 +0000  3303 bytes for ./Payload/Any.app/Stripe_StripeUICore.bundle/es-419.lproj/Localizable.strings
2026-05-26 09:48:39 +0000  copying file ./Payload/Any.app/Stripe_StripeUICore.bundle/au_becs_bsb.json ... 
2026-05-26 09:48:39 +0000  4246 bytes for ./Payload/Any.app/Stripe_StripeUICore.bundle/au_becs_bsb.json
2026-05-26 09:48:39 +0000  copying file ./Payload/Any.app/Stripe_StripeUICore.bundle/it.lproj/Localizable.strings ... 
2026-05-26 09:48:39 +0000  3178 bytes for ./Payload/Any.app/Stripe_StripeUICore.bundle/it.lproj/Localizable.strings
2026-05-26 09:48:39 +0000  copying file ./Payload/Any.app/Stripe_StripeUICore.bundle/fr-CA.lproj/Localizable.strings ... 
2026-05-26 09:48:39 +0000  3315 bytes for ./Payload/Any.app/Stripe_StripeUICore.bundle/fr-CA.lproj/Localizable.strings
2026-05-26 09:48:39 +0000  copying file ./Payload/Any.app/Stripe_StripeUICore.bundle/bg-BG.lproj/Localizable.strings ... 
2026-05-26 09:48:39 +0000  4290 bytes for ./Payload/Any.app/Stripe_StripeUICore.bundle/bg-BG.lproj/Localizable.strings
2026-05-26 09:48:39 +0000  copying file ./Payload/Any.app/Stripe_StripeUICore.bundle/sv.lproj/Localizable.strings ... 
2026-05-26 09:48:39 +0000  3089 bytes for ./Payload/Any.app/Stripe_StripeUICore.bundle/sv.lproj/Localizable.strings
2026-05-26 09:48:39 +0000  copying file ./Payload/Any.app/Stripe_StripeUICore.bundle/ko.lproj/Localizable.strings ... 
2026-05-26 09:48:39 +0000  3246 bytes for ./Payload/Any.app/Stripe_StripeUICore.bundle/ko.lproj/Localizable.strings
2026-05-26 09:48:39 +0000  copying file ./Payload/Any.app/Stripe_StripeUICore.bundle/fil.lproj/Localizable.strings ... 
2026-05-26 09:48:39 +0000  3212 bytes for ./Payload/Any.app/Stripe_StripeUICore.bundle/fil.lproj/Localizable.strings
2026-05-26 09:48:39 +0000  copying file ./Payload/Any.app/Stripe_StripeUICore.bundle/zh-Hant.lproj/Localizable.strings ... 
2026-05-26 09:48:39 +0000  2873 bytes for ./Payload/Any.app/Stripe_StripeUICore.bundle/zh-Hant.lproj/Localizable.strings
2026-05-26 09:48:39 +0000  copying file ./Payload/Any.app/Stripe_StripeUICore.bundle/ro-RO.lproj/Localizable.strings ... 
2026-05-26 09:48:39 +0000  3299 bytes for ./Payload/Any.app/Stripe_StripeUICore.bundle/ro-RO.lproj/Localizable.strings
2026-05-26 09:48:39 +0000  copying file ./Payload/Any.app/Stripe_StripeUICore.bundle/hu.lproj/Localizable.strings ... 
2026-05-26 09:48:39 +0000  3187 bytes for ./Payload/Any.app/Stripe_StripeUICore.bundle/hu.lproj/Localizable.strings
2026-05-26 09:48:39 +0000  copying file ./Payload/Any.app/Stripe_StripeUICore.bundle/Assets.car ... 
2026-05-26 09:48:39 +0000  44792 bytes for ./Payload/Any.app/Stripe_StripeUICore.bundle/Assets.car
2026-05-26 09:48:39 +0000  copying file ./Payload/Any.app/Stripe_StripeUICore.bundle/tr.lproj/Localizable.strings ... 
2026-05-26 09:48:39 +0000  3053 bytes for ./Payload/Any.app/Stripe_StripeUICore.bundle/tr.lproj/Localizable.strings
2026-05-26 09:48:39 +0000  copying file ./Payload/Any.app/Stripe_StripeUICore.bundle/et-EE.lproj/Localizable.strings ... 
2026-05-26 09:48:39 +0000  3031 bytes for ./Payload/Any.app/Stripe_StripeUICore.bundle/et-EE.lproj/Localizable.strings
2026-05-26 09:48:39 +0000  copying file ./Payload/Any.app/Stripe_StripeUICore.bundle/pt-BR.lproj/Localizable.strings ... 
2026-05-26 09:48:39 +0000  3156 bytes for ./Payload/Any.app/Stripe_StripeUICore.bundle/pt-BR.lproj/Localizable.strings
2026-05-26 09:48:39 +0000  copying file ./Payload/Any.app/Stripe_StripeUICore.bundle/lv-LV.lproj/Localizable.strings ... 
2026-05-26 09:48:39 +0000  3236 bytes for ./Payload/Any.app/Stripe_StripeUICore.bundle/lv-LV.lproj/Localizable.strings
2026-05-26 09:48:39 +0000  copying file ./Payload/Any.app/Stripe_StripeUICore.bundle/vi.lproj/Localizable.strings ... 
2026-05-26 09:48:39 +0000  3509 bytes for ./Payload/Any.app/Stripe_StripeUICore.bundle/vi.lproj/Localizable.strings
2026-05-26 09:48:39 +0000  copying file ./Payload/Any.app/Stripe_StripeUICore.bundle/ru.lproj/Localizable.strings ... 
2026-05-26 09:48:39 +0000  4240 bytes for ./Payload/Any.app/Stripe_StripeUICore.bundle/ru.lproj/Localizable.strings
2026-05-26 09:48:39 +0000  copying file ./Payload/Any.app/Stripe_StripeUICore.bundle/localized_address_data.json ... 
2026-05-26 09:48:39 +0000  23427 bytes for ./Payload/Any.app/Stripe_StripeUICore.bundle/localized_address_data.json
2026-05-26 09:48:39 +0000  copying file ./Payload/Any.app/Stripe_StripeUICore.bundle/cs-CZ.lproj/Localizable.strings ... 
2026-05-26 09:48:39 +0000  3174 bytes for ./Payload/Any.app/Stripe_StripeUICore.bundle/cs-CZ.lproj/Localizable.strings
2026-05-26 09:48:39 +0000  copying file ./Payload/Any.app/Stripe_StripeUICore.bundle/sk-SK.lproj/Localizable.strings ... 
2026-05-26 09:48:39 +0000  3167 bytes for ./Payload/Any.app/Stripe_StripeUICore.bundle/sk-SK.lproj/Localizable.strings
2026-05-26 09:48:39 +0000  copying file ./Payload/Any.app/Stripe_StripeUICore.bundle/sl-SI.lproj/Localizable.strings ... 
2026-05-26 09:48:39 +0000  3204 bytes for ./Payload/Any.app/Stripe_StripeUICore.bundle/sl-SI.lproj/Localizable.strings
2026-05-26 09:48:39 +0000  copying file ./Payload/Any.app/Stripe_StripeUICore.bundle/fr.lproj/Localizable.strings ... 
2026-05-26 09:48:39 +0000  3353 bytes for ./Payload/Any.app/Stripe_StripeUICore.bundle/fr.lproj/Localizable.strings
2026-05-26 09:48:39 +0000  copying file ./Payload/Any.app/Stripe_StripeUICore.bundle/fi.lproj/Localizable.strings ... 
2026-05-26 09:48:39 +0000  3069 bytes for ./Payload/Any.app/Stripe_StripeUICore.bundle/fi.lproj/Localizable.strings
2026-05-26 09:48:39 +0000  copying file ./Payload/Any.app/Stripe_StripeUICore.bundle/id.lproj/Localizable.strings ... 
2026-05-26 09:48:39 +0000  3091 bytes for ./Payload/Any.app/Stripe_StripeUICore.bundle/id.lproj/Localizable.strings
2026-05-26 09:48:39 +0000  copying file ./Payload/Any.app/Stripe_StripeUICore.bundle/nl.lproj/Localizable.strings ... 
2026-05-26 09:48:39 +0000  3081 bytes for ./Payload/Any.app/Stripe_StripeUICore.bundle/nl.lproj/Localizable.strings
2026-05-26 09:48:39 +0000  copying file ./Payload/Any.app/Stripe_StripeUICore.bundle/th.lproj/Localizable.strings ... 
2026-05-26 09:48:39 +0000  4989 bytes for ./Payload/Any.app/Stripe_StripeUICore.bundle/th.lproj/Localizable.strings
2026-05-26 09:48:39 +0000  copying file ./Payload/Any.app/Stripe_StripeUICore.bundle/pl-PL.lproj/Localizable.strings ... 
2026-05-26 09:48:39 +0000  3169 bytes for ./Payload/Any.app/Stripe_StripeUICore.bundle/pl-PL.lproj/Localizable.strings
2026-05-26 09:48:39 +0000  copying file ./Payload/Any.app/Stripe_StripeUICore.bundle/pt-PT.lproj/Localizable.strings ... 
2026-05-26 09:48:39 +0000  3305 bytes for ./Payload/Any.app/Stripe_StripeUICore.bundle/pt-PT.lproj/Localizable.strings
2026-05-26 09:48:39 +0000  copying file ./Payload/Any.app/Stripe_StripeUICore.bundle/Info.plist ... 
2026-05-26 09:48:39 +0000  691 bytes for ./Payload/Any.app/Stripe_StripeUICore.bundle/Info.plist
2026-05-26 09:48:39 +0000  copying file ./Payload/Any.app/Stripe_StripeUICore.bundle/hr.lproj/Localizable.strings ... 
2026-05-26 09:48:39 +0000  3194 bytes for ./Payload/Any.app/Stripe_StripeUICore.bundle/hr.lproj/Localizable.strings
2026-05-26 09:48:39 +0000  copying file ./Payload/Any.app/SubShiftCell.nib ... 
2026-05-26 09:48:39 +0000  10892 bytes for ./Payload/Any.app/SubShiftCell.nib
2026-05-26 09:48:39 +0000  copying file ./Payload/Any.app/Stripe_StripeIdentity.bundle/de.lproj/Localizable.strings ... 
2026-05-26 09:48:39 +0000  8082 bytes for ./Payload/Any.app/Stripe_StripeIdentity.bundle/de.lproj/Localizable.strings
2026-05-26 09:48:39 +0000  copying file ./Payload/Any.app/Stripe_StripeIdentity.bundle/icon_clock@3x.png ... 
2026-05-26 09:48:39 +0000  651 bytes for ./Payload/Any.app/Stripe_StripeIdentity.bundle/icon_clock@3x.png
2026-05-26 09:48:39 +0000  copying file ./Payload/Any.app/Stripe_StripeIdentity.bundle/lt-LT.lproj/Localizable.strings ... 
2026-05-26 09:48:39 +0000  8106 bytes for ./Payload/Any.app/Stripe_StripeIdentity.bundle/lt-LT.lproj/Localizable.strings
2026-05-26 09:48:39 +0000  copying file ./Payload/Any.app/Stripe_StripeIdentity.bundle/zh-Hans.lproj/Localizable.strings ... 
2026-05-26 09:48:39 +0000  6782 bytes for ./Payload/Any.app/Stripe_StripeIdentity.bundle/zh-Hans.lproj/Localizable.strings
2026-05-26 09:48:39 +0000  copying file ./Payload/Any.app/Stripe_StripeIdentity.bundle/ja.lproj/Localizable.strings ... 
2026-05-26 09:48:39 +0000  8678 bytes for ./Payload/Any.app/Stripe_StripeIdentity.bundle/ja.lproj/Localizable.strings
2026-05-26 09:48:39 +0000  copying file ./Payload/Any.app/Stripe_StripeIdentity.bundle/el-GR.lproj/Localizable.strings ... 
2026-05-26 09:48:39 +0000  11636 bytes for ./Payload/Any.app/Stripe_StripeIdentity.bundle/el-GR.lproj/Localizable.strings
2026-05-26 09:48:39 +0000  copying file ./Payload/Any.app/Stripe_StripeIdentity.bundle/ms-MY.lproj/Localizable.strings ... 
2026-05-26 09:48:39 +0000  7696 bytes for ./Payload/Any.app/Stripe_StripeIdentity.bundle/ms-MY.lproj/Localizable.strings
2026-05-26 09:48:39 +0000  copying file ./Payload/Any.app/Stripe_StripeIdentity.bundle/en.lproj/Localizable.strings ... 
2026-05-26 09:48:39 +0000  14614 bytes for ./Payload/Any.app/Stripe_StripeIdentity.bundle/en.lproj/Localizable.strings
2026-05-26 09:48:39 +0000  copying file ./Payload/Any.app/Stripe_StripeIdentity.bundle/zh-HK.lproj/Localizable.strings ... 
2026-05-26 09:48:39 +0000  6697 bytes for ./Payload/Any.app/Stripe_StripeIdentity.bundle/zh-HK.lproj/Localizable.strings
2026-05-26 09:48:39 +0000  copying file ./Payload/Any.app/Stripe_StripeIdentity.bundle/icon_checkmark_92@3x.png ... 
2026-05-26 09:48:39 +0000  2248 bytes for ./Payload/Any.app/Stripe_StripeIdentity.bundle/icon_checkmark_92@3x.png
2026-05-26 09:48:39 +0000  copying file ./Payload/Any.app/Stripe_StripeIdentity.bundle/mt.lproj/Localizable.strings ... 
2026-05-26 09:48:39 +0000  8174 bytes for ./Payload/Any.app/Stripe_StripeIdentity.bundle/mt.lproj/Localizable.strings
2026-05-26 09:48:39 +0000  copying file ./Payload/Any.app/Stripe_StripeIdentity.bundle/nb.lproj/Localizable.strings ... 
2026-05-26 09:48:39 +0000  7338 bytes for ./Payload/Any.app/Stripe_StripeIdentity.bundle/nb.lproj/Localizable.strings
2026-05-26 09:48:39 +0000  copying file ./Payload/Any.app/Stripe_StripeIdentity.bundle/ca-ES.lproj/Localizable.strings ... 
2026-05-26 09:48:39 +0000  8079 bytes for ./Payload/Any.app/Stripe_StripeIdentity.bundle/ca-ES.lproj/Localizable.strings
2026-05-26 09:48:39 +0000  copying file ./Payload/Any.app/Stripe_StripeIdentity.bundle/en-GB.lproj/Localizable.strings ... 
2026-05-26 09:48:39 +0000  7105 bytes for ./Payload/Any.app/Stripe_StripeIdentity.bundle/en-GB.lproj/Localizable.strings
2026-05-26 09:48:39 +0000  copying file ./Payload/Any.app/Stripe_StripeIdentity.bundle/es.lproj/Localizable.strings ... 
2026-05-26 09:48:39 +0000  8120 bytes for ./Payload/Any.app/Stripe_StripeIdentity.bundle/es.lproj/Localizable.strings
2026-05-26 09:48:39 +0000  copying file ./Payload/Any.app/Stripe_StripeIdentity.bundle/da.lproj/Localizable.strings ... 
2026-05-26 09:48:39 +0000  7371 bytes for ./Payload/Any.app/Stripe_StripeIdentity.bundle/da.lproj/Localizable.strings
2026-05-26 09:48:39 +0000  copying file ./Payload/Any.app/Stripe_StripeIdentity.bundle/es-419.lproj/Localizable.strings ... 
2026-05-26 09:48:39 +0000  8156 bytes for ./Payload/Any.app/Stripe_StripeIdentity.bundle/es-419.lproj/Localizable.strings
2026-05-26 09:48:39 +0000  copying file ./Payload/Any.app/Stripe_StripeIdentity.bundle/it.lproj/Localizable.strings ... 
2026-05-26 09:48:39 +0000  8310 bytes for ./Payload/Any.app/Stripe_StripeIdentity.bundle/it.lproj/Localizable.strings
2026-05-26 09:48:39 +0000  copying file ./Payload/Any.app/Stripe_StripeIdentity.bundle/icon_camera_classic@3x.png ... 
2026-05-26 09:48:39 +0000  1184 bytes for ./Payload/Any.app/Stripe_StripeIdentity.bundle/icon_camera_classic@3x.png
2026-05-26 09:48:39 +0000  copying file ./Payload/Any.app/Stripe_StripeIdentity.bundle/fr-CA.lproj/Localizable.strings ... 
2026-05-26 09:48:39 +0000  8349 bytes for ./Payload/Any.app/Stripe_StripeIdentity.bundle/fr-CA.lproj/Localizable.strings
2026-05-26 09:48:39 +0000  copying file ./Payload/Any.app/Stripe_StripeIdentity.bundle/icon_phone@3x.png ... 
2026-05-26 09:48:39 +0000  761 bytes for ./Payload/Any.app/Stripe_StripeIdentity.bundle/icon_phone@3x.png
2026-05-26 09:48:39 +0000  copying file ./Payload/Any.app/Stripe_StripeIdentity.bundle/bg-BG.lproj/Localizable.strings ... 
2026-05-26 09:48:39 +0000  11949 bytes for ./Payload/Any.app/Stripe_StripeIdentity.bundle/bg-BG.lproj/Localizable.strings
2026-05-26 09:48:39 +0000  copying file ./Payload/Any.app/Stripe_StripeIdentity.bundle/sv.lproj/Localizable.strings ... 
2026-05-26 09:48:39 +0000  7507 bytes for ./Payload/Any.app/Stripe_StripeIdentity.bundle/sv.lproj/Localizable.strings
2026-05-26 09:48:39 +0000  copying file ./Payload/Any.app/Stripe_StripeIdentity.bundle/icon_id_front@3x.png ... 
2026-05-26 09:48:39 +0000  10488 bytes for ./Payload/Any.app/Stripe_StripeIdentity.bundle/icon_id_front@3x.png
2026-05-26 09:48:39 +0000  copying file ./Payload/Any.app/Stripe_StripeIdentity.bundle/icon_moved@3x.png ... 
2026-05-26 09:48:39 +0000  923 bytes for ./Payload/Any.app/Stripe_StripeIdentity.bundle/icon_moved@3x.png
2026-05-26 09:48:39 +0000  copying file ./Payload/Any.app/Stripe_StripeIdentity.bundle/icon_camera@3x.png ... 
2026-05-26 09:48:39 +0000  1186 bytes for ./Payload/Any.app/Stripe_StripeIdentity.bundle/icon_camera@3x.png
2026-05-26 09:48:39 +0000  copying file ./Payload/Any.app/Stripe_StripeIdentity.bundle/ko.lproj/Localizable.strings ... 
2026-05-26 09:48:39 +0000  7739 bytes for ./Payload/Any.app/Stripe_StripeIdentity.bundle/ko.lproj/Localizable.strings
2026-05-26 09:48:39 +0000  copying file ./Payload/Any.app/Stripe_StripeIdentity.bundle/icon_add@3x.png ... 
2026-05-26 09:48:39 +0000  388 bytes for ./Payload/Any.app/Stripe_StripeIdentity.bundle/icon_add@3x.png
2026-05-26 09:48:39 +0000  copying file ./Payload/Any.app/Stripe_StripeIdentity.bundle/fil.lproj/Localizable.strings ... 
2026-05-26 09:48:39 +0000  7871 bytes for ./Payload/Any.app/Stripe_StripeIdentity.bundle/fil.lproj/Localizable.strings
2026-05-26 09:48:39 +0000  copying file ./Payload/Any.app/Stripe_StripeIdentity.bundle/zh-Hant.lproj/Localizable.strings ... 
2026-05-26 09:48:39 +0000  3910 bytes for ./Payload/Any.app/Stripe_StripeIdentity.bundle/zh-Hant.lproj/Localizable.strings
2026-05-26 09:48:39 +0000  copying file ./Payload/Any.app/Stripe_StripeIdentity.bundle/icon_warning@3x.png ... 
2026-05-26 09:48:39 +0000  2170 bytes for ./Payload/Any.app/Stripe_StripeIdentity.bundle/icon_warning@3x.png
2026-05-26 09:48:39 +0000  copying file ./Payload/Any.app/Stripe_StripeIdentity.bundle/ro-RO.lproj/Localizable.strings ... 
2026-05-26 09:48:39 +0000  8413 bytes for ./Payload/Any.app/Stripe_StripeIdentity.bundle/ro-RO.lproj/Localizable.strings
2026-05-26 09:48:39 +0000  copying file ./Payload/Any.app/Stripe_StripeIdentity.bundle/hu.lproj/Localizable.strings ... 
2026-05-26 09:48:39 +0000  8140 bytes for ./Payload/Any.app/Stripe_StripeIdentity.bundle/hu.lproj/Localizable.strings
2026-05-26 09:48:39 +0000  copying file ./Payload/Any.app/Stripe_StripeIdentity.bundle/icon_lock@3x.png ... 
2026-05-26 09:48:39 +0000  918 bytes for ./Payload/Any.app/Stripe_StripeIdentity.bundle/icon_lock@3x.png
2026-05-26 09:48:39 +0000  copying file ./Payload/Any.app/Stripe_StripeIdentity.bundle/tr.lproj/Localizable.strings ... 
2026-05-26 09:48:39 +0000  7823 bytes for ./Payload/Any.app/Stripe_StripeIdentity.bundle/tr.lproj/Localizable.strings
2026-05-26 09:48:39 +0000  copying file ./Payload/Any.app/Stripe_StripeIdentity.bundle/icon_warning_92@3x.png ... 
2026-05-26 09:48:39 +0000  3705 bytes for ./Payload/Any.app/Stripe_StripeIdentity.bundle/icon_warning_92@3x.png
2026-05-26 09:48:39 +0000  copying file ./Payload/Any.app/Stripe_StripeIdentity.bundle/et-EE.lproj/Localizable.strings ... 
2026-05-26 09:48:39 +0000  7617 bytes for ./Payload/Any.app/Stripe_StripeIdentity.bundle/et-EE.lproj/Localizable.strings
2026-05-26 09:48:39 +0000  copying file ./Payload/Any.app/Stripe_StripeIdentity.bundle/icon_wallet@3x.png ... 
2026-05-26 09:48:39 +0000  524 bytes for ./Payload/Any.app/Stripe_StripeIdentity.bundle/icon_wallet@3x.png
2026-05-26 09:48:39 +0000  copying file ./Payload/Any.app/Stripe_StripeIdentity.bundle/icon_create_identity_verification@3x.png ... 
2026-05-26 09:48:39 +0000  1389 bytes for ./Payload/Any.app/Stripe_StripeIdentity.bundle/icon_create_identity_verification@3x.png
2026-05-26 09:48:39 +0000  copying file ./Payload/Any.app/Stripe_StripeIdentity.bundle/pt-BR.lproj/Localizable.strings ... 
2026-05-26 09:48:39 +0000  7735 bytes for ./Payload/Any.app/Stripe_StripeIdentity.bundle/pt-BR.lproj/Localizable.strings
2026-05-26 09:48:39 +0000  copying file ./Payload/Any.app/Stripe_StripeIdentity.bundle/lv-LV.lproj/Localizable.strings ... 
2026-05-26 09:48:39 +0000  8363 bytes for ./Payload/Any.app/Stripe_StripeIdentity.bundle/lv-LV.lproj/Localizable.strings
2026-05-26 09:48:39 +0000  copying file ./Payload/Any.app/Stripe_StripeIdentity.bundle/vi.lproj/Localizable.strings ... 
2026-05-26 09:48:39 +0000  8297 bytes for ./Payload/Any.app/Stripe_StripeIdentity.bundle/vi.lproj/Localizable.strings
2026-05-26 09:48:39 +0000  copying file ./Payload/Any.app/Stripe_StripeIdentity.bundle/ru.lproj/Localizable.strings ... 
2026-05-26 09:48:39 +0000  12043 bytes for ./Payload/Any.app/Stripe_StripeIdentity.bundle/ru.lproj/Localizable.strings
2026-05-26 09:48:39 +0000  copying file ./Payload/Any.app/Stripe_StripeIdentity.bundle/cs-CZ.lproj/Localizable.strings ... 
2026-05-26 09:48:39 +0000  8083 bytes for ./Payload/Any.app/Stripe_StripeIdentity.bundle/cs-CZ.lproj/Localizable.strings
2026-05-26 09:48:39 +0000  copying file ./Payload/Any.app/Stripe_StripeIdentity.bundle/sk-SK.lproj/Localizable.strings ... 
2026-05-26 09:48:39 +0000  7971 bytes for ./Payload/Any.app/Stripe_StripeIdentity.bundle/sk-SK.lproj/Localizable.strings
2026-05-26 09:48:39 +0000  copying file ./Payload/Any.app/Stripe_StripeIdentity.bundle/sl-SI.lproj/Localizable.strings ... 
2026-05-26 09:48:39 +0000  8093 bytes for ./Payload/Any.app/Stripe_StripeIdentity.bundle/sl-SI.lproj/Localizable.strings
2026-05-26 09:48:39 +0000  copying file ./Payload/Any.app/Stripe_StripeIdentity.bundle/fr.lproj/Localizable.strings ... 
2026-05-26 09:48:39 +0000  8125 bytes for ./Payload/Any.app/Stripe_StripeIdentity.bundle/fr.lproj/Localizable.strings
2026-05-26 09:48:39 +0000  copying file ./Payload/Any.app/Stripe_StripeIdentity.bundle/fi.lproj/Localizable.strings ... 
2026-05-26 09:48:39 +0000  7562 bytes for ./Payload/Any.app/Stripe_StripeIdentity.bundle/fi.lproj/Localizable.strings
2026-05-26 09:48:39 +0000  copying file ./Payload/Any.app/Stripe_StripeIdentity.bundle/id.lproj/Localizable.strings ... 
2026-05-26 09:48:39 +0000  7489 bytes for ./Payload/Any.app/Stripe_StripeIdentity.bundle/id.lproj/Localizable.strings
2026-05-26 09:48:39 +0000  copying file ./Payload/Any.app/Stripe_StripeIdentity.bundle/nl.lproj/Localizable.strings ... 
2026-05-26 09:48:39 +0000  7636 bytes for ./Payload/Any.app/Stripe_StripeIdentity.bundle/nl.lproj/Localizable.strings
2026-05-26 09:48:39 +0000  copying file ./Payload/Any.app/Stripe_StripeIdentity.bundle/th.lproj/Localizable.strings ... 
2026-05-26 09:48:39 +0000  13262 bytes for ./Payload/Any.app/Stripe_StripeIdentity.bundle/th.lproj/Localizable.strings
2026-05-26 09:48:39 +0000  copying file ./Payload/Any.app/Stripe_StripeIdentity.bundle/pl-PL.lproj/Localizable.strings ... 
2026-05-26 09:48:39 +0000  8157 bytes for ./Payload/Any.app/Stripe_StripeIdentity.bundle/pl-PL.lproj/Localizable.strings
2026-05-26 09:48:39 +0000  copying file ./Payload/Any.app/Stripe_StripeIdentity.bundle/icon_warning2@3x.png ... 
2026-05-26 09:48:39 +0000  905 bytes for ./Payload/Any.app/Stripe_StripeIdentity.bundle/icon_warning2@3x.png
2026-05-26 09:48:39 +0000  copying file ./Payload/Any.app/Stripe_StripeIdentity.bundle/icon_ellipsis@3x.png ... 
2026-05-26 09:48:39 +0000  567 bytes for ./Payload/Any.app/Stripe_StripeIdentity.bundle/icon_ellipsis@3x.png
2026-05-26 09:48:39 +0000  copying file ./Payload/Any.app/Stripe_StripeIdentity.bundle/icon_document@3x.png ... 
2026-05-26 09:48:39 +0000  493 bytes for ./Payload/Any.app/Stripe_StripeIdentity.bundle/icon_document@3x.png
2026-05-26 09:48:39 +0000  copying file ./Payload/Any.app/Stripe_StripeIdentity.bundle/pt-PT.lproj/Localizable.strings ... 
2026-05-26 09:48:39 +0000  8328 bytes for ./Payload/Any.app/Stripe_StripeIdentity.bundle/pt-PT.lproj/Localizable.strings
2026-05-26 09:48:39 +0000  copying file ./Payload/Any.app/Stripe_StripeIdentity.bundle/icon_dispute_protection@3x.png ... 
2026-05-26 09:48:39 +0000  1111 bytes for ./Payload/Any.app/Stripe_StripeIdentity.bundle/icon_dispute_protection@3x.png
2026-05-26 09:48:39 +0000  copying file ./Payload/Any.app/Stripe_StripeIdentity.bundle/icon_checkmark@3x.png ... 
2026-05-26 09:48:39 +0000  518 bytes for ./Payload/Any.app/Stripe_StripeIdentity.bundle/icon_checkmark@3x.png
2026-05-26 09:48:39 +0000  copying file ./Payload/Any.app/Stripe_StripeIdentity.bundle/Info.plist ... 
2026-05-26 09:48:39 +0000  695 bytes for ./Payload/Any.app/Stripe_StripeIdentity.bundle/Info.plist
2026-05-26 09:48:39 +0000  copying file ./Payload/Any.app/Stripe_StripeIdentity.bundle/icon_selfie_warmup@3x.png ... 
2026-05-26 09:48:39 +0000  14256 bytes for ./Payload/Any.app/Stripe_StripeIdentity.bundle/icon_selfie_warmup@3x.png
2026-05-26 09:48:39 +0000  copying file ./Payload/Any.app/Stripe_StripeIdentity.bundle/icon_cloud@3x.png ... 
2026-05-26 09:48:39 +0000  806 bytes for ./Payload/Any.app/Stripe_StripeIdentity.bundle/icon_cloud@3x.png
2026-05-26 09:48:39 +0000  copying file ./Payload/Any.app/Stripe_StripeIdentity.bundle/icon_info@3x.png ... 
2026-05-26 09:48:39 +0000  391 bytes for ./Payload/Any.app/Stripe_StripeIdentity.bundle/icon_info@3x.png
2026-05-26 09:48:39 +0000  copying file ./Payload/Any.app/Stripe_StripeIdentity.bundle/hr.lproj/Localizable.strings ... 
2026-05-26 09:48:39 +0000  7943 bytes for ./Payload/Any.app/Stripe_StripeIdentity.bundle/hr.lproj/Localizable.strings
2026-05-26 09:48:39 +0000  copying file ./Payload/Any.app/ManpowerCell.nib ... 
2026-05-26 09:48:39 +0000  8855 bytes for ./Payload/Any.app/ManpowerCell.nib
2026-05-26 09:48:39 +0000  copying file ./Payload/Any.app/OutletCell.nib ... 
2026-05-26 09:48:39 +0000  6074 bytes for ./Payload/Any.app/OutletCell.nib
2026-05-26 09:48:39 +0000  copying file ./Payload/Any.app/Info.plist ... 
2026-05-26 09:48:39 +0000  2301 bytes for ./Payload/Any.app/Info.plist
2026-05-26 09:48:39 +0000  copying file ./Payload/Any.app/PkgInfo ... 
2026-05-26 09:48:39 +0000  8 bytes for ./Payload/Any.app/PkgInfo
copying file ./Payload/Any.app/ShiftCell.nib ... 
2026-05-26 09:48:39 +0000  12049 bytes for ./Payload/Any.app/ShiftCell.nib
2026-05-26 09:48:39 +0000  /usr/bin/ditto exited with 0
2026-05-26 09:48:39 +0000  Processing step: IDEDistributionAppStoreInformationStep
2026-05-26 09:48:39 +0000  Skipping step: IDEDistributionAppStoreInformationStep because it said so
2026-05-26 09:48:39 +0000  Processing step: IDEDistributionGenerateProcessedDistributionItems
2026-05-26 09:48:40 +0000  IDEDistributionItem init <DVTFilePath:0xb17a271e0:'/var/folders/_m/2_1gbk9x14588s8nzfrq87sc0000gn/T/XcodeDistPipeline.~~~gOKcrU/Root/Payload/Any.app/Frameworks/SwiftyJSON.framework'>
2026-05-26 09:48:40 +0000  IDEDistributionItem init <DVTFilePath:0xb17a27f00:'/var/folders/_m/2_1gbk9x14588s8nzfrq87sc0000gn/T/XcodeDistPipeline.~~~gOKcrU/Root/Payload/Any.app/Frameworks/Cosmos.framework'>
2026-05-26 09:48:40 +0000  IDEDistributionItem init <DVTFilePath:0xb17a274f0:'/var/folders/_m/2_1gbk9x14588s8nzfrq87sc0000gn/T/XcodeDistPipeline.~~~gOKcrU/Root/Payload/Any.app/Frameworks/FirebaseCoreInternal.framework'>
2026-05-26 09:48:40 +0000  IDEDistributionItem init <DVTFilePath:0xb17a273a0:'/var/folders/_m/2_1gbk9x14588s8nzfrq87sc0000gn/T/XcodeDistPipeline.~~~gOKcrU/Root/Payload/Any.app/Frameworks/InputMask.framework'>
2026-05-26 09:48:40 +0000  IDEDistributionItem init <DVTFilePath:0xb17a27800:'/var/folders/_m/2_1gbk9x14588s8nzfrq87sc0000gn/T/XcodeDistPipeline.~~~gOKcrU/Root/Payload/Any.app/Frameworks/FirebaseMessaging.framework'>
2026-05-26 09:48:40 +0000  IDEDistributionItem init <DVTFilePath:0xb17a27250:'/var/folders/_m/2_1gbk9x14588s8nzfrq87sc0000gn/T/XcodeDistPipeline.~~~gOKcrU/Root/Payload/Any.app/Frameworks/SVProgressHUD.framework'>
2026-05-26 09:48:40 +0000  IDEDistributionItem init <DVTFilePath:0xb17a27950:'/var/folders/_m/2_1gbk9x14588s8nzfrq87sc0000gn/T/XcodeDistPipeline.~~~gOKcrU/Root/Payload/Any.app/Frameworks/Alamofire.framework'>
2026-05-26 09:48:40 +0000  IDEDistributionItem init <DVTFilePath:0xb17a27100:'/var/folders/_m/2_1gbk9x14588s8nzfrq87sc0000gn/T/XcodeDistPipeline.~~~gOKcrU/Root/Payload/Any.app/Frameworks/SDWebImage.framework'>
2026-05-26 09:48:40 +0000  IDEDistributionItem init <DVTFilePath:0xb17a26f40:'/var/folders/_m/2_1gbk9x14588s8nzfrq87sc0000gn/T/XcodeDistPipeline.~~~gOKcrU/Root/Payload/Any.app/Frameworks/nanopb.framework'>
2026-05-26 09:48:40 +0000  IDEDistributionItem init <DVTFilePath:0xb17a26fb0:'/var/folders/_m/2_1gbk9x14588s8nzfrq87sc0000gn/T/XcodeDistPipeline.~~~gOKcrU/Root/Payload/Any.app/Frameworks/libwebp.framework'>
2026-05-26 09:48:40 +0000  IDEDistributionItem init <DVTFilePath:0xb17a27410:'/var/folders/_m/2_1gbk9x14588s8nzfrq87sc0000gn/T/XcodeDistPipeline.~~~gOKcrU/Root/Payload/Any.app/Frameworks/GoogleDataTransport.framework'>
2026-05-26 09:48:40 +0000  IDEDistributionItem init <DVTFilePath:0xb17a27e20:'/var/folders/_m/2_1gbk9x14588s8nzfrq87sc0000gn/T/XcodeDistPipeline.~~~gOKcrU/Root/Payload/Any.app/Frameworks/CountryPickerView.framework'>
2026-05-26 09:48:40 +0000  IDEDistributionItem init <DVTFilePath:0xb17a272c0:'/var/folders/_m/2_1gbk9x14588s8nzfrq87sc0000gn/T/XcodeDistPipeline.~~~gOKcrU/Root/Payload/Any.app/Frameworks/RswiftResources.framework'>
2026-05-26 09:48:40 +0000  IDEDistributionItem init <DVTFilePath:0xb17a27720:'/var/folders/_m/2_1gbk9x14588s8nzfrq87sc0000gn/T/XcodeDistPipeline.~~~gOKcrU/Root/Payload/Any.app/Frameworks/OTPFieldView.framework'>
2026-05-26 09:48:40 +0000  IDEDistributionItem init <DVTFilePath:0xb17a279c0:'/var/folders/_m/2_1gbk9x14588s8nzfrq87sc0000gn/T/XcodeDistPipeline.~~~gOKcrU/Root/Payload/Any.app/Frameworks/FBLPromises.framework'>
2026-05-26 09:48:40 +0000  IDEDistributionItem init <DVTFilePath:0xb17a27480:'/var/folders/_m/2_1gbk9x14588s8nzfrq87sc0000gn/T/XcodeDistPipeline.~~~gOKcrU/Root/Payload/Any.app/Frameworks/GoogleUtilities.framework'>
2026-05-26 09:48:40 +0000  IDEDistributionItem init <DVTFilePath:0xb17a278e0:'/var/folders/_m/2_1gbk9x14588s8nzfrq87sc0000gn/T/XcodeDistPipeline.~~~gOKcrU/Root/Payload/Any.app/Frameworks/FirebaseCore.framework'>
2026-05-26 09:48:40 +0000  IDEDistributionItem init <DVTFilePath:0xb25fed580:'/var/folders/_m/2_1gbk9x14588s8nzfrq87sc0000gn/T/XcodeDistPipeline.~~~gOKcrU/Root/Payload/Any.app/Frameworks/IQKeyboardManagerSwift.framework'>
2026-05-26 09:48:40 +0000  IDEDistributionItem init <DVTFilePath:0xb17a27bf0:'/var/folders/_m/2_1gbk9x14588s8nzfrq87sc0000gn/T/XcodeDistPipeline.~~~gOKcrU/Root/Payload/Any.app/Frameworks/DropDown.framework'>
2026-05-26 09:48:40 +0000  IDEDistributionItem init <DVTFilePath:0xb17a27640:'/var/folders/_m/2_1gbk9x14588s8nzfrq87sc0000gn/T/XcodeDistPipeline.~~~gOKcrU/Root/Payload/Any.app/Frameworks/FirebaseInstallations.framework'>
2026-05-26 09:48:40 +0000  IDEDistributionItem init <DVTFilePath:0xb01226220:'/var/folders/_m/2_1gbk9x14588s8nzfrq87sc0000gn/T/XcodeDistPipeline.~~~gOKcrU/Root/Payload/Any.app'>
2026-05-26 09:48:40 +0000  Processing step: IDEDistributionCreateManifestStep
